image_1.jpg,287.50854,423.53262,-125.35507,280.6787,424.20044,-147.28148,281.39294,424.55844,-147.29375,282.1515,424.93127,-147.34798,277.65582,421.40918,-126.35826,276.36295,419.70807,-126.35773,275.19223,418.01562,-126.362045,286.667,417.3192,-196.14108,278.26483,406.61313,-103.23039,295.76843,419.1228,-137.17993,293.51373,415.71304,-110.369995,341.2537,395.54895,-198.71936,303.8901,358.1392,-40.97414,410.18082,412.12436,-206.94943,319.69418,367.3406,68.60828,385.31116,473.64368,-196.00012,295.9261,406.83948,150.81403,380.2906,484.17142,-217.62086,279.8606,406.5147,159.4475,367.31592,480.65408,-209.86296,283.07175,412.0782,145.28795,370.2152,475.65793,-192.99649,292.1967,413.35117,146.67163,433.5413,382.3436,-54.803654,419.36267,364.61606,54.72868,502.75668,372.4261,72.10917,494.71494,361.92102,169.71983,575.1761,353.10315,191.47275,561.0673,350.6305,294.58087,588.8763,343.55576,203.5304,574.49255,343.31372,308.19647,581.75104,381.41962,175.53087,567.532,370.49088,291.05267
image_10.jpg,285.63666,425.56375,-125.0301,280.83264,425.51782,-146.52708,281.6826,425.6224,-146.53723,282.44974,425.67474,-146.59732,277.626,423.01456,-125.2874,276.33502,421.31686,-125.29403,275.07382,419.55484,-125.30313,286.24893,416.72943,-199.84007,276.91473,407.8502,-105.431145,293.35596,420.0271,-139.03519,290.76447,417.56635,-111.76387,334.63257,392.127,-206.42,301.66843,360.2492,-43.550167,408.7992,409.71402,-220.53531,329.33347,372.18658,70.67023,384.98755,471.85977,-220.16699,309.3567,408.26797,152.82748,381.43378,481.0747,-242.65799,300.39288,415.5732,163.77283,367.83392,477.13635,-232.49025,302.91843,421.63443,146.71884,369.4378,473.68625,-216.74315,311.0657,423.07193,147.29788,426.7704,386.7101,-58.219917,411.4902,369.41608,58.14571,498.95557,374.9819,58.907356,488.6717,367.30145,170.95177,572.5187,357.75903,170.44815,554.6258,348.79834,298.5893,585.242,347.43988,181.49208,565.508,341.16718,312.4516,581.7508,384.8462,147.82422,561.63684,372.13892,292.17047
image_11.jpg,289.19067,426.6275,-135.01872,284.51004,426.16202,-154.11937,285.17853,426.11133,-154.13016,285.88495,425.99228,-154.186,282.29526,423.8269,-134.31708,281.35745,422.0777,-134.34492,280.40176,420.15067,-134.37521,289.11588,416.96704,-200.68947,281.30585,408.52267,-112.75349,296.38635,420.83118,-146.94925,293.80133,418.8189,-121.52653,337.97562,391.81238,-202.28746,302.85577,362.61493,-58.36119,409.84393,409.1337,-220.34668,329.05667,373.81573,47.13208,388.2021,470.19867,-231.68877,307.00507,412.05072,123.65022,383.79767,478.79703,-256.35342,300.1077,417.11444,132.01694,371.19388,476.60782,-247.69295,301.89914,424.41025,116.5741,373.38318,473.3942,-229.75543,310.4217,425.90503,118.49933,430.332,388.60477,-51.334274,413.83823,370.26898,51.23633,495.77267,373.2645,79.12391,482.72772,368.59256,172.13907,560.30585,355.9075,202.84973,536.6372,356.78598,309.87048,571.36115,353.08984,215.18057,546.26166,346.15717,325.2887,566.09717,385.8486,185.2178,543.4468,372.973,311.17444
image_12.jpg,284.4212,424.27966,-108.824425,278.17566,425.0009,-129.10068,278.98083,425.36877,-129.12534,279.77448,425.68808,-129.18134,275.622,421.92294,-109.44935,274.82135,419.96753,-109.46748,274.17963,418.01132,-109.507645,285.4824,416.9407,-182.16132,278.33688,406.07367,-94.97779,292.47617,418.67896,-123.01937,291.0275,415.2248,-97.843,337.1597,393.32916,-192.13016,304.85992,356.5959,-42.899178,408.77426,409.51587,-209.26033,328.16473,370.5099,61.44587,388.8106,470.10928,-203.97974,302.68182,407.47592,147.95068,385.9046,480.26825,-224.6818,291.2648,410.49374,159.20683,373.92746,477.60623,-214.67363,292.9491,420.93982,146.2863,376.43378,473.12482,-200.52542,298.27878,419.20258,143.9712,427.9257,389.50632,-46.32578,412.76843,368.4899,46.225163,493.09158,380.02548,78.55457,485.3708,366.20642,161.07932,555.385,367.75623,204.14777,541.7889,352.1976,289.79355,566.7455,360.64642,217.55296,553.5403,345.0431,304.10284,561.90076,381.665,199.96979,549.3307,366.74976,291.79486
image_13.jpg,290.13992,423.5839,-110.44969,284.0403,424.01035,-132.06805,284.5647,424.2384,-132.09535,285.06842,424.37015,-132.15909,281.36923,421.2978,-111.02538,280.13687,419.5789,-111.03032,278.9249,417.7975,-111.046974,287.9094,416.2603,-187.53351,280.1833,406.34122,-93.91036,297.4759,417.98804,-125.45147,295.28552,415.26102,-98.44329,337.05286,396.29227,-202.18677,306.67792,358.46185,-34.458473,406.9589,409.60413,-213.11723,338.09064,368.63422,81.548874,387.19754,470.20624,-192.12787,314.45447,403.31018,182.81293,382.6386,481.03036,-210.35544,308.93082,400.21558,197.88765,370.05527,478.67752,-199.71031,309.66144,407.98544,184.3959,372.79974,474.22308,-187.5098,316.80945,409.6165,179.24193,432.97275,390.56323,-55.937668,419.5828,371.50958,55.804726,506.15088,378.5609,65.70545,493.8055,365.7931,171.69012,577.4707,361.58307,180.01585,556.917,351.05664,299.8838,591.3359,352.6283,191.83038,566.0444,342.64917,313.9732,583.7184,383.2383,165.81987,564.95435,370.1543,300.19788
image_14.jpg,287.03214,429.1039,-153.08356,280.44617,426.43417,-171.36421,280.7974,425.61572,-171.38052,281.20905,424.76337,-171.45801,279.0547,426.40268,-152.29066,278.34286,425.54822,-152.31108,277.48956,424.61273,-152.32321,285.75162,411.32608,-207.52542,279.5305,410.0413,-123.67322,296.59198,422.56998,-160.88794,294.79117,423.35687,-136.66302,341.76297,394.69308,-199.4993,303.10794,369.61044,-56.196003,410.71945,411.5358,-202.83943,334.08646,371.59705,49.69742,384.98538,471.84354,-191.57886,318.06946,397.4659,126.98282,380.93427,482.50803,-209.12479,302.65073,398.00842,135.47105,369.25818,479.97513,-202.45966,304.89154,404.10074,123.4043,372.1521,475.51715,-188.5785,313.32993,405.27902,123.81033,433.62402,384.2723,-52.17541,414.30396,370.84735,52.138184,504.1722,375.25348,38.44567,495.89557,368.73608,138.86012,579.23535,355.8481,125.70876,559.4076,351.44012,238.71555,591.64276,344.96765,134.10378,568.69556,340.48035,249.35086,590.24097,386.1208,103.67041,569.02423,373.2242,233.8427
image_15.jpg,285.4173,420.79303,-153.31805,276.6099,416.58923,-170.13965,276.8842,415.56467,-170.14662,277.1912,414.54352,-170.21248,275.456,416.6158,-150.34158,274.8576,415.6171,-150.35869,274.24615,414.51898,-150.38342,280.7064,401.88818,-207.55476,276.76807,401.07672,-120.16639,294.80093,415.6768,-162.10458,293.45648,416.4027,-136.82669,336.6178,391.75412,-206.52449,304.10394,363.04968,-62.90716,412.32996,410.77066,-221.98499,337.87848,373.59415,46.052395,389.00253,468.2759,-228.44359,319.37915,404.41797,133.2475,385.79614,478.92133,-251.6327,307.36322,408.1124,142.39287,374.88812,476.85736,-246.37091,312.3687,409.99072,128.29984,376.8776,472.63147,-227.52371,320.1128,412.23862,129.25891,433.78638,390.5362,-51.522408,418.5307,374.67972,51.504253,506.24902,374.51767,65.72045,492.10345,365.63043,156.95544,577.85016,356.22772,170.44585,557.04016,349.56628,278.128,593.20197,354.75095,180.22531,571.5864,338.87244,291.6583,580.42175,388.9417,145.75899,559.6907,371.9533,280.6908
image_16.jpg,282.83472,416.1822,-174.03696,275.02344,410.54102,-190.43604,275.4617,409.3665,-190.43866,275.8575,408.18927,-190.50963,273.65872,411.0044,-169.82932,273.11285,410.10132,-169.84877,272.5005,409.14554,-169.876,280.3266,395.00378,-223.05081,276.3428,396.14178,-132.0096,292.9321,411.6031,-180.8065,291.49854,412.88382,-154.57094,337.36578,387.4437,-216.64955,306.14978,362.66202,-66.65789,410.74622,407.2945,-234.80919,329.84665,371.0548,48.384407,389.82822,468.39792,-244.03572,311.21503,402.6072,125.38162,387.41602,478.75583,-267.5675,302.1629,406.60565,132.44472,375.71964,476.75375,-262.63074,304.7431,406.74182,116.61961,377.98264,472.64297,-242.93954,304.62604,408.82806,120.52879,434.8974,392.25238,-53.96866,421.3371,375.40607,53.93257,507.6585,375.88525,61.152153,491.3243,366.7996,160.28242,576.2257,357.32684,164.52219,554.9818,350.39767,281.1052,591.49634,354.7671,173.99733,566.11707,339.414,294.3691,582.99744,388.4694,135.32944,561.8518,373.1854,282.31653
image_17.jpg,277.7506,407.3329,-198.88094,270.22507,400.04092,-214.2156,270.95053,398.2728,-214.2078,271.73822,396.29276,-214.27206,268.41248,402.04156,-192.90802,267.85498,401.84042,-192.95322,267.28723,401.64972,-192.98166,279.22754,382.58096,-238.8695,272.973,390.21155,-144.53708,289.0443,403.7139,-202.65547,286.72116,406.8568,-175.5031,332.44418,381.17783,-234.60672,306.19574,359.01285,-67.96389,408.1393,408.1926,-261.87106,325.95242,370.46027,65.62173,384.81506,473.0918,-274.21124,304.27124,403.86987,162.13174,381.2661,484.8687,-296.7367,296.8982,406.27893,173.68242,368.98575,480.59247,-291.3405,300.70755,407.3037,158.23003,371.57544,476.05743,-272.3614,302.4444,408.34723,158.10155,432.32495,390.35446,-60.01194,417.3773,371.35065,59.876335,509.65793,374.70248,47.52874,496.14413,363.4108,165.77531,583.926,354.88727,145.1966,564.0125,345.68924,285.0445,597.8883,344.73196,154.31744,578.157,337.68634,298.0476,595.92584,389.96698,113.96938,568.12915,367.27875,286.9528
image_18.jpg,279.1589,404.4421,-219.98965,271.69397,397.35776,-234.51683,272.48483,395.3737,-234.50546,273.39136,393.2117,-234.56458,270.02118,399.81683,-213.666,269.58078,399.81885,-213.71658,269.14548,399.8396,-213.74158,281.2532,379.84067,-251.66922,274.90555,388.5733,-159.5438,291.16757,400.32568,-220.71687,288.90262,404.12436,-194.18886,337.29538,380.33044,-240.84781,306.06415,357.80374,-76.126816,411.8121,408.28925,-268.35437,340.00522,371.5469,66.29273,386.34796,470.6691,-287.52112,310.1994,404.34305,165.43594,382.3146,479.44727,-309.54483,300.01837,409.34293,177.54681,370.43307,475.91412,-304.4724,298.97675,411.47006,163.2794,372.8316,472.23907,-285.6958,304.63293,410.3652,162.03682,434.9951,388.3081,-58.07072,420.701,372.24146,57.93186,512.3771,375.13937,52.91356,493.79135,362.9671,196.04585,584.1834,357.5012,145.94373,554.7146,347.0585,338.41553,602.121,351.81845,154.67714,565.5565,340.19034,354.1651,595.1493,382.82562,113.613266,560.66956,365.21875,350.00534
image_19.jpg,276.55878,407.76083,-199.55574,269.85785,399.90146,-213.99973,270.9567,398.28027,-213.99182,272.09457,396.4809,-214.07834,267.213,401.34515,-193.30939,266.44904,400.8607,-193.32996,265.70242,400.3581,-193.34564,280.87946,382.9102,-238.54642,273.29285,387.97913,-147.4231,288.2525,404.9192,-203.56094,284.7745,407.7554,-177.34256,341.0351,381.46658,-226.77544,303.59738,360.00092,-78.452225,409.4638,408.59122,-248.47502,320.30377,373.87613,46.79228,388.14792,471.7261,-261.9908,296.46127,400.78336,136.39128,384.27008,484.2049,-285.26044,286.23688,400.8193,143.8112,372.84317,480.91003,-280.35938,286.49915,404.20618,130.62006,374.22,476.06073,-260.6681,291.94263,403.72516,132.81627,437.60373,390.99435,-53.43916,419.44333,373.01855,53.377285,509.76947,379.12115,51.345676,495.005,363.76703,171.32948,581.3428,371.5301,138.7132,557.98755,349.2894,297.55164,596.70435,369.14297,146.74677,568.5161,340.87796,311.74323,585.5753,401.28278,106.06668,559.94354,363.85858,306.55933
image_2.jpg,287.86807,422.45233,-125.28858,281.06702,423.38852,-146.19745,281.8114,423.7957,-146.2186,282.55566,424.21985,-146.29054,277.92984,420.42447,-126.66768,276.67786,418.67667,-126.65242,275.63452,416.8784,-126.64137,287.36813,416.8582,-191.58075,279.2229,405.74814,-104.41945,295.985,416.96768,-135.93045,293.51834,414.13864,-110.81936,341.48944,391.8485,-192.10721,304.8407,359.1067,-43.718636,409.74033,411.3537,-196.00807,320.58954,365.30698,56.290962,383.4366,474.9623,-173.66179,298.66928,403.6271,129.51064,378.61404,487.97476,-191.11542,279.39578,400.23825,137.69568,366.8704,483.20618,-181.08809,283.00308,406.34518,125.475555,368.5051,478.07645,-168.8855,291.71014,407.60223,125.90109,428.90793,380.90448,-49.881916,416.04825,364.9124,49.789093,499.15894,372.67654,55.79985,494.0381,365.97055,150.41164,575.22,351.87106,154.8105,560.94226,349.16293,255.71234,591.8472,343.2282,164.587,574.18726,340.91968,267.18967,584.8383,378.47025,137.23642,569.47876,369.27112,251.20987
image_20.jpg,276.12314,413.1351,-197.94339,269.0783,405.66315,-214.79617,269.76346,404.1619,-214.80356,270.44742,402.6051,-214.89037,267.46973,406.79266,-193.94104,267.0046,406.068,-193.97432,266.50876,405.2389,-193.9904,278.21942,389.441,-246.59131,273.5003,392.18787,-154.36327,288.0975,409.42456,-204.1553,286.1952,411.4157,-177.6365,335.8931,384.51276,-235.58061,304.98828,359.38785,-83.736946,409.24545,408.4184,-255.30473,331.4256,376.49176,43.105225,387.14325,471.4399,-271.1379,305.54248,404.98416,131.65611,383.33582,481.459,-294.98926,294.20218,408.3863,141.09613,371.59927,478.31607,-288.58096,293.68933,409.58936,126.38123,373.52356,474.7261,-269.33154,299.6659,412.50656,127.71499,429.8589,389.0269,-54.282513,410.39993,375.45786,54.21396,502.13184,372.28143,43.07599,483.06488,366.33743,196.13068,581.65344,361.9812,128.86359,537.4156,351.9647,342.93286,595.0874,354.08154,137.27846,548.7928,341.18616,359.67282,588.4565,382.50076,99.19577,546.9938,363.67905,357.99716
image_21.jpg,277.14917,411.6964,-169.7513,270.06778,404.4304,-186.52481,270.76993,403.0178,-186.52632,271.47855,401.46927,-186.59894,268.56525,405.64273,-164.47035,268.13464,405.08707,-164.494,267.636,404.47592,-164.5189,278.92664,388.52225,-220.54956,273.13086,393.0467,-122.7962,288.4827,408.80664,-177.26045,286.63562,411.02072,-149.08615,334.42084,383.0683,-218.38525,305.40738,362.60812,-58.30757,409.1115,407.52518,-240.36517,323.23206,371.43918,68.41536,387.72934,467.4268,-255.63803,310.20932,401.68683,159.26605,382.34564,478.84183,-280.03217,297.26495,407.5312,167.11981,370.00494,475.81427,-277.3207,302.3672,407.55008,151.4171,372.5461,471.68872,-255.4695,309.2348,409.52164,154.50911,435.7881,392.57376,-57.151123,421.68372,375.44293,57.071754,510.74307,377.2562,56.461174,495.45285,364.91028,163.42828,585.50397,357.27475,159.04955,564.72546,348.00824,285.96756,598.83435,346.797,168.62643,578.54834,339.3123,299.08475,597.0497,389.97284,125.79962,569.58167,366.82062,283.69043
image_22.jpg,273.9617,417.25998,-175.81175,267.89798,410.48828,-193.32553,268.5586,409.406,-193.34164,269.35287,408.35785,-193.42613,266.37473,410.75906,-171.3639,265.87985,409.84567,-171.37642,265.44177,408.93405,-171.38602,276.9367,397.2123,-229.0799,271.93973,397.95645,-131.7325,284.64542,414.56332,-183.62762,283.0329,415.23584,-155.59038,338.5379,386.131,-225.55493,305.47375,362.64636,-60.428146,409.06915,409.49207,-243.15721,330.8271,377.12256,54.34465,386.54636,471.29877,-253.52087,312.36844,406.52557,136.40361,380.04645,481.91266,-278.5755,296.9602,406.59622,145.82527,368.8568,477.8291,-271.50195,296.70398,408.53247,130.53928,371.89423,473.6675,-251.60611,304.27695,411.61987,132.05139,434.4196,390.76328,-57.983345,418.06085,376.62845,57.95765,505.94855,376.62192,46.389343,489.0006,368.28937,176.91536,582.67505,354.74185,137.57623,551.41327,349.31622,305.90823,596.05585,343.13922,145.81738,565.5,340.56064,320.43066,589.95624,387.26508,106.03196,560.5061,372.65555,312.4785
image_23.jpg,273.17975,416.3193,-194.51431,267.15726,412.39975,-213.82068,268.2161,412.16077,-213.81775,269.47006,411.98737,-213.89131,265.3551,411.0554,-193.03735,265.17056,409.73132,-193.0628,265.12402,408.5307,-193.08527,277.8559,404.2765,-252.32756,273.04105,397.66556,-159.98145,283.91983,414.42245,-202.38748,282.55762,412.30942,-175.80844,337.30682,392.77817,-240.99179,302.4451,356.9697,-93.05221,411.99783,409.90695,-254.09439,310.7331,372.02017,39.078083,387.23322,468.3006,-265.28503,286.6774,405.8131,133.46553,381.89438,479.23666,-293.13312,275.89984,409.4014,140.41574,369.73602,476.0511,-290.8502,276.2816,410.79507,121.191414,371.56836,472.34625,-265.99103,280.56104,412.0134,127.54866,430.26218,392.25934,-57.386497,412.25024,373.4218,57.32087,500.28198,375.47754,76.123726,489.05664,366.10278,177.33156,573.077,352.11597,199.37654,554.7584,348.529,317.03577,587.6653,353.21658,211.49805,567.1503,339.8868,332.56915,583.36743,382.68924,174.9766,558.8567,371.72516,315.38824
image_24.jpg,268.48663,409.3934,-174.55232,263.29138,407.7227,-192.86667,264.47205,408.45737,-192.88712,265.74597,409.24155,-192.94818,261.2611,404.416,-174.03088,264.3023,399.1468,-174.05942,263.8837,397.70493,-174.10347,274.77817,403.41605,-229.1316,269.5268,386.57614,-145.78284,280.54376,408.20502,-181.79813,277.5383,402.36588,-157.82901,334.3853,395.7021,-233.46254,303.12073,354.7543,-74.80123,408.34317,407.7109,-245.15286,322.08508,363.92258,56.881905,390.8634,466.86243,-248.71939,294.89148,403.41162,149.76114,386.1789,477.0641,-274.68344,284.06644,410.40506,159.98346,372.76813,475.62006,-270.3322,284.72867,414.49683,142.07419,375.47638,472.203,-247.97528,290.89978,413.46597,144.64314,425.27753,391.36325,-56.099316,410.60138,368.09573,55.90733,492.21417,377.84003,95.90142,479.47635,367.21826,198.89265,560.76105,364.09937,236.70825,534.48535,355.64813,361.00143,573.9355,356.81546,251.56482,552.4927,346.14438,379.3446,564.1379,384.70322,224.67863,539.8586,373.19037,368.22845
image_25.jpg,274.18155,411.43362,-213.78618,269.2537,409.38712,-233.06882,270.55423,409.6483,-233.06512,271.92313,410.03757,-233.12491,266.0837,406.4913,-212.18675,265.5401,404.89502,-212.22623,265.20978,403.49203,-212.24748,279.88925,402.3753,-268.89636,272.2978,393.02182,-176.06392,284.81967,409.55902,-220.54137,283.24908,406.22543,-193.93044,336.53802,391.80707,-261.19296,300.1034,355.33585,-100.9644,408.64395,409.06665,-278.5059,304.6118,376.2631,33.48775,387.25925,470.48215,-296.711,286.0122,407.82404,117.41212,383.54437,480.05276,-326.49982,274.29715,414.4132,123.186844,368.34976,476.37964,-325.35272,275.10205,417.5275,103.70406,371.44263,472.48676,-297.85855,283.31314,415.36267,111.15104,422.7569,389.38013,-60.10945,405.89703,371.0353,59.975693,494.1748,374.47076,69.2096,480.5959,367.85263,191.57713,569.6865,359.39102,187.08235,544.57086,349.9187,341.54492,581.7336,351.7138,198.64166,555.889,342.39352,358.01593,579.5918,381.4497,156.13837,551.9385,367.98877,337.41257
image_26.jpg,579.33966,370.34027,78.50451,587.7156,365.17664,89.850914,587.8437,364.541,89.81032,587.9437,364.07324,89.78961,588.11,364.3737,66.70129,588.6643,362.9344,66.68756,589.2622,361.45853,66.67097,583.5831,355.21924,133.31425,585.9372,351.65564,27.803959,571.69495,367.49738,96.44212,571.81757,366.80518,65.38768,538.28955,328.92685,172.63869,562.6315,344.3976,-46.36125,494.1763,325.87772,202.5235,550.63544,328.7154,-180.5726,469.62888,340.99902,188.28947,570.54236,370.78372,-259.37012,458.49487,339.95197,194.05618,570.0311,367.71933,-282.823,459.63718,342.21082,174.5232,571.55786,368.93488,-259.81287,466.18433,342.31448,179.4523,570.0469,365.9324,-251.71814,441.72083,360.8745,80.255005,449.29755,376.1822,-80.257385,368.33542,403.75494,31.80833,367.97235,407.14032,-106.57249,283.44153,426.07703,18.138657,272.88522,426.54053,-144.72075,265.523,421.74628,12.663773,256.06128,419.64297,-150.66882,283.3008,461.2301,-32.498814,274.95514,462.6923,-210.3747
image_27.jpg,583.99896,365.2637,138.5895,591.0247,361.11288,154.06107,590.8172,360.7277,154.0006,590.5435,360.60318,153.98436,591.62537,360.59317,134.26456,591.9575,359.61368,134.23506,592.28204,358.7996,134.1493,585.029,354.42096,201.01077,588.3393,351.4782,109.62056,575.69336,363.4255,155.27878,576.1268,362.96365,128.28418,538.1726,333.61365,211.08849,564.79315,344.57132,25.4203,488.66278,332.92282,209.7998,530.7704,322.77725,-114.326775,459.51508,357.12372,176.94733,521.8936,358.19458,-206.7909,449.4318,358.78247,176.38084,516.80664,363.65463,-222.62337,452.4991,360.77515,163.58606,520.2145,364.16782,-202.59653,455.7352,361.05838,169.54407,520.85236,362.1652,-200.37718,446.80988,358.53662,67.07618,463.66034,378.94223,-67.14647,367.94406,402.77783,4.370124,370.39868,414.16522,-94.594536,276.8839,425.38403,-56.962494,273.80927,434.75348,-168.98807,259.86993,420.90146,-67.04641,255.02063,428.6972,-176.40637,277.03412,460.21426,-112.059235,274.65207,467.1579,-219.68687
image_28.jpg,582.527,366.84238,158.78642,590.0412,362.36243,180.4249,589.78345,362.2599,180.31822,589.43463,362.4,180.29044,590.4363,360.68665,160.46709,590.57404,359.2268,160.43825,590.6647,357.92886,160.2985,583.143,355.8872,243.09213,585.697,349.99045,151.24258,573.55273,365.66302,179.58046,574.0045,363.84442,152.41838,537.0516,341.45782,242.6395,561.32666,338.08118,64.145424,485.53503,341.07324,229.12004,525.79987,332.95218,-67.821396,452.54105,359.427,185.74503,509.13498,348.0587,-158.51492,441.72705,361.07153,181.70601,501.01965,351.86343,-172.12364,445.3165,362.508,172.36041,503.45334,352.81534,-156.78995,449.3545,362.0362,179.18661,505.35254,352.06708,-153.56421,449.6542,365.3852,60.729248,464.94614,371.2218,-60.738644,374.06104,408.0402,-33.389893,378.4415,407.469,-145.78484,280.1659,427.27164,-140.72885,276.5174,427.9297,-258.9088,262.0941,423.48627,-156.6844,258.3045,420.64258,-270.11716,277.80005,460.12915,-206.23471,273.01907,459.78888,-321.22922
image_29.jpg,580.78314,369.39935,104.77891,588.55176,365.6483,120.930595,588.3802,365.30127,120.829666,588.04004,365.29797,120.78581,589.16345,364.53116,97.5129,589.5261,363.14957,97.500916,589.78577,362.0098,97.431885,583.18396,357.48557,175.44188,586.11743,352.917,68.32638,572.8788,366.84845,124.93801,573.6823,365.3265,93.411194,537.8332,336.03015,204.94144,560.5167,341.5622,-11.302673,491.29666,336.05072,222.95944,525.6211,334.6382,-139.0885,475.92828,350.19354,193.85654,515.01404,349.34848,-224.49316,467.5948,348.14902,192.75125,511.45923,351.8566,-242.74527,473.36267,350.53546,178.24142,515.2361,351.8228,-222.52594,475.7925,351.0976,185.5899,515.5019,350.91925,-217.72911,444.35483,361.17078,72.375786,455.0,372.34943,-72.298775,373.4869,406.10184,-14.017929,375.30005,407.64737,-113.96916,277.78873,425.90936,-61.95599,271.43784,428.55582,-181.5004,260.49554,420.50934,-70.440895,255.00563,422.00067,-188.10518,277.58408,460.9679,-114.66117,271.8837,461.1113,-232.53354
image_3.jpg,285.9194,424.02206,-108.492294,281.13916,425.16846,-127.51584,282.22028,425.43442,-127.527054,283.2759,425.58743,-127.58897,280.8573,419.16812,-111.50142,280.47006,418.27682,-111.50171,280.06412,417.32938,-111.51498,289.06573,416.75204,-169.35532,281.61963,406.44684,-99.03079,294.92834,419.09933,-118.41301,292.85394,416.8717,-97.996895,334.15347,401.52054,-178.01399,303.85983,369.6223,-42.48358,407.31238,412.45435,-178.84596,336.61322,370.51596,42.283806,387.67987,465.5386,-155.41034,313.38254,405.8047,117.110664,384.8825,477.70203,-172.65984,309.21643,404.97867,127.42577,375.01492,475.60416,-163.01689,310.6844,410.4176,117.916626,376.5597,471.58905,-151.19608,317.94412,410.45175,114.86996,417.29614,384.6062,-40.472145,404.15683,366.1876,40.415047,489.3813,381.3464,35.86425,485.8678,366.21997,115.18182,557.5103,366.0493,122.500656,547.63684,353.70084,199.58723,570.37335,358.10196,131.57545,557.5073,348.86298,208.69168,565.55005,383.50104,116.45608,556.41797,372.22156,188.85345
image_30.jpg,584.9626,370.75195,95.045456,591.95953,365.6871,112.74521,591.6475,365.31342,112.65891,591.2252,365.13446,112.64434,592.4914,364.20184,90.25826,592.6391,362.60992,90.2675,592.73895,361.0872,90.2256,585.08795,356.54388,174.8446,588.1675,351.3633,72.85965,576.34784,368.44824,118.19852,576.9093,366.88388,88.24698,538.1127,338.44598,215.88354,562.6715,343.37445,-5.39645,490.07172,341.2208,224.24745,522.7206,330.0464,-102.54018,462.3017,364.37994,174.1301,469.31665,344.4584,-148.32317,448.09158,357.72516,172.20624,457.80093,346.93466,-162.76863,450.12823,360.71713,154.54805,459.58655,349.35324,-143.91469,453.00626,360.28104,163.64647,461.24243,349.64426,-140.81656,445.7637,363.916,74.33773,457.83252,375.67154,-74.29251,368.63876,404.96616,-17.629696,369.7425,408.17282,-107.035355,276.02365,423.6976,-72.83687,272.0386,428.49564,-182.67606,259.51846,419.5537,-81.865,255.23965,422.00485,-191.33667,280.5871,460.83765,-128.91942,277.29092,463.54306,-240.56389
image_31.jpg,582.57886,372.93198,113.50738,590.0585,367.31262,131.06656,589.81006,366.6755,130.95404,589.4495,366.27597,130.91527,590.67163,366.8415,110.75807,590.9351,365.62433,110.753365,591.0988,364.51566,110.672516,583.806,358.47266,188.05862,586.768,355.69443,94.46329,573.71265,370.437,133.87918,574.2228,369.81406,106.20635,535.9525,341.5512,207.23392,562.3518,348.16394,17.009914,485.5121,339.7716,233.34991,526.22894,340.6647,-87.95991,467.10486,349.96756,230.95627,502.68253,364.88925,-141.23502,458.39728,348.23352,232.03001,495.67184,369.55878,-152.03467,464.3115,350.65698,217.93039,497.5629,369.9543,-134.12375,466.74762,351.20676,223.60974,499.25555,368.9711,-134.4615,447.5269,365.62872,62.09497,460.63013,377.69934,-62.09354,372.7971,407.31888,-32.008736,374.94,410.8124,-113.703316,277.026,430.4636,-87.79084,271.50113,432.5161,-186.00554,258.1272,425.2402,-96.46686,255.20773,425.3657,-192.14124,270.479,462.72583,-140.8378,264.2482,462.6167,-233.08875
image_32.jpg,584.7426,369.43863,123.82318,592.4014,365.36923,145.71089,592.19214,365.3816,145.57956,591.9599,365.65887,145.5377,592.83887,363.73907,126.976685,593.0204,362.33444,126.96605,593.20105,361.10284,126.87259,585.78015,359.52887,212.60901,588.08795,352.3726,126.26723,575.5161,368.35757,146.31628,575.8889,366.2049,120.78579,539.0301,339.81805,219.47166,563.39996,343.5638,52.6231,484.67767,340.39346,221.40205,527.0664,334.471,-54.546604,456.36188,359.82816,198.67088,512.92365,354.3584,-110.71059,446.69275,361.50937,196.27989,506.92755,359.93472,-120.406334,449.79938,363.64087,184.15678,510.52823,359.35236,-103.471794,453.2093,363.21005,191.48294,511.73096,357.7759,-104.87541,452.03864,363.8024,57.237297,464.43097,373.498,-57.285103,375.5467,408.56323,-64.0235,380.47592,411.23026,-153.60112,276.0766,427.36188,-164.26813,272.4577,430.54395,-267.19098,258.54626,421.14682,-178.63214,255.30606,422.22742,-278.10138,274.85733,461.78085,-228.31473,270.14948,462.20935,-324.6549
image_33.jpg,584.21326,373.26254,142.25188,591.29816,367.01074,161.79529,590.9693,366.2656,161.6896,590.5005,365.76605,161.65175,592.1398,366.5854,142.1973,592.5355,365.28323,142.19551,592.84204,364.12454,142.1205,584.3875,357.01175,219.91945,588.57416,354.6671,129.58475,575.8595,370.82605,162.03015,576.62195,370.51132,135.30618,535.6631,337.73233,231.73251,563.91425,345.7301,47.670895,486.7998,339.94003,253.4556,535.4424,340.76752,-60.86966,463.4604,357.09998,249.50894,527.8687,367.76758,-100.197586,454.85736,357.57828,251.64606,524.36487,375.02032,-107.92274,458.6195,361.12125,238.24461,528.05756,373.43442,-91.126854,461.47778,361.30295,242.50797,527.9944,370.60526,-93.58395,450.07352,362.179,62.17308,465.3763,375.3242,-62.179726,373.46036,406.5197,-22.060202,377.1538,410.1356,-96.949684,279.24393,425.14487,-102.806206,274.46567,428.79944,-193.6113,261.76022,420.61975,-115.20819,256.9109,422.71207,-203.01231,280.46344,463.7138,-158.77617,276.03894,464.13593,-241.74088
image_34.jpg,581.631,370.58417,132.56529,589.0008,365.27365,151.80846,588.8644,365.03198,151.70428,588.51013,365.08878,151.66736,589.1884,363.9028,130.31767,589.3479,362.49142,130.30537,589.36847,361.31952,130.22493,583.47095,358.38843,212.51335,585.5219,353.687,114.90668,574.6951,368.64413,154.3332,575.0498,367.30267,125.53572,534.9787,339.55606,239.97963,559.695,347.0888,31.551907,482.76666,335.12598,276.73212,519.4222,346.28,-27.043304,485.47733,350.66202,269.71713,531.11975,374.7076,-1.7466651,481.0725,350.52618,271.90576,533.562,381.18234,-3.2032857,489.59082,354.74762,258.81537,537.93304,376.86896,8.47125,491.15463,355.89734,262.50867,536.16156,374.52673,4.7529774,449.44028,360.0187,71.13282,460.7572,373.51544,-71.10503,374.8181,405.15088,-5.1476154,379.31622,413.24585,-102.90638,279.55865,425.89398,-68.270134,277.95956,433.07657,-174.3794,262.59875,420.1076,-78.43102,260.51117,425.0586,-181.24391,279.70483,459.8683,-122.12274,276.118,463.36523,-221.40321
image_35.jpg,587.855,373.30194,135.18803,595.0256,366.99512,153.29263,594.64087,366.1178,153.18777,594.1234,365.53137,153.15773,595.70123,367.5448,131.42996,595.8222,366.759,131.41177,595.8285,366.13736,131.32468,587.71704,357.76013,209.39603,590.6628,357.55557,108.25382,577.88135,370.34222,154.81032,578.8388,370.67877,125.068405,533.952,337.5959,217.77176,567.5367,348.35056,25.091625,486.165,334.6057,225.59914,530.3146,335.08514,-105.88157,465.14502,355.16656,191.23395,518.2319,345.12668,-182.16995,458.13846,353.2641,188.2534,500.40808,347.012,-195.57993,460.1154,355.5759,173.30948,501.65625,349.07693,-177.91704,463.47546,355.5868,182.55785,515.3689,347.14343,-176.30652,444.7618,362.1964,65.189606,462.18613,375.77655,-65.16502,355.46542,401.95425,-20.463581,372.64722,411.24762,-106.889046,275.59924,432.37973,-89.15834,275.95892,432.11896,-189.13756,256.22363,429.8815,-99.58993,256.46368,425.65424,-195.93155,267.113,464.38214,-143.8383,263.0112,462.86432,-232.9944
image_36.jpg,581.51044,377.53793,110.522804,588.8805,371.55133,126.87291,588.5706,370.62866,126.77925,588.1981,369.89908,126.743454,589.5292,371.3622,105.35693,589.7135,370.0161,105.34774,589.8861,368.77206,105.29166,581.85803,358.59424,181.10736,585.8563,358.2763,81.42621,572.9428,374.87354,130.60469,573.94135,374.21396,101.22859,527.9752,340.7967,200.0079,561.1775,351.2249,2.5788188,477.2561,335.82257,233.65991,539.83923,339.6324,-140.82355,464.21246,352.46622,225.46042,556.0644,366.36838,-222.283,463.27487,356.6729,229.72032,557.0337,372.16962,-238.2179,465.4268,359.16113,209.68823,560.56085,371.67273,-215.63593,473.15933,359.15396,216.55257,558.91113,370.02618,-214.54086,436.466,365.6903,69.50735,454.5733,380.63266,-69.54019,358.70038,407.14386,1.730856,378.56448,412.79178,-92.85339,276.65778,434.89215,-37.8087,279.5097,437.35294,-148.22029,262.7064,430.01224,-45.241207,264.82642,430.66818,-152.20287,267.1331,465.10956,-83.51307,263.66898,463.74796,-180.07162
image_37.jpg,581.2756,370.10004,161.49686,588.789,364.39218,175.66719,588.56165,363.36813,175.594,588.26654,362.54535,175.52614,589.99664,365.09674,155.54254,590.6473,364.3067,155.544,591.2185,363.6731,155.44199,583.074,354.07574,214.58978,586.9669,355.22433,122.06101,573.69025,367.5323,175.04498,574.8499,368.30356,147.65292,534.61646,337.84128,219.30548,562.77,347.4126,41.200882,488.761,339.72937,278.55954,536.068,325.54596,-99.267494,487.33466,358.72476,309.92334,551.52106,362.1361,-192.86568,482.96674,358.75912,320.31296,554.20544,369.42825,-204.91199,490.6245,362.08167,306.89584,557.7697,368.72235,-185.61746,491.82532,363.13647,304.81357,556.2161,367.5292,-186.14249,447.2163,363.6273,60.277473,461.36206,378.2392,-60.28665,372.63873,408.7991,-2.2143362,374.12982,412.64505,-78.886604,274.17047,427.93466,-59.9962,273.323,431.30997,-148.97098,258.1692,422.7188,-69.22668,257.3543,424.36435,-154.87352,273.7405,465.67407,-110.32318,272.20993,465.51453,-188.72696
image_4.jpg,284.58582,421.0445,-102.43094,277.64825,422.8282,-123.29808,278.7209,423.54053,-123.33007,279.83792,424.22845,-123.40015,274.5235,419.32733,-104.05132,273.5995,417.58597,-104.04024,272.91537,415.73038,-104.04962,285.60626,417.63947,-174.0342,277.4292,405.53625,-88.31109,293.62344,416.65848,-115.433266,291.2357,412.9372,-90.704254,338.04184,397.8272,-180.56578,304.4375,357.64377,-33.17074,409.34067,411.43527,-189.10138,330.41806,361.66104,70.365135,385.0785,473.90924,-176.73073,307.22427,399.72113,156.3764,378.83002,483.3069,-194.83244,292.2303,397.74777,167.0405,366.92993,480.4554,-184.56094,296.40466,407.15967,154.94566,369.9721,475.74796,-172.54517,302.24368,406.16788,153.03967,432.4032,386.07056,-51.097584,415.79968,369.0398,51.028347,502.79297,371.95508,65.502174,489.4779,365.93927,161.35849,569.094,353.79535,169.2868,551.61755,349.90176,277.6415,586.2529,349.0329,179.75624,560.8454,342.2652,290.7266,578.31433,385.17007,153.40791,557.1654,369.13965,280.07846
image_42.jpg,579.20764,362.77618,157.71478,586.38245,355.30914,172.43536,586.08575,353.55594,172.3987,585.7331,351.71643,172.35078,587.8146,356.79044,152.01088,588.6096,356.04227,152.00125,589.40094,355.25235,151.92487,579.5966,341.0227,212.0946,585.5842,347.0534,118.34805,571.4942,359.80008,171.85431,572.8365,361.66443,144.15387,528.1858,323.95657,223.37723,566.6316,341.57886,28.203505,481.23837,328.09415,255.78223,542.9513,330.597,-114.50456,459.1712,361.47403,264.5981,561.5753,374.87482,-204.038,454.5371,363.66727,274.1639,565.98395,383.7146,-219.0795,458.4125,368.23502,257.49655,569.3486,382.34595,-195.31894,459.67313,368.4387,257.19495,566.5336,379.87543,-195.8735,444.76135,354.2871,69.397415,466.8125,375.01978,-69.48449,370.5083,403.50836,12.199894,375.00513,415.00198,-94.88395,275.045,421.69214,-40.907196,272.8634,435.21463,-164.90207,258.1489,418.78406,-50.135048,254.28073,429.17642,-170.45189,275.69742,454.9712,-91.8357,272.6871,463.9419,-208.16144
image_43.jpg,584.8309,347.99094,49.301826,590.92975,342.3263,58.501022,590.7392,341.67264,58.438168,590.4825,341.05173,58.429382,591.47766,341.38953,41.67328,591.6582,339.95148,41.66359,591.7681,338.45963,41.68381,584.65906,332.43442,96.45481,586.9434,329.65173,18.320484,577.1119,346.13498,64.909225,577.62225,345.8757,42.146797,535.31854,321.9065,115.39198,564.484,332.98267,-24.613354,492.65533,331.89764,168.69286,571.5473,346.8192,-90.210236,467.84637,349.8091,195.21588,581.03503,357.15698,-68.40804,463.5044,350.14127,200.36786,580.3596,363.1566,-73.85792,462.6204,350.58124,185.77528,578.7009,360.0973,-62.237377,463.62057,351.57953,189.3446,575.7167,358.55835,-63.70703,441.95285,361.54086,58.58231,454.59103,379.65442,-58.68802,365.75223,399.72342,11.883072,374.67737,412.0172,-94.94576,281.03088,420.46112,-12.421474,278.29443,432.82098,-130.4088,262.56592,418.0975,-17.771563,259.21375,427.27875,-134.08282,280.6915,457.73273,-55.90873,277.92194,464.5655,-176.09224
image_44.jpg,588.2814,344.12976,51.068462,594.38293,339.17108,60.09333,594.1483,338.76685,60.049088,593.88715,338.38275,60.052666,595.0866,337.93225,42.113873,595.3232,336.52563,42.11819,595.51984,334.94818,42.163223,587.6565,330.55774,99.85423,589.85443,326.09595,15.894165,580.2911,343.35135,67.44835,580.8445,342.72806,43.13391,533.6247,315.96927,128.14047,569.1615,331.5595,-34.220432,496.2288,325.78424,192.05731,582.19965,361.2119,-81.28498,475.5926,342.5379,236.50955,577.97144,357.392,-16.277983,469.9753,341.017,246.34743,580.0731,356.1738,-14.425268,470.46603,343.75403,231.98206,577.4948,352.03732,-6.872224,471.98474,345.2494,231.03148,575.2777,351.62814,-11.665306,443.1313,360.934,63.642025,458.56512,380.3209,-63.782383,365.35278,399.71106,38.75938,372.56628,415.73294,-63.89851,280.0795,420.06433,31.69444,277.51224,436.4615,-90.12723,260.0465,418.13232,28.806221,257.41116,431.70407,-92.934326,281.5686,456.10495,0.00038959962,280.75366,467.41162,-129.47736
image_45.jpg,584.42126,344.9151,77.48081,590.1107,338.85672,85.36438,590.0394,337.82758,85.314415,589.9454,336.81317,85.288315,590.92773,338.91183,67.20229,591.4388,337.87222,67.19891,591.961,336.77994,67.21511,586.025,328.51492,117.232216,589.11847,329.17505,33.756897,577.97284,342.7091,90.97804,578.96234,343.64972,66.5779,539.28394,316.34372,138.45198,567.13635,333.3094,-21.62406,498.35663,333.93732,202.36208,583.01495,364.27393,-113.48625,475.12445,350.2751,259.17798,585.47565,359.6242,-134.31091,470.4326,348.40363,273.61874,590.34924,357.68396,-145.84935,470.64478,349.14758,258.7145,586.7136,353.80627,-130.76057,472.57178,351.1811,254.42888,583.593,354.81567,-129.28328,442.67035,357.5486,57.31058,458.93884,375.94232,-57.399345,364.29706,398.95074,9.305559,371.8407,415.64072,-79.31211,278.16254,420.9948,-20.635069,276.45673,433.22476,-127.684395,259.23618,417.24725,-26.200733,254.20432,426.43054,-133.04425,280.79663,456.695,-65.097496,279.3559,464.7896,-173.8835
image_46.jpg,589.82007,335.03973,33.59571,595.46436,331.77515,45.96014,595.3993,332.04214,45.8959,595.34155,332.33176,45.862576,595.3232,328.89676,28.231068,595.0613,327.07907,28.232708,594.75024,325.18597,28.269815,589.66174,325.46555,103.00205,588.40466,316.50616,21.800005,581.33026,335.6235,56.624702,580.9791,332.56735,32.969776,546.07416,319.03488,156.582,563.728,319.15982,-35.858047,509.855,333.38843,232.8776,561.81134,346.9222,-98.63406,493.52893,342.25543,277.49237,578.15576,353.8065,-85.343285,487.8812,340.23904,291.6409,578.3709,352.72308,-93.019226,491.48962,341.01898,275.93564,577.281,349.33795,-81.650475,493.31528,343.2894,272.01486,576.95197,348.68048,-80.21214,451.6467,359.5539,69.50082,458.91156,370.73276,-69.56162,365.41125,399.77823,46.864223,370.40228,407.2014,-75.180374,278.1336,421.4018,39.554012,269.75198,429.5952,-99.678734,259.1987,419.26065,36.15268,251.36182,426.1139,-102.007,281.18625,457.67114,5.211904,275.9891,463.96365,-141.12921
image_47.jpg,585.8631,329.72046,6.3079453,592.28467,325.61816,15.8482065,592.3843,325.66727,15.812606,592.5092,325.76843,15.791303,592.0361,323.12396,-3.8302746,591.84375,321.261,-3.8479602,591.6159,319.30234,-3.8180351,588.21875,318.52844,67.608795,586.7848,310.61163,-23.464237,578.31665,329.9934,27.674416,577.3907,327.66324,1.16573,544.51953,309.595,125.06767,557.6806,310.19183,-75.07521,541.1573,333.19205,210.70482,559.8339,340.61523,-136.91411,560.0519,339.27414,279.68375,564.8817,351.27676,-97.515976,557.509,337.39594,295.8616,565.1838,350.89117,-100.92627,558.3507,336.49124,289.30835,564.4936,347.87552,-95.455284,556.704,338.3355,277.84464,563.8654,347.15308,-93.71357,442.45224,357.1075,72.49568,447.1045,364.78812,-72.503136,364.635,392.71307,61.25654,368.61182,407.28137,-61.06491,279.46732,418.05707,65.07239,273.13632,428.8872,-63.507694,263.33176,415.1039,62.26066,255.92218,424.52728,-65.32949,282.5479,453.12225,27.48355,278.92795,463.19794,-106.71506
image_48.jpg,584.00275,324.5766,70.735596,590.9317,320.5308,83.72619,590.916,321.057,83.66967,590.8737,321.69824,83.638626,590.9613,317.2414,65.46576,590.8152,315.32468,65.43827,590.54425,313.4177,65.40116,586.5858,316.51187,140.56317,585.1646,305.84113,56.834198,576.41016,326.80655,93.109505,576.01794,323.40726,68.505875,543.76086,321.2003,181.77646,555.01044,305.08826,-1.2861078,519.43164,330.54648,264.17203,552.9477,325.1674,-100.31887,521.8748,324.98166,333.4245,573.2112,347.69516,-128.52615,518.371,320.53793,348.77383,575.4271,349.28937,-135.94087,523.3304,319.4726,344.59125,577.057,346.8682,-126.14137,524.2897,322.26758,333.44458,575.3619,345.5474,-123.68814,446.32538,361.13895,62.990574,452.16843,362.75308,-63.084812,365.85995,400.74597,17.558756,371.3247,405.56384,-80.09148,279.5651,423.54074,-15.648268,275.68637,431.7384,-114.2336,262.62888,420.85428,-22.602818,257.40005,426.17606,-118.50922,279.1314,460.07333,-68.46715,276.8557,461.76566,-164.71951
image_49.jpg,585.166,331.1226,15.070663,591.24884,327.2476,23.714367,591.16785,327.28882,23.689007,591.11096,327.3759,23.685253,591.6891,324.9866,3.0373507,591.8099,323.1622,3.0078437,591.89844,321.19772,3.027902,586.25275,319.59705,73.70979,586.6648,312.38815,-21.472778,577.37476,331.57916,36.171135,577.4718,329.62747,8.393959,533.4664,306.44894,139.81651,562.7589,317.05252,-75.01614,515.6363,319.04102,252.2737,571.5192,356.2691,-157.06099,517.46875,320.06534,380.05826,569.8684,349.43274,-149.43327,517.00256,314.1726,407.9642,567.96106,343.41437,-155.61577,520.0036,314.68665,401.76495,566.69556,337.4081,-145.22272,520.58765,318.7276,380.51285,567.5294,341.1217,-144.29076,440.26886,358.6471,75.35117,451.45993,370.7143,-75.46401,366.16177,398.8846,54.978542,369.89517,410.00815,-59.261017,276.57443,419.03958,57.386585,273.599,433.07797,-72.06902,259.09665,415.8154,55.180237,254.1625,429.63528,-75.16786,280.59933,455.17087,25.667599,281.24844,467.3149,-113.04684
image_5.jpg,288.95645,424.24597,-104.14644,282.95984,425.26733,-126.17832,283.4129,425.49783,-126.19565,283.88583,425.68982,-126.27183,280.80005,422.58875,-105.6772,279.5301,420.7221,-105.65276,278.48932,418.90457,-105.65082,287.0724,416.85672,-182.35817,279.83725,407.88556,-90.72018,295.6439,418.07236,-119.55405,294.06073,415.59033,-93.092384,332.26825,395.33484,-205.78905,306.49643,364.01703,-31.200588,405.6928,414.45584,-222.19923,335.4818,370.45074,65.755356,387.59113,469.05826,-199.96773,313.62018,400.58813,160.55846,384.97372,481.70905,-218.71112,306.2903,398.68762,176.23167,374.10068,476.76788,-205.91078,307.64276,404.484,166.95065,376.57068,472.05212,-194.23325,314.30905,405.75275,158.82156,422.80087,387.55615,-53.937126,411.74625,367.72263,53.802944,496.5709,379.00125,41.076817,490.4574,369.13373,151.43073,568.0665,357.08813,148.03537,556.9646,353.33063,262.4789,580.2146,347.71783,158.68932,564.56116,349.23605,273.6789,580.44464,374.8051,133.18057,567.2229,373.88513,248.12509
image_50.jpg,581.952,339.48636,32.858475,588.5742,335.2804,41.989456,588.681,334.91772,41.946045,588.7711,334.54184,41.902447,588.685,333.80243,20.95788,588.78973,332.29425,20.962355,588.8204,330.6731,20.989223,585.2078,325.85016,88.3614,584.68384,321.73477,-7.9963584,574.8144,339.03317,52.341217,574.8467,337.30402,24.265476,542.03705,317.5312,136.55615,557.7209,320.21085,-64.30893,504.67096,336.88315,208.298,543.0165,339.48926,-212.67586,483.17227,356.7943,262.21094,560.17413,344.96826,-314.58444,475.681,358.26688,281.37286,566.17114,342.97775,-336.46164,478.25424,358.51868,266.70187,564.7021,337.38672,-318.59903,481.04028,359.37405,257.64615,563.37897,337.78607,-310.0756,442.62817,360.70712,70.4342,449.31107,370.5583,-70.41243,362.4791,398.56903,54.83902,368.75,412.38077,-64.6233,274.01736,415.3331,56.687428,275.00018,433.20944,-80.17417,256.08633,412.60287,52.96413,255.40602,429.66705,-83.05244,279.07864,453.26242,13.347501,281.64352,467.15515,-127.12218
image_6.jpg,290.09708,427.3258,-101.70259,283.91077,428.3122,-123.60887,284.71054,428.41922,-123.618454,285.5353,428.4122,-123.68645,280.84027,425.622,-104.35207,279.27124,423.53833,-104.3535,277.96704,421.4527,-104.36766,288.1051,419.65134,-179.49261,278.49088,409.26953,-93.804184,297.7351,420.68732,-116.65374,294.49802,417.2573,-91.83144,335.88635,397.51483,-193.78166,304.94937,362.17258,-38.816113,409.2682,413.45807,-207.19702,337.8033,365.08527,57.132133,387.94287,471.94574,-201.06241,314.49542,399.9045,144.96213,385.51022,481.94498,-220.36272,308.68192,393.338,158.97305,373.8401,476.98572,-208.51778,310.315,400.6727,148.98561,376.70215,471.9678,-196.24387,317.79926,402.6938,142.8544,426.8238,390.2486,-51.248127,414.08127,367.3352,51.125763,499.76447,379.9544,50.67957,491.755,368.50986,148.09383,573.62213,363.55093,151.19905,553.06256,355.07605,258.07828,587.6965,354.41837,161.09906,567.25635,348.26416,270.0774,579.62744,386.41772,135.35388,563.1861,376.69254,251.93924
image_7.jpg,286.72662,426.26242,-128.61913,280.28882,426.02167,-150.24687,281.2125,426.17386,-150.25839,282.11636,426.29483,-150.32126,277.46384,423.3474,-128.63087,276.57318,421.61594,-128.63353,275.77686,419.69904,-128.65155,286.80716,417.97098,-201.77254,277.9318,409.02066,-105.75882,295.15073,421.7384,-141.8911,293.20132,418.53122,-114.175,337.3553,394.6326,-211.87564,303.45645,359.86346,-40.303173,411.41656,409.90814,-226.16147,322.56442,371.38794,67.41337,387.54898,470.5755,-213.89139,301.32187,408.1494,147.47649,387.70444,483.13522,-237.00111,291.1645,410.639,157.79446,371.1711,478.76736,-226.81152,293.99725,416.5603,143.15186,373.65112,474.0421,-210.06287,302.33627,417.76672,142.9217,427.9167,385.5239,-57.233498,415.21472,367.2151,57.10604,500.81854,376.8124,62.80101,493.984,365.83957,167.08128,575.5475,362.92758,181.27913,554.8852,352.37933,293.66397,584.3928,348.12408,192.83035,568.49066,346.3149,307.2536,581.5724,389.4489,160.5973,565.5878,376.10126,285.174
image_8.jpg,284.49826,421.03128,-104.04014,279.05243,422.539,-124.94056,279.87213,423.18967,-124.951004,280.66684,423.83173,-125.007904,276.13284,419.05408,-105.55078,275.03003,417.22836,-105.58092,274.0161,415.2976,-105.60785,284.65634,417.39407,-178.62326,276.06586,405.16708,-93.058304,292.38165,416.6373,-118.4935,289.95007,412.79242,-93.726814,334.16833,397.9574,-189.17137,305.3642,356.964,-38.924145,408.8534,410.63052,-201.44041,335.21915,362.55164,75.3867,387.6462,469.66324,-188.01254,315.61304,390.93558,177.9216,383.58905,479.5421,-204.49774,307.34756,389.08246,193.38544,371.74026,477.46185,-194.6131,307.6529,396.58148,181.58228,374.7624,473.134,-183.6195,314.96115,398.4918,175.37025,429.62985,387.85767,-51.94826,413.5587,365.16278,51.833305,502.20215,375.72876,51.598885,495.27246,364.4616,146.99489,574.69275,358.08984,154.53816,561.0745,350.33987,255.52591,588.62415,349.17053,165.37192,573.5511,343.0293,267.1102,581.4586,377.12527,143.76573,568.20795,371.0127,249.32431
image_9.jpg,285.5531,427.0611,-122.08355,278.77725,427.5125,-142.47736,279.38892,427.95435,-142.49588,279.94296,428.40787,-142.56818,276.1986,424.49042,-122.690735,275.16574,422.75342,-122.68552,274.20673,420.91095,-122.68706,284.59232,420.19742,-191.4212,277.07678,409.76077,-103.44354,292.99652,421.90863,-134.59799,291.51514,418.87717,-109.20775,338.83075,395.04224,-195.15598,303.94946,363.07785,-46.247696,408.48224,407.0249,-207.54987,327.94983,368.57822,59.11944,390.3064,466.8306,-205.21074,304.39816,406.77652,140.81287,386.6396,476.9203,-225.98407,287.64737,406.9799,150.48962,374.5219,475.73938,-217.38315,290.2533,414.21597,137.55008,377.07697,472.10287,-202.24643,299.29242,415.26364,136.95764,427.29935,387.75995,-50.342823,411.38104,371.0863,50.270264,495.91943,376.45544,60.881485,485.61185,369.05933,158.32616,570.6468,357.65332,164.97711,548.0955,351.5379,272.84805,583.0713,348.47012,175.41025,558.2087,344.4199,285.46228,579.33954,380.02304,146.89357,558.3355,367.1955,269.55746
