image_1.jpg,157.17622,251.88208,-130.6186,147.33568,254.9655,-123.17267,147.10178,255.05264,-123.19992,146.71797,255.2663,-123.20706,147.02731,258.3717,-147.97717,146.511,261.07245,-148.02463,145.86829,264.1218,-148.06218,147.40343,267.17166,-64.027306,147.26788,278.5348,-176.57306,165.87157,254.6655,-103.97713,165.6051,259.00165,-136.7386,201.90704,267.97095,22.17054,196.66599,304.14084,-205.71371,279.0957,278.47974,72.87473,280.34174,321.047,-215.58067,340.1812,280.2588,50.094612,351.63528,313.42987,-200.44763,360.1051,279.42056,45.048122,372.64545,316.76105,-220.83162,361.53018,279.8671,24.112823,375.77084,308.53928,-223.94772,353.69717,281.6517,39.42444,368.35437,306.00024,-200.17761,330.72876,262.87915,65.69962,331.26862,281.50967,-65.66579,428.00107,233.53296,36.746964,427.71753,239.93346,-92.044876,528.41187,218.82133,59.295597,532.55383,224.71129,-57.050354,545.225,230.63937,56.730675,550.61926,236.34854,-57.4439,556.7902,182.78133,3.377805,562.4654,185.15375,-125.67272
image_10.jpg,154.96767,253.64627,-118.014175,145.72025,257.04193,-110.23255,145.51895,257.01602,-110.261086,145.17642,257.10855,-110.271225,145.50046,260.54675,-135.7026,145.17058,263.41766,-135.74464,144.72949,266.51312,-135.79507,146.51306,269.0314,-52.221676,146.68633,280.4479,-167.35359,164.05739,256.1275,-91.966705,163.77759,260.5726,-125.37059,203.37637,267.89413,33.719284,199.40186,304.972,-200.9515,281.29266,278.23166,83.08217,284.67462,321.1121,-211.73439,341.73795,280.03995,58.002106,354.86414,311.91983,-194.33633,361.02374,277.6111,52.651077,376.597,313.3106,-214.11731,364.54376,278.02002,33.262,378.68536,305.39172,-216.55835,354.943,280.92426,47.66724,371.09067,303.4949,-193.76959,333.936,261.90366,66.63782,335.69778,280.21826,-66.61586,431.239,234.47902,37.3434,429.54193,240.34532,-89.03563,530.6559,220.80585,61.662918,534.9315,224.10481,-56.56084,547.1759,232.12436,59.122528,550.5121,236.6546,-57.222004,561.37463,185.3234,6.227663,565.121,184.24707,-126.007675
image_100.jpg,498.005,238.77242,-22.300636,508.59833,241.75821,-39.62689,509.69934,243.7944,-39.640877,511.01324,246.08905,-39.650333,507.8453,239.35213,-9.435824,508.352,239.44084,-9.440274,509.03122,239.60777,-9.51274,513.56384,260.65366,-79.69789,511.11438,251.64883,54.06838,491.45523,247.87425,-34.08364,490.13165,244.37314,4.923817,474.77145,301.6601,-150.49231,456.99213,266.35376,148.44174,397.71725,331.3654,-197.1636,383.36002,286.292,193.34338,324.2636,331.79037,-220.61551,320.49725,287.25275,159.62479,302.61624,338.97888,-248.92503,299.8657,286.89838,165.63788,300.70752,328.24896,-242.57281,298.7058,285.76193,139.24895,306.5912,323.71356,-216.81145,306.52725,287.16443,146.88608,331.50027,302.35187,-89.46171,326.93378,282.2166,89.43795,230.39944,263.80804,-144.3755,224.68115,261.31277,29.290264,112.62941,249.48271,-153.46742,114.29709,247.54358,12.010397,92.24123,260.61804,-157.96089,91.894226,260.55164,6.3251157,83.093605,197.78746,-237.34665,86.05307,202.49202,-60.946533
image_11.jpg,155.6377,254.12865,-111.824234,146.57584,256.82425,-104.188576,146.58994,256.70078,-104.212234,146.46867,256.71106,-104.223465,145.90952,260.40067,-127.81622,145.43024,263.16837,-127.85217,144.795,266.3236,-127.89517,148.10999,267.58774,-46.372776,146.65535,280.51608,-153.1939,164.63051,256.67694,-86.019424,164.27975,261.16843,-117.04383,205.49692,267.37396,38.403843,197.91364,305.09692,-186.09499,282.27515,280.86755,86.26946,283.67273,322.1185,-194.79388,340.7807,283.29785,61.986313,350.56506,312.5443,-178.05482,359.3401,281.20245,56.3036,372.2182,313.6318,-197.06361,362.04074,280.45285,37.47687,374.06165,306.28638,-198.76251,352.7578,283.3369,52.037434,366.7785,304.44318,-177.26163,332.9864,263.71832,66.1355,333.83176,282.94553,-66.1033,431.01294,235.27359,36.749664,429.20227,239.8967,-86.25618,529.6173,223.49124,59.697266,533.4195,226.24431,-57.09832,546.27295,234.20291,57.298008,549.1178,238.62549,-57.73789,558.8662,189.54843,6.6221104,562.3211,188.68793,-122.160484
image_12.jpg,155.24504,254.06653,-113.7496,145.98422,257.24863,-106.10599,145.84088,257.22195,-106.133415,145.5992,257.3162,-106.13982,145.4093,260.89478,-130.45042,144.96115,263.60046,-130.48529,144.46106,266.6576,-130.53088,146.99915,268.73837,-49.504734,146.26543,280.1898,-159.78499,164.10886,256.2665,-88.45462,163.3032,260.67862,-120.44023,204.13547,268.5276,35.435722,198.23158,304.5284,-193.71802,280.6082,279.83344,82.861115,283.85938,321.6614,-204.25598,340.10025,282.5345,60.783516,353.49808,313.60193,-186.37245,358.8999,280.01562,55.944847,377.19763,314.50134,-205.96321,359.5085,280.1462,37.343437,379.32492,306.404,-207.97876,351.71484,283.64587,50.878757,370.82068,304.7777,-185.84875,331.95938,262.55783,66.76471,332.69925,280.52518,-66.75015,431.75357,235.22202,42.703186,427.71613,239.17065,-88.68926,530.8753,223.69275,65.57013,532.7811,227.06044,-52.587044,546.59515,235.4344,62.981087,548.6391,239.00774,-52.457474,557.79285,189.88358,13.220932,559.92004,189.52208,-114.18846
image_13.jpg,155.576,254.15509,-107.1724,145.88515,257.52295,-99.067184,145.63806,257.54932,-99.09401,145.31314,257.71082,-99.09751,145.68304,261.16934,-124.337585,145.39322,263.88287,-124.37326,145.05649,266.91718,-124.42279,146.41832,269.80966,-41.09716,146.8242,280.4424,-155.42159,164.3544,256.16095,-81.33628,163.81879,260.5194,-114.47702,203.48737,268.6127,45.458035,197.387,304.19193,-193.6278,280.04886,279.46252,92.03645,282.7367,321.44955,-208.32587,339.28714,282.3031,63.37966,351.86343,313.0129,-197.56873,357.77982,279.48215,58.10433,374.6326,315.99655,-219.31332,358.92197,278.75214,38.326515,377.32867,307.99097,-221.49573,351.9415,280.96597,52.910637,369.3095,305.70255,-197.13472,332.77637,264.64786,69.61809,333.0325,281.81833,-69.604095,433.71002,236.14088,47.38456,430.67267,239.64755,-87.7266,532.4701,224.77159,72.86464,536.37976,225.3115,-55.12411,549.3869,236.28525,70.360855,552.3151,237.86176,-55.71807,557.93933,190.07378,19.154083,560.75446,188.29611,-122.82417
image_14.jpg,155.16663,255.23105,-140.34323,145.56143,257.6846,-131.84618,145.41533,257.35703,-131.86581,145.17096,257.1588,-131.87842,145.38268,262.13257,-154.20291,145.03342,265.09113,-154.24287,144.59653,268.56937,-154.28159,147.05591,266.94,-68.42851,147.02164,282.50604,-169.67816,164.31934,256.68814,-112.578064,164.33368,262.0319,-141.9522,203.55156,267.31284,19.451921,198.71457,304.75812,-197.66025,282.34247,280.76215,65.58187,284.0154,320.5025,-204.33868,339.7882,282.01282,40.531776,353.53632,312.6181,-189.22102,358.5533,279.3573,33.918034,375.941,314.51266,-208.52191,362.53497,278.45477,14.763412,379.00204,306.34384,-212.39178,353.02475,282.65475,30.424145,370.81866,304.32837,-189.48471,334.1295,261.7602,63.43214,335.5423,280.90427,-63.438766,431.00946,234.92621,46.90986,429.49078,241.96375,-68.70408,529.9313,222.42062,78.09964,534.1382,227.08203,-31.812817,546.4502,233.41402,76.44986,550.323,238.94746,-32.165592,560.53064,189.20697,25.759275,563.4027,190.12766,-98.70644
image_15.jpg,157.08151,254.07564,-123.145515,147.65135,257.1107,-115.59326,147.52562,256.99686,-115.61668,147.29822,257.00516,-115.62634,147.18286,260.91638,-139.64883,146.73708,263.60135,-139.68884,146.2273,266.7064,-139.73967,148.49796,267.49918,-57.322624,147.987,280.6349,-166.2609,165.79373,255.96574,-97.11507,165.08893,260.83917,-128.74022,204.93039,268.08862,28.301638,198.00063,305.02307,-198.1166,282.9875,278.13,77.080536,282.99902,321.33966,-210.13235,342.12286,280.9562,52.565384,353.58066,312.38004,-199.10219,360.25342,278.59534,46.384537,376.34808,313.7227,-219.8777,361.62335,279.2265,26.702576,378.7533,306.19318,-223.80862,354.16095,280.98248,42.245556,370.44177,304.25574,-199.35925,332.78293,262.31927,64.783554,333.55542,281.37604,-64.77207,431.27155,236.37404,45.195923,429.7601,244.49693,-82.174484,528.9526,225.48236,77.27652,533.28625,230.67487,-43.457603,545.6676,237.60083,75.5903,548.9756,243.36874,-43.35316,559.1116,192.3814,24.712696,562.46027,194.14041,-109.7182
image_16.jpg,156.2569,252.8609,-109.068375,146.6316,256.4769,-101.49467,146.41031,256.58163,-101.52473,146.11264,256.82166,-101.52814,146.35474,259.93433,-126.59772,146.0422,262.5482,-126.631935,145.70709,265.44504,-126.683846,147.5792,268.96323,-45.76561,147.84853,278.98563,-159.31468,165.41151,255.44847,-84.14573,164.5979,259.66397,-117.08632,204.17242,268.0606,37.12128,198.24478,303.57123,-194.46579,280.19778,277.7298,84.712814,282.32535,320.9935,-208.58627,338.72348,280.90244,59.696976,352.01135,312.40646,-195.18704,358.0507,279.32123,54.370266,374.54587,313.85513,-215.18335,359.87717,279.71225,35.28323,377.24475,306.56693,-217.9404,351.44067,282.72397,49.52999,369.66296,304.79712,-194.90854,333.6886,261.2324,65.521545,335.13547,279.1002,-65.508675,431.8935,237.35934,47.388992,429.96463,244.08809,-77.76125,528.6972,230.83139,79.72525,532.63306,233.56454,-39.516193,545.02203,242.43109,77.94282,548.2471,247.23587,-39.421097,559.594,195.67769,28.4593,562.4899,195.55635,-103.13476
image_17.jpg,156.198,254.94284,-157.15721,146.71477,257.5152,-147.43945,146.5817,257.09586,-147.45337,146.41049,256.79083,-147.46448,146.55588,262.19998,-168.37419,146.42119,265.27762,-168.4131,146.28487,268.88702,-168.45793,148.22711,267.1308,-79.65147,148.98178,282.46756,-174.23355,165.6733,255.72876,-128.01576,165.14496,261.56302,-155.38557,204.37325,265.55334,16.698606,199.28148,305.43457,-203.68784,278.24854,278.2868,63.35887,282.77698,321.14047,-214.05914,332.7252,278.70917,37.514023,351.4767,313.94507,-205.58272,350.1244,276.0334,32.0381,375.62653,315.32062,-226.70311,352.3866,274.77496,12.971066,376.65723,307.23047,-230.2086,343.909,279.72772,27.58823,369.19528,305.33078,-205.87256,333.1651,263.15094,66.505035,332.81018,281.311,-66.55312,431.9438,241.86931,68.81438,430.89706,247.79709,-58.539852,530.88556,233.72984,109.98863,533.3511,236.1318,-8.269583,544.66516,244.83418,109.48783,546.7683,248.74878,-7.085524,552.11554,201.68257,63.41027,554.2872,199.53555,-69.13186
image_18.jpg,154.75996,253.5262,-109.44439,145.56628,257.20758,-102.26745,145.34357,257.3907,-102.30179,145.02911,257.7261,-102.311714,145.39816,260.21188,-129.21552,145.12047,262.73288,-129.25064,144.80588,265.6267,-129.31989,146.19804,269.9151,-48.39012,146.58975,279.27927,-169.93872,163.75893,256.3988,-84.869545,163.29393,260.18912,-120.16014,202.97661,270.26935,35.767235,198.44556,303.8124,-206.4498,275.42804,278.50156,85.24947,281.19562,321.497,-223.1954,328.91498,279.35312,58.417557,347.84665,311.68765,-209.89973,348.6122,278.88293,53.95096,368.72134,312.62228,-230.36116,349.01355,280.06866,33.897694,370.54596,305.98492,-233.24379,343.3548,281.66183,47.80665,364.20718,304.41562,-209.46973,333.71262,263.45737,67.451614,335.68445,281.07462,-67.46986,432.73984,242.53183,67.63226,433.03516,248.05762,-66.40808,530.81793,237.52179,117.06582,535.8686,242.41179,-13.922061,546.0424,248.98021,116.9225,550.0464,255.44162,-12.409581,562.4444,208.7799,68.76187,567.5212,208.96094,-77.31016
image_19.jpg,153.94717,254.96642,-129.60641,144.74802,258.7364,-121.982605,144.5417,258.71866,-122.00368,144.28175,258.81113,-122.01161,144.85518,262.38684,-146.47533,144.72028,265.0481,-146.51645,144.58205,267.99374,-146.57843,146.33151,269.7708,-62.91858,147.46208,281.05084,-173.48177,163.5975,256.6825,-103.15668,163.27538,261.27307,-135.22162,202.62662,269.04385,25.775452,199.62857,304.62366,-205.91103,278.50858,279.81064,73.75934,282.84918,320.99173,-215.26869,335.8578,282.24387,48.072617,353.20312,312.043,-198.62404,354.90973,280.33112,42.47848,375.03918,314.31372,-217.95459,360.6355,280.83774,23.251078,377.8269,306.78802,-221.30493,348.85178,283.41525,37.779892,370.13892,304.77243,-198.41005,332.25897,262.48413,66.81085,333.37164,281.62973,-66.840675,431.0942,243.10919,59.110504,431.86987,249.01147,-76.83563,529.52875,236.19421,101.01123,534.08466,240.98965,-28.557337,544.834,247.4089,100.125725,548.50684,254.66551,-27.575872,557.91376,204.68802,50.140953,561.5124,206.44481,-94.68064
image_2.jpg,156.6672,251.75488,-118.83773,146.63025,254.95348,-111.807816,146.37314,255.0156,-111.838615,145.9421,255.19092,-111.84437,146.2282,258.37515,-137.04903,145.6823,260.9011,-137.09055,144.95242,263.85974,-137.14354,146.36674,266.4799,-56.377987,146.18323,277.56903,-170.3572,165.07184,254.6349,-93.557755,164.79036,258.86548,-126.825676,200.19662,268.7834,26.697987,195.47046,302.6782,-202.41808,277.03247,280.30856,75.12169,278.69626,321.69687,-218.58505,340.15955,281.27847,50.07391,348.9066,311.116,-208.38763,360.24753,278.36417,46.828583,370.70648,315.62845,-228.67891,361.46234,278.5785,25.592564,372.60687,307.88998,-229.62164,354.10535,280.4577,39.27342,365.26068,304.72525,-207.26062,332.16977,261.8721,64.35912,334.06757,281.90012,-64.32771,429.75848,228.52939,56.613327,429.83838,236.72902,-61.21871,525.56836,213.46904,96.173965,531.10223,221.37988,-19.24802,540.16833,225.23329,95.32999,548.0198,232.22649,-19.06077,553.8168,177.372,46.676376,561.6196,180.84142,-84.2518
image_20.jpg,157.2218,251.71506,-110.71343,147.60947,255.62393,-103.38234,147.34567,256.11594,-103.41587,146.9609,256.7604,-103.42559,147.37076,258.0769,-131.75424,146.93376,260.29156,-131.79619,146.37238,262.83353,-131.87872,147.82463,270.36298,-50.82928,147.47011,276.79037,-178.87239,165.7988,255.61131,-86.50608,165.3406,258.94815,-123.65602,203.13759,269.51178,32.226116,200.15488,305.43073,-214.9755,281.543,281.1856,81.37536,285.43698,321.14075,-227.21744,344.0369,279.54727,57.301712,352.86163,311.90317,-201.35835,359.1238,280.46164,53.468956,374.53162,313.62042,-220.20128,362.7088,279.1055,34.290718,376.60138,305.5816,-222.12553,353.1734,282.18073,46.977764,369.9571,303.6854,-200.25021,332.85944,262.78763,69.31975,334.8253,280.90884,-69.33421,432.12946,238.77672,57.07026,430.40704,243.80405,-75.6183,529.0052,231.81493,99.026764,532.87134,234.28812,-26.6866,545.1992,242.74304,98.08869,548.4114,247.8164,-25.740902,558.6648,196.46956,48.538902,562.2528,196.43916,-91.72322
image_21.jpg,157.03662,250.02242,-106.4302,147.98479,253.21286,-99.100945,147.73706,253.54529,-99.13443,147.38403,254.05243,-99.14123,147.23051,256.07532,-125.749466,146.44118,258.3642,-125.786224,145.48769,261.02832,-125.831215,147.85822,266.33276,-43.272636,146.20255,275.61307,-164.36845,165.34134,254.56667,-81.03382,164.95348,258.06192,-116.36604,203.6307,267.51697,38.160492,196.39249,304.4132,-197.8859,278.98184,279.1473,87.979996,278.96332,321.48486,-214.99576,336.8523,280.17828,61.222878,349.2136,312.67377,-202.85492,355.84256,278.0301,57.34028,370.05588,314.56512,-223.62985,356.9861,278.43668,35.272224,372.00256,305.99896,-224.11047,350.33246,280.83124,49.871414,365.0653,303.79434,-201.5013,330.35724,262.20087,63.51541,330.9625,282.14233,-63.456627,430.33246,237.52696,36.38526,431.6505,244.12245,-84.27117,529.5781,224.68854,66.51175,532.43866,231.5245,-45.249283,545.1412,237.35747,64.72094,550.93134,245.81477,-45.328796,559.8371,191.42535,8.637164,564.851,196.69592,-117.403015
image_22.jpg,157.75168,246.75862,-105.90842,147.82181,250.81541,-98.39201,147.43726,251.60951,-98.430565,146.88017,252.5675,-98.43556,147.33725,252.9054,-127.04234,146.6708,255.02672,-127.07404,145.79944,257.47787,-127.12544,147.24074,266.48575,-44.543552,146.62167,272.46304,-174.46216,166.49805,252.11896,-81.164444,166.196,254.73329,-119.04145,203.34358,268.10913,34.427322,197.88637,303.9187,-208.86606,279.48932,278.5763,80.831184,279.6479,321.60345,-228.14043,339.5185,278.72754,55.09476,352.98834,311.37515,-207.66586,359.12366,276.551,53.296173,373.85114,313.75592,-227.09787,359.82376,276.50366,31.57982,375.51117,305.9023,-226.09573,353.64728,278.67072,43.776623,368.47028,303.40872,-205.57288,334.1604,261.85953,65.271706,335.93237,280.31467,-65.24324,432.92645,233.38364,51.642822,432.43066,239.37155,-72.82185,532.0853,216.97887,88.73233,534.7544,223.64862,-24.001232,548.5956,229.8668,87.425735,552.11646,237.20544,-23.233261,559.99915,183.47308,34.109604,565.23364,187.58482,-91.52081
image_23.jpg,160.45493,248.33813,-115.16242,150.66832,250.63055,-107.71585,150.34009,250.88084,-107.748955,149.859,251.30794,-107.7568,150.01907,253.68243,-135.3005,149.31131,256.17188,-135.34608,148.34796,259.1607,-135.40723,148.65967,264.47925,-53.093018,147.80495,273.58722,-177.99283,168.58734,252.88124,-90.19548,168.02246,256.60696,-126.57067,202.55032,268.20706,26.656115,197.01262,304.59225,-209.76256,279.40607,278.94186,75.76004,279.50742,322.1911,-224.3943,340.7283,281.74786,53.72314,349.88266,312.67514,-206.7587,362.13028,279.9447,50.053238,371.53857,314.9341,-226.8155,364.66876,277.7202,29.563808,374.0354,306.96643,-228.17117,354.88998,281.3821,43.12798,367.12802,304.8589,-205.57852,332.64767,263.08392,65.79503,333.76096,282.0836,-65.75047,431.1841,234.13611,50.299755,430.64468,239.58368,-78.17447,527.7931,220.54051,87.11083,533.1965,226.33647,-36.535854,543.39703,232.02159,85.74393,550.2418,237.62753,-36.32604,553.97784,186.6054,34.995003,562.1679,187.51764,-103.044754
image_24.jpg,159.36598,246.95403,-135.26184,150.32755,248.87953,-127.44675,149.8768,249.02698,-127.47327,149.24521,249.34607,-127.48626,149.69061,252.39633,-153.59822,148.8471,254.7153,-153.64786,147.7688,257.69846,-153.69388,148.06161,262.30435,-67.84893,147.47037,272.7271,-186.71619,168.85017,251.65149,-108.29215,168.27197,256.06918,-142.94508,201.94171,266.43332,15.669798,195.53543,303.09906,-212.72125,280.12402,277.6463,64.55978,282.06155,321.0614,-224.09366,340.5769,279.75858,43.735043,352.78613,312.64575,-208.4877,360.36816,277.62936,39.822346,373.42596,315.48196,-229.12057,365.2459,277.76236,18.946844,376.12885,306.90363,-230.67105,353.65735,280.30585,33.11784,369.43335,304.60303,-207.6109,330.20187,261.70294,63.17738,331.6475,281.659,-63.13896,428.57556,235.28763,33.4674,429.0127,242.93378,-92.56534,529.66675,219.80879,61.4029,532.5819,227.45114,-55.830902,546.2063,231.17422,59.15114,551.4679,241.54372,-56.412506,557.2722,186.82303,1.613145,564.3192,190.8601,-130.98196
image_25.jpg,159.95796,245.6999,-98.77999,149.79135,248.73233,-90.88784,149.29048,249.50922,-90.92452,148.59117,250.48662,-90.92009,149.35947,250.83769,-119.32512,148.60992,252.90399,-119.364944,147.66502,255.25334,-119.42409,147.45819,264.93277,-37.389088,147.08539,270.0147,-166.24107,168.0292,251.5741,-74.47673,167.62086,254.25204,-111.947105,201.96074,268.96753,41.921783,196.96632,303.898,-202.22594,276.78625,278.55933,88.427765,280.07526,321.5701,-220.80946,335.77194,280.7352,62.406273,349.68042,312.72577,-205.1843,355.81647,278.8995,58.900322,370.61945,314.55682,-226.13802,359.70343,277.58868,38.33383,372.65002,306.66345,-227.08838,349.9153,281.35803,51.46897,365.8229,304.70438,-204.01024,332.51398,263.5196,66.812065,334.14966,281.2717,-66.76942,429.77847,234.79506,23.71167,429.7377,242.32312,-91.519,528.95337,221.42499,42.107353,533.9745,228.21504,-69.263054,547.0996,233.47844,38.62613,552.1791,239.97012,-71.577095,554.6259,185.9525,-18.814688,562.74634,188.15427,-144.18074
image_26.jpg,160.56415,246.05838,-94.464066,150.60387,249.34576,-86.32934,150.1289,250.00188,-86.36282,149.49602,250.84589,-86.35753,150.25793,251.6437,-114.52191,149.60954,253.8293,-114.566154,148.82129,256.37485,-114.62396,148.49869,264.85376,-32.209522,148.59514,271.0542,-159.98921,168.43518,251.63524,-69.98342,168.1266,254.44133,-107.11687,203.44315,267.96918,48.2342,196.8198,303.08585,-198.42986,280.14154,280.13544,93.442795,281.5567,320.18066,-219.26378,341.9737,281.73822,63.28114,350.8772,311.7483,-213.06653,360.87094,278.37027,58.267944,373.58234,314.4553,-237.10802,362.19592,278.74692,36.92105,376.06204,306.2267,-238.33752,354.07883,281.00742,52.02828,368.31528,303.6509,-212.3192,331.773,262.91946,68.35702,332.13123,281.7918,-68.28523,430.38242,235.14188,20.288122,428.44635,241.38379,-106.13007,528.92,221.83115,36.05412,532.92487,227.55592,-89.85341,548.22,233.37875,32.334007,551.828,239.1901,-92.39768,555.96594,186.58783,-24.917477,560.8261,187.71727,-164.35736
image_27.jpg,161.25276,247.5496,-105.465454,151.66412,250.30475,-97.77984,151.3093,250.72757,-97.81436,150.80399,251.31723,-97.81618,151.31146,253.17209,-124.984985,150.79826,255.55733,-125.02747,150.07323,258.4293,-125.09367,150.12993,264.7044,-43.93036,149.78854,272.6521,-167.07663,169.30357,252.28558,-81.11251,168.91476,255.60487,-116.89281,203.10077,267.27567,34.450592,199.72261,303.53113,-201.0964,280.34253,279.1972,81.481316,284.63538,320.21002,-216.28517,339.57733,281.89282,56.085262,351.41934,312.34787,-202.18062,358.58667,280.5794,51.677147,371.95663,313.68567,-222.67229,359.4793,281.26013,32.20135,374.05734,306.13724,-224.93985,351.58432,282.96698,45.803944,366.95514,304.338,-201.54199,333.29803,262.52682,65.73468,334.50443,281.06064,-65.71373,430.4985,232.85985,43.27766,430.0913,242.46126,-76.51882,526.4241,220.61804,73.96433,532.36694,227.03458,-42.54344,544.0514,232.2292,71.919266,548.6478,239.10997,-43.16156,557.2836,188.42828,19.691689,561.29297,189.31554,-110.21158
image_28.jpg,160.75441,245.51425,-109.35692,150.8354,248.36276,-101.58565,150.38515,248.87257,-101.615234,149.77505,249.54237,-101.61673,150.58989,250.9915,-130.2688,149.99956,253.28813,-130.31172,149.24115,256.04465,-130.38647,148.87387,263.43896,-47.252975,149.09271,270.76938,-177.02109,168.73679,250.60544,-84.47975,168.34961,253.7768,-122.213295,202.4983,267.68222,35.99747,197.48105,302.31937,-214.14517,279.78122,281.12723,84.58815,282.86105,320.31775,-228.97751,340.43524,283.39975,59.826424,351.81873,312.80658,-209.52603,359.6817,281.32748,57.138023,373.4857,315.6871,-230.09178,360.88565,281.4855,36.41072,375.93024,307.22226,-231.882,353.1583,282.92026,49.068455,368.8982,304.70932,-208.42682,331.7401,264.36185,70.49469,331.93512,282.27832,-70.49241,431.63345,235.15254,62.081684,430.26535,239.84949,-71.83157,530.3085,220.97012,101.72183,534.3084,226.45395,-27.744081,548.5174,231.98495,100.535286,552.7629,237.4589,-27.586735,556.68976,186.4084,50.635704,561.2523,187.17542,-96.221924
image_29.jpg,158.42513,247.93196,-112.34543,148.51228,250.86285,-104.9355,148.03244,251.40027,-104.96953,147.40617,252.15562,-104.977646,148.3014,253.48242,-132.9252,147.70929,255.67497,-132.97026,146.95016,258.17758,-133.03667,146.92996,266.9539,-52.280254,146.95686,272.3593,-178.787,166.92375,252.80345,-88.20469,166.58333,256.14542,-124.943634,203.29193,268.5198,27.755177,199.07477,304.26434,-211.53894,280.47656,280.20047,75.17081,284.64648,322.09018,-224.30942,336.32227,280.32117,53.535194,350.61063,312.0504,-203.12329,356.44525,278.58304,49.771545,372.78653,313.1097,-222.69067,356.64502,278.978,30.427954,374.4555,305.6133,-224.34242,348.85837,280.68854,43.236183,366.64752,303.67526,-202.11871,335.19617,262.67587,66.168495,337.31152,280.57825,-66.1515,432.54028,234.64113,51.853024,431.48486,241.96587,-72.36732,529.56683,222.60414,88.680695,535.3447,227.94565,-31.830112,547.4204,235.2379,87.1597,551.93054,240.11752,-31.91792,559.5843,189.99606,37.281036,563.64014,190.24316,-98.518234
image_3.jpg,157.0746,250.76334,-107.51443,147.59383,253.86612,-100.9781,147.32683,254.17606,-101.01823,146.89568,254.67531,-101.02471,147.03644,256.76398,-126.78048,146.5011,259.08292,-126.822525,145.71638,261.8542,-126.87618,146.95181,267.28397,-49.885628,146.33308,276.24048,-166.2937,165.40967,254.9208,-83.96886,165.0345,258.48248,-117.93237,201.06966,267.9046,27.894604,196.60477,304.17636,-197.99727,274.43393,278.72855,76.34206,277.59708,321.79938,-212.36975,334.0515,279.90286,51.62812,347.31564,311.48654,-199.4034,353.69705,277.6048,48.41594,368.54297,315.4804,-219.00581,354.47424,277.8629,26.971497,370.52002,308.06525,-220.10435,347.98865,279.74252,40.697296,363.3482,305.14383,-198.26147,330.37555,261.4968,62.625458,333.0429,281.62143,-62.570347,427.23587,227.33192,55.791695,427.42676,236.06041,-61.377033,524.18915,212.33469,91.33115,529.7097,220.22516,-22.486004,538.6639,224.10442,90.06432,546.3626,231.72444,-22.322214,552.11316,177.38333,44.094025,559.4147,181.4625,-83.93927
image_30.jpg,156.16667,249.26811,-83.42474,146.25284,253.78052,-75.52567,145.99153,254.5094,-75.56646,145.61108,255.40956,-75.56459,145.90219,255.90732,-103.78608,145.4461,257.98914,-103.81492,144.81476,260.2999,-103.87479,146.98488,268.79752,-22.693014,146.30542,274.1708,-150.48917,164.87439,253.88675,-59.4657,164.61475,256.42267,-96.61564,203.2091,269.24976,55.333538,195.7752,302.34174,-190.91948,279.4438,279.71802,99.352905,277.98874,321.78778,-212.84549,338.73523,282.369,67.259155,346.66473,312.1654,-202.29196,358.07742,281.11365,62.5925,368.1845,314.18817,-223.82608,359.3997,281.3576,41.105606,370.86688,307.41138,-223.46642,352.18304,282.8438,55.858974,363.10785,305.5401,-200.6336,333.55615,264.20602,68.00147,334.69293,281.1821,-67.95947,432.64185,236.78525,42.81272,432.05115,242.99532,-77.32057,531.0769,224.70198,71.827515,535.33154,229.41147,-46.499527,547.9004,236.09221,69.56253,552.9077,242.13118,-47.653698,556.0566,189.50258,15.995981,563.9996,189.92305,-117.016365
image_31.jpg,155.08694,251.45874,-99.55112,145.78534,256.34766,-91.5802,145.53673,257.228,-91.617874,145.18112,258.2882,-91.62497,145.56334,258.11896,-120.39897,145.19888,260.0498,-120.437584,144.72446,262.22638,-120.51547,147.63193,272.09644,-37.92783,147.23787,276.32806,-168.03384,163.63503,255.69705,-75.24133,163.48251,258.1062,-112.99999,205.8445,268.94757,44.392475,199.54887,305.5806,-207.88377,281.63998,280.59445,92.04805,283.94876,322.3843,-228.44743,339.77313,280.9726,60.115944,351.62842,312.76938,-217.79524,359.48486,279.21457,54.908005,372.40128,314.59097,-239.8865,361.5295,275.37347,34.023163,375.00778,306.96133,-241.98996,353.6947,281.89105,48.893677,367.86145,305.11713,-217.19673,334.80457,262.58093,70.88708,335.47253,280.90524,-70.85401,431.61414,235.62761,55.536797,430.27832,241.77364,-87.74491,529.39404,227.41563,96.07713,534.302,230.22086,-42.824932,546.874,238.20946,94.819595,551.2219,243.57382,-42.148735,557.1373,192.99149,43.990715,561.1646,192.65788,-109.95945
image_32.jpg,153.3013,252.84634,-94.526985,143.9873,258.1017,-86.945984,143.79337,258.79877,-86.98093,143.57016,259.64566,-86.98224,143.7903,260.24667,-114.40612,143.50273,262.28253,-114.44279,143.159,264.49432,-114.507935,146.43698,272.14468,-34.794075,145.97801,277.29166,-158.79529,162.02075,256.2416,-70.86676,161.25873,258.96594,-106.86089,205.12637,268.925,47.41069,196.71765,303.69525,-199.61499,280.21826,280.55038,93.17581,280.33688,320.66187,-218.624,339.34555,282.36426,63.04844,349.89365,312.58072,-207.97173,357.9056,280.4924,57.3346,371.01437,315.09045,-230.04507,359.3866,280.79626,36.87677,373.37927,307.51538,-231.7154,351.55185,282.7742,52.048386,366.0929,305.04773,-207.2831,330.1446,264.0893,69.05821,330.5044,281.62906,-69.030785,428.22974,237.3025,47.055542,426.98257,242.87488,-88.37521,525.9695,227.7286,79.80275,530.0135,231.09515,-52.836693,545.7018,237.5688,77.770706,548.8633,241.62198,-53.165993,553.76794,192.67943,26.18867,557.18024,194.58057,-120.65402
image_33.jpg,153.88101,253.27243,-81.04155,144.29181,259.08316,-72.918274,144.0445,260.00055,-72.95989,143.75769,261.02325,-72.965256,144.31815,260.68463,-101.43734,144.11786,262.5379,-101.466095,143.8262,264.51392,-101.53126,147.06241,273.29382,-19.6391,147.05875,277.6572,-148.47989,162.74881,256.62003,-57.057938,162.45512,259.018,-94.430374,204.83417,269.23,62.337814,196.97198,304.1417,-192.60252,279.90414,280.38303,108.35049,278.912,322.3468,-216.52382,338.2489,281.9052,74.16355,347.1265,311.52402,-206.45723,357.88348,279.4958,68.73528,366.98053,312.61133,-228.48274,358.7381,279.69495,47.808956,368.43735,304.99704,-228.87683,351.0178,281.659,62.800766,361.99268,303.2456,-205.27739,332.43008,263.38522,71.26571,333.38324,281.55112,-71.22601,429.06598,236.50801,34.15699,427.8159,241.95547,-102.26201,529.1153,224.23897,60.746452,531.9007,228.41518,-72.158134,545.5419,234.4852,58.02159,548.79987,239.16266,-72.71038,557.67065,190.98567,3.0183175,560.96124,191.53018,-141.14908
image_34.jpg,154.90814,255.01367,-81.23714,145.50873,260.62988,-73.5491,145.28894,261.33145,-73.58919,145.03613,262.1607,-73.59133,145.28198,262.78787,-101.011894,144.93561,264.8964,-101.04437,144.57465,267.27545,-101.105865,147.8919,273.83633,-20.470165,147.4633,279.83652,-144.80203,163.4015,258.35474,-57.276768,162.94319,261.2757,-93.35585,205.51816,269.2306,62.85073,197.00406,305.21777,-188.58675,281.00806,279.3427,109.30327,277.56915,322.58017,-213.38864,338.70117,278.5609,75.936165,348.43234,311.8802,-209.75735,358.01587,276.23972,70.51858,369.73712,313.0699,-233.46315,358.53946,276.73492,48.628197,372.28543,305.31335,-233.94174,351.05975,279.28806,64.243256,364.47647,303.49203,-208.83966,332.84253,263.18372,69.85852,332.4612,281.2359,-69.78548,431.4113,235.5667,29.436737,429.13605,240.93672,-110.24113,530.1287,222.32243,50.705112,533.9364,226.38107,-82.64466,548.1736,234.60379,47.438194,551.0876,239.58145,-83.46198,559.9578,186.94974,-9.197953,563.453,188.1318,-153.58435
image_35.jpg,154.29117,250.45847,-88.45302,144.18953,255.38876,-80.294205,144.00983,256.13702,-80.335266,143.80501,257.05743,-80.33795,144.07755,257.42004,-108.97943,143.79486,259.32944,-109.019104,143.47018,261.49573,-109.08455,146.38345,270.27658,-26.1068,145.89093,274.8607,-155.66524,163.6126,254.25859,-64.00735,163.0385,256.69156,-101.61342,203.67947,267.87646,55.461914,197.08902,305.03003,-197.71237,279.63245,279.38263,102.497185,280.19708,320.5375,-221.45401,340.19772,280.0151,68.14615,349.90158,310.40103,-217.48824,359.45862,277.0837,62.090755,370.81506,313.51868,-241.91054,362.5542,275.54102,40.255947,372.9187,305.91406,-243.7069,352.54974,280.0783,56.4881,365.7465,303.4848,-216.98633,333.223,262.74283,68.94464,334.56873,281.29565,-68.88634,430.36926,235.3523,36.420963,429.86008,242.77762,-98.397865,529.0176,221.33618,66.30449,534.3519,228.02325,-68.8229,546.95734,232.27766,63.85986,551.79535,238.95541,-69.99103,555.8145,188.00398,8.12887,562.8606,189.82358,-142.91556
image_36.jpg,156.34291,249.7532,-100.92525,146.49223,253.99736,-92.92137,146.25003,254.69373,-92.95557,145.90707,255.53389,-92.95788,146.36792,256.10638,-121.327805,146.05145,258.11163,-121.36418,145.57213,260.45563,-121.43094,147.53432,268.82007,-38.637054,147.21335,273.67264,-167.07817,164.89789,253.9355,-76.36671,164.56947,256.3834,-113.651474,203.91797,267.674,42.83555,198.00836,305.34882,-204.99481,280.0199,280.97192,89.41501,282.26688,321.3538,-223.04762,338.05286,282.2645,57.250664,349.0923,312.66998,-208.6301,356.43134,281.00546,52.109028,370.2687,314.46045,-229.75401,357.385,281.94678,32.1656,372.29144,307.5484,-231.12628,349.49155,283.10654,46.444527,365.34192,305.5888,-207.64697,332.55206,263.35297,70.0603,333.3151,281.8401,-70.04662,430.3091,236.45004,37.14469,429.5074,243.45795,-92.39549,527.547,225.88591,63.348827,532.9619,231.57483,-60.03167,546.62427,237.06815,60.758442,550.83307,243.00035,-60.97429,554.1891,191.00272,6.0357504,560.58344,191.6889,-131.67188
image_37.jpg,155.78355,249.36078,-99.01352,146.00981,254.00717,-91.51565,145.76453,254.58006,-91.55717,145.49704,255.3289,-91.5633,145.95718,256.5134,-118.44695,145.70609,258.66922,-118.48583,145.38785,260.9782,-118.55054,147.69623,268.16016,-39.504852,147.90881,274.33582,-161.10445,164.4183,252.6953,-75.54243,163.69965,255.81099,-110.83769,205.19035,266.44235,38.273113,199.08012,303.0657,-196.04372,279.24533,277.01767,84.253075,282.89117,321.011,-212.84758,334.604,277.92706,58.47733,348.75647,313.22302,-197.8472,354.85284,277.17828,53.456936,370.70053,313.8466,-217.55847,355.05627,278.06323,34.36069,371.95038,306.0864,-219.69455,347.0266,279.66406,48.171173,364.61023,304.49435,-197.25125,334.8831,261.00626,63.838234,336.06674,279.89072,-63.79353,430.63034,234.937,38.277534,429.85052,243.80908,-84.243095,528.5924,224.36761,69.99361,531.79126,231.55539,-50.17083,545.6389,235.06483,67.82813,548.89044,242.24567,-50.680603,557.01697,193.09277,14.881164,559.21545,195.07104,-118.61973
image_38.jpg,157.08224,250.02116,-116.356346,147.32727,253.7134,-108.86371,146.93474,254.16415,-108.89584,146.4422,254.768,-108.90379,147.40659,256.5625,-136.83897,147.13026,258.79303,-136.87804,146.7485,261.38187,-136.95248,147.56148,268.20322,-54.80922,148.61548,275.4042,-181.14795,165.96387,253.21149,-91.69045,165.69983,256.9311,-128.36728,204.11649,268.34067,28.715315,199.16435,303.4887,-216.42029,280.2502,279.42227,77.453514,282.93817,321.1235,-233.2592,338.5097,281.15152,51.285076,353.45148,311.6501,-216.56793,358.30865,279.49405,47.186752,374.97186,313.32373,-236.78943,361.43292,277.59674,27.204128,377.40973,305.60657,-239.3847,351.5326,281.95428,40.681465,369.86536,303.64877,-215.96707,335.04608,262.95123,68.36422,336.68762,281.10114,-68.37763,432.2046,237.8691,66.229,431.89255,244.78088,-65.82306,528.35516,228.15173,113.46944,533.08386,232.55731,-13.577131,546.97217,238.2979,113.0143,550.6631,243.75023,-12.279353,557.03033,194.25217,64.23022,560.8773,194.66273,-77.76754
image_39.jpg,158.76001,248.61334,-98.52396,149.20082,252.40997,-90.837234,148.83493,253.13312,-90.87157,148.30865,254.05864,-90.87106,148.93918,254.63153,-118.982994,148.41068,256.7651,-119.02103,147.75305,259.13278,-119.08279,148.95155,268.37375,-38.324566,148.6122,273.27484,-165.77411,167.04309,253.22949,-74.60399,166.83896,255.93031,-111.63237,204.15681,269.0439,40.98232,197.874,304.72003,-202.51097,280.17508,278.0306,86.083694,281.9827,321.85156,-220.54549,340.30103,281.65848,59.493942,351.3631,312.15378,-204.41678,359.0759,280.19104,55.11654,372.58612,312.77277,-225.46379,359.65314,280.54196,34.62241,374.3295,304.90558,-226.04173,352.49423,282.2851,48.60375,367.00317,303.29562,-203.07883,333.22742,263.2354,66.43689,334.3947,280.28558,-66.408035,431.2553,235.88464,38.20239,430.22607,241.97333,-84.916885,528.86035,224.30367,66.87402,532.2793,229.93521,-54.474724,548.4211,235.58913,64.435265,551.372,242.70427,-55.626022,555.0036,191.43457,11.115944,560.0109,195.1575,-124.328735
image_4.jpg,155.95267,250.90152,-104.020645,146.18813,254.18867,-96.50842,145.89725,254.60295,-96.550766,145.44583,255.1916,-96.55757,145.92635,256.84427,-123.899704,145.52298,259.07492,-123.94125,144.87582,261.6825,-124.00337,146.11632,268.51935,-43.495857,146.02838,275.66806,-166.94878,164.46709,255.07455,-79.80766,164.32239,258.48563,-115.64261,201.69914,269.05746,38.775326,197.11444,304.96365,-202.99292,278.8311,282.65366,88.89542,283.73868,321.43167,-216.53197,337.51804,281.98993,63.203888,351.13986,312.16696,-201.42453,357.2974,279.90717,58.438,373.90347,315.29895,-222.35405,358.6356,280.3205,37.93468,377.01135,307.85983,-225.05804,350.08286,281.5939,52.295002,368.82645,305.30493,-201.0051,331.00812,264.27454,68.726494,332.56696,282.7659,-68.69443,426.6413,231.98238,30.269539,425.56424,239.66606,-89.35135,526.5253,217.57344,49.134094,530.69586,223.61252,-65.58535,543.4983,227.88806,45.842216,548.22864,234.7571,-67.478806,555.0203,181.7566,-7.972209,558.1725,184.20654,-137.756
image_40.jpg,158.94199,249.6818,-91.46188,149.38402,253.37027,-83.38474,149.0017,254.0039,-83.423195,148.45712,254.83409,-83.42845,149.15039,255.74919,-112.03668,148.62924,257.91574,-112.075264,147.96541,260.44696,-112.14705,149.09207,269.12665,-30.121498,148.97005,274.63834,-159.43153,167.32593,254.1821,-67.31183,167.30368,257.27597,-104.84031,205.25835,268.1806,51.016968,198.65297,303.65726,-199.80135,281.54688,280.6739,96.49405,282.81134,321.83743,-218.98547,338.41153,282.17886,66.158615,351.0928,312.76465,-205.96092,358.43414,280.87567,61.642376,372.65582,313.41708,-227.3721,359.6233,281.95673,41.225227,374.74493,306.6169,-227.9541,351.385,283.31244,55.125484,367.54858,304.80875,-204.68088,334.19553,264.2355,69.36585,335.69016,281.72772,-69.33336,431.82568,237.36046,44.804348,430.63763,243.02496,-83.277596,529.9887,225.38606,77.833984,533.95,230.598,-50.57732,547.57135,236.12679,75.83069,550.7043,241.54736,-51.350273,558.338,191.89816,23.689514,562.3621,192.10605,-119.81918
image_41.jpg,157.5376,248.17877,-101.936966,147.59637,252.17291,-93.734406,147.22794,252.95955,-93.7681,146.74843,253.93538,-93.77235,147.27882,254.21233,-122.89054,146.73515,256.30273,-122.92629,146.01297,258.59116,-123.00281,147.44205,267.5729,-38.968742,146.7727,272.61154,-170.88164,165.81744,253.22113,-77.08825,165.54126,255.58662,-115.382164,204.48386,268.2037,43.235756,197.51859,304.33398,-210.07765,280.5848,282.49088,89.58699,282.325,321.11884,-229.90973,339.35452,282.63275,58.85543,350.86148,311.6353,-214.75342,359.33282,280.7634,54.714756,372.06525,312.94983,-236.00821,360.3985,280.84302,33.760307,374.09207,305.92676,-236.91847,352.04456,282.37994,47.68702,366.75507,303.99146,-213.44159,333.39267,263.96005,70.47153,334.46948,281.35345,-70.46485,432.89648,238.2803,56.017616,432.03183,243.7016,-75.88311,532.5378,226.99016,94.513855,536.2495,231.4318,-32.953117,549.53766,237.18718,93.17925,552.53546,242.88548,-32.98309,557.62384,192.73862,41.35982,562.90137,194.99892,-103.52253
image_42.jpg,157.8204,247.8273,-108.44139,148.02057,251.98575,-101.17099,147.78711,252.71066,-101.20125,147.42462,253.6168,-101.20015,147.44269,254.0851,-130.22037,146.92747,256.1309,-130.25845,146.26387,258.42072,-130.32841,148.03754,267.1595,-47.320324,147.37474,272.51837,-178.64267,166.46178,252.96481,-83.505974,165.94794,255.4937,-121.77094,202.42926,269.86856,36.24211,195.86464,302.96436,-214.98491,275.97644,280.76303,82.91553,277.8742,321.57428,-233.08759,336.07153,281.2954,51.59395,347.4942,312.15564,-212.24983,354.16376,280.00378,49.154846,369.4498,314.72238,-232.49098,355.00842,280.21506,27.077215,370.91342,306.96457,-231.84802,349.2088,281.9679,40.101967,364.01294,304.35397,-210.07742,330.53146,264.0374,69.78771,331.73907,282.22162,-69.78978,428.2336,237.51402,65.89767,428.85156,243.17819,-69.961365,528.63275,225.67421,113.865974,531.092,232.79996,-16.070656,544.9771,238.24284,113.544075,549.4166,246.03827,-15.033905,556.5844,193.63704,61.719166,563.7379,197.21564,-85.379776
image_43.jpg,158.15718,247.8122,-99.080666,148.64427,251.78732,-91.160164,148.28667,252.52682,-91.1964,147.82385,253.49745,-91.1987,148.2544,253.9052,-119.60449,147.60728,256.0435,-119.639824,146.81125,258.4853,-119.701805,148.28046,267.49213,-37.0852,147.42506,273.02567,-165.90247,166.69962,252.74034,-74.56834,166.46883,255.28787,-111.989624,204.22229,267.61383,42.280334,198.5155,303.11655,-201.97464,280.9299,278.28558,89.4774,283.45935,320.59213,-218.94316,338.8825,280.68237,60.07883,350.97827,312.04626,-201.71242,357.7727,279.56592,55.393173,372.36218,313.86246,-222.14233,358.26807,280.37347,35.089996,373.94455,306.10025,-223.63489,351.17252,282.21765,49.225468,366.88675,303.92712,-200.65463,334.24133,263.1276,66.48004,335.52612,280.88293,-66.45728,432.32233,236.70708,38.97624,431.77863,244.28381,-81.85258,528.6987,224.61452,67.77261,533.44305,230.79935,-47.2411,547.37854,235.87984,65.47098,552.4602,243.72188,-48.189507,556.62256,191.13759,11.079609,563.2301,193.54674,-119.41823
image_44.jpg,157.62845,248.46977,-102.88632,148.22588,252.45526,-94.656715,147.91458,253.14403,-94.69109,147.46138,254.02853,-94.694176,147.94016,254.6388,-123.15919,147.47191,256.73843,-123.19797,146.8197,259.10693,-123.266594,148.4311,268.06396,-40.226746,147.81998,272.96414,-169.15723,165.95383,252.8973,-78.28904,165.71007,255.62105,-115.68565,205.58144,267.27722,42.049137,198.87137,304.3402,-207.76674,281.8056,280.0281,88.73546,284.06158,321.09586,-224.78229,340.58945,281.8293,60.087227,353.30634,312.7581,-209.82147,361.61365,276.53568,55.28092,376.3716,315.12283,-231.72334,360.8618,278.38174,35.2224,378.9987,307.11197,-233.63885,352.48215,282.76642,49.352642,370.8015,304.99966,-209.15787,333.4166,263.10388,71.10956,333.0101,281.3078,-71.09775,432.1283,236.60934,48.21193,430.0537,241.93457,-96.74118,531.6436,226.74959,78.46745,533.9956,230.34793,-58.01682,547.71655,238.34894,76.16842,550.00665,241.99411,-58.071747,557.6993,191.40088,23.907558,560.8875,191.35689,-127.07959
image_45.jpg,158.62234,246.50671,-92.90257,148.78264,250.43272,-84.61987,148.44576,251.12326,-84.65824,147.96667,252.018,-84.65865,148.54707,252.76236,-113.27317,148.08557,255.01837,-113.309975,147.44766,257.49924,-113.36865,149.06358,266.24002,-29.625074,148.3706,271.94952,-159.38086,167.28366,251.30934,-68.0997,167.05843,253.9873,-105.848175,204.56943,267.68997,49.074368,197.07756,302.90045,-197.58932,282.19693,279.44177,93.36608,280.41296,321.76974,-219.50021,341.5332,281.05502,64.00244,349.61908,312.1811,-207.96114,361.16205,278.30133,59.56199,370.60956,313.37024,-230.01282,365.4251,277.7807,38.039516,372.58234,305.71884,-229.81863,354.3916,280.41397,52.635452,365.6456,304.03537,-206.41116,334.10303,262.68335,67.51576,335.29117,280.25693,-67.458725,432.2261,236.89426,39.221474,431.8367,243.76276,-90.79979,529.9812,223.99576,70.33448,535.00946,230.79459,-58.9169,547.18604,235.20941,68.09731,552.92126,243.72986,-60.10591,558.87256,192.02017,12.441872,565.96094,193.55867,-133.38933
image_46.jpg,160.03073,247.73512,-90.690315,150.3038,251.21504,-82.321915,149.94571,252.02405,-82.356575,149.43137,253.00931,-82.35188,150.0653,253.17267,-111.88518,149.51743,255.18376,-111.92781,148.81076,257.38126,-112.00299,149.8448,267.25674,-27.128134,149.51773,271.82425,-160.69214,168.23538,252.53995,-65.79076,167.99599,255.0083,-104.57455,205.39986,268.7864,55.277504,198.60501,303.5822,-202.30995,279.21082,281.2646,102.82307,279.89618,321.88428,-225.68295,337.19788,281.43954,69.28966,349.02258,311.70044,-217.81671,357.34747,278.8376,64.43375,370.09045,313.98752,-241.27708,358.34015,279.0342,42.513508,371.3751,306.41714,-242.28249,350.42548,281.2021,57.62139,364.66553,303.9587,-216.69853,333.6992,262.6326,71.42729,335.4062,280.7488,-71.39039,430.34253,238.13634,42.92008,429.93823,244.51701,-99.34198,528.511,226.32478,77.10315,533.3568,232.44905,-66.038925,546.8917,237.5208,75.03895,551.11926,243.55623,-66.82931,556.0718,193.01225,19.621132,561.21045,195.12639,-140.07585
image_47.jpg,158.7402,247.10524,-127.25761,149.01785,251.36844,-119.89824,148.65216,252.21986,-119.93143,148.15915,253.30261,-119.94791,148.67638,253.3501,-149.2396,148.06282,255.4595,-149.29129,147.30492,257.84082,-149.36943,148.70787,267.74185,-64.9347,148.19519,272.49292,-197.6129,167.1983,252.35262,-101.827324,167.00897,254.84966,-140.44064,205.10315,267.13928,16.508114,200.46979,306.64468,-226.92625,281.8419,278.09192,71.5043,285.11707,322.52368,-238.81776,335.97226,276.51947,50.43303,353.46432,310.89832,-212.8577,356.76318,275.3175,48.060947,374.81445,311.35345,-230.99123,356.6696,274.8997,26.571257,376.34128,304.5414,-232.83775,350.6088,276.93396,39.29791,369.48166,302.9678,-211.55756,334.2117,262.26794,65.34444,336.5655,282.221,-65.33856,431.0216,237.60315,46.080307,431.9325,248.52136,-72.48708,530.6382,226.10281,88.755295,534.2557,235.36536,-23.625942,546.6836,236.58897,87.86617,553.50397,248.31293,-23.773592,556.9595,192.62839,30.361061,562.8071,197.84009,-102.85232
image_48.jpg,156.54636,248.21623,-103.2544,146.40114,253.05637,-95.0222,146.13104,254.0661,-95.05775,145.76291,255.2676,-95.06226,146.1947,254.47272,-124.381546,145.81989,256.31857,-124.418144,145.32263,258.35187,-124.48838,147.61858,269.2192,-40.893826,147.11807,272.40186,-173.36684,165.59894,253.18327,-78.78992,165.3536,255.18245,-117.233,204.98776,269.2013,42.495037,198.27335,304.9068,-213.70184,281.878,281.6679,87.245705,283.72736,321.5018,-234.35776,344.58887,279.2931,52.57484,351.3932,311.8302,-222.37914,361.23642,281.4082,47.413635,373.65277,313.84674,-244.96216,362.7087,278.40216,26.722206,376.00894,306.76065,-245.98305,354.11987,282.92242,41.291496,368.83057,304.54715,-221.37299,333.73138,264.9888,71.122246,335.50998,282.79547,-71.093185,430.69565,238.27676,47.535187,429.92413,244.66821,-81.367676,529.04083,228.17729,84.595505,534.1576,233.24866,-46.97039,546.82135,239.18466,82.91681,551.0654,244.14218,-47.887974,556.1079,192.35565,29.606003,561.51434,193.51404,-119.20892
image_49.jpg,157.6767,247.78653,-104.519165,147.79727,252.53806,-96.872826,147.48817,253.28574,-96.90385,147.0863,254.18576,-96.90393,147.61833,254.48119,-126.29297,147.22566,256.459,-126.33149,146.69058,258.70288,-126.40712,148.44125,267.4471,-44.280163,148.29361,272.35104,-177.06007,166.34096,252.20567,-80.33739,165.89308,254.71701,-118.886566,204.20361,268.83624,40.81887,199.25447,301.98975,-217.8257,281.01553,278.67487,87.41962,283.23407,321.01352,-236.76337,341.75003,280.16312,58.276825,354.63535,310.42703,-218.70161,361.182,279.02917,54.815754,376.32785,311.15857,-240.26422,364.78104,277.54053,33.444565,378.62866,303.74777,-240.97566,354.9031,280.8082,46.95555,370.8331,302.19623,-217.26892,334.5093,264.58868,72.40668,336.38025,280.24692,-72.407394,433.99738,239.13309,64.02935,432.92133,243.76497,-71.94018,530.68774,229.80763,107.671906,534.7503,234.33562,-27.246542,550.58887,241.46916,106.797035,553.8329,247.74052,-27.014494,554.78766,195.27466,58.336872,566.66455,197.4939,-93.3294
image_5.jpg,156.33865,249.58228,-96.843376,147.17255,253.00032,-88.956406,146.88873,253.51678,-88.99711,146.47092,254.22604,-89.00821,146.50362,255.45374,-116.259544,145.71718,257.65744,-116.297874,144.74626,260.32504,-116.347305,146.5143,267.5339,-34.620148,145.24939,275.04935,-158.16171,164.82979,254.48492,-72.24013,164.47949,257.6956,-108.140976,203.63522,267.35095,45.749317,196.08598,304.02866,-193.3252,281.83362,281.1348,91.73688,281.27505,321.65436,-210.01503,341.13226,281.9211,63.02547,349.51785,312.95383,-197.71588,360.4073,280.49667,57.398125,370.645,314.01376,-219.03473,362.2917,279.48712,37.135624,372.8787,307.14368,-220.18767,352.894,282.47275,52.096363,365.15814,305.59848,-196.83229,330.7746,264.54507,67.33308,331.01984,283.14096,-67.25401,428.08118,234.37108,13.486017,426.24054,242.14906,-108.69719,527.1851,219.34814,26.272755,531.12665,226.96056,-89.72763,543.5748,229.20822,22.528786,547.70105,237.04364,-91.72196,557.6652,183.38405,-34.368107,561.6134,187.48357,-163.07639
image_50.jpg,158.87758,247.37402,-111.43919,149.19263,251.51256,-103.83237,148.84148,252.47389,-103.86195,148.38086,253.67232,-103.864555,148.7384,253.23071,-133.38771,148.03647,255.25053,-133.42525,147.15485,257.49127,-133.49893,148.73354,268.09253,-49.468876,147.79306,271.77063,-183.36365,167.07043,252.96452,-86.35074,166.79562,255.10555,-125.32253,204.75385,268.2393,32.945038,197.07191,303.95047,-218.5797,278.1653,280.20233,80.539474,279.62543,322.2726,-236.9331,333.14905,279.88498,46.931377,347.5699,312.68735,-215.62817,353.04428,279.19904,44.157223,367.9863,314.34195,-235.95181,353.2074,279.41986,21.818636,369.91443,306.69092,-235.3829,346.4493,280.92474,35.289467,363.45227,304.795,-213.51666,332.24228,262.53128,69.842094,333.85162,280.8188,-69.85445,430.7797,238.11995,68.60509,431.6577,244.7927,-65.186485,527.9462,227.96407,123.05022,531.5813,234.4504,-4.4829426,544.1802,240.36696,123.505936,549.0203,248.25662,-2.8880618,556.3423,194.9913,70.66689,561.0886,201.19286,-75.936745
image_51.jpg,496.86157,241.13048,-51.10389,507.55255,243.3692,-68.462494,508.8124,245.35371,-68.47299,510.3448,247.55098,-68.49199,506.7151,240.48262,-39.104954,507.27075,240.28444,-39.09137,508.0276,240.1896,-39.163788,514.54626,261.06427,-102.306076,511.71567,251.66898,28.669722,491.13174,249.99321,-60.029774,489.62854,246.16782,-21.845535,474.74847,299.58447,-168.04855,460.0084,268.61084,125.936264,398.08405,329.1113,-226.49886,386.9792,288.80753,165.89607,323.89227,332.11432,-263.1346,323.2517,293.12,128.74925,302.6385,338.85187,-294.9987,300.49286,300.55524,133.12782,300.36218,329.91708,-289.83594,300.71725,295.74823,107.10369,306.0494,325.86694,-260.32043,306.60733,298.46613,116.37251,331.43835,302.22064,-90.36506,326.50873,282.43472,90.33681,233.63837,263.00632,-137.68253,224.4589,259.59067,49.843983,113.66232,247.45663,-136.67735,114.045044,247.95479,40.77195,93.42274,259.7404,-140.28627,92.11979,260.54492,35.594513,86.03441,195.63368,-219.65912,86.68007,195.8294,-31.328846
image_52.jpg,496.79102,241.90378,-27.096611,507.6847,244.3311,-44.354233,508.9663,246.30652,-44.366093,510.35977,248.34784,-44.384148,506.66364,241.72205,-13.807884,507.1006,241.67307,-13.789997,507.71146,241.69293,-13.86894,513.5194,262.47226,-82.66771,510.7526,253.96259,53.224674,490.9251,250.26938,-38.26138,489.36844,246.57964,1.3433193,475.35065,301.18835,-160.76994,457.36688,268.53796,152.49994,397.60666,330.66034,-222.73436,385.03693,289.53018,188.7597,320.96634,332.56125,-262.98175,320.64102,292.5782,149.83,299.85706,339.0751,-296.54605,301.00284,294.4736,154.95552,296.61554,329.63452,-290.00104,299.07782,295.1959,127.80808,303.13934,325.7641,-259.71347,306.07114,296.33777,136.66698,331.58026,305.48822,-94.756134,326.9848,284.99292,94.71467,232.9319,263.68243,-148.14053,226.14163,258.99814,39.135746,115.42212,250.96149,-156.32277,116.8232,246.08015,27.446682,93.86133,265.10345,-160.55856,94.27565,258.11163,22.348612,87.230286,195.591,-240.88257,88.23862,192.71892,-45.057663
image_53.jpg,494.91483,242.93678,-30.672207,506.33386,245.21773,-46.865364,507.67603,247.31183,-46.875427,509.30176,249.58034,-46.890316,505.31854,242.46309,-18.482126,505.8243,242.40927,-18.460375,506.5442,242.4595,-18.523035,513.48755,263.03244,-80.921135,510.4168,253.77888,45.023327,489.26727,252.28787,-40.114822,487.54956,248.46562,-3.3772075,473.84402,302.59744,-149.89407,458.02185,269.47766,138.25455,396.92044,331.9337,-193.8815,385.7042,291.11478,187.2177,324.9149,332.30548,-215.68954,323.39716,293.10944,164.76932,302.7498,340.1489,-241.85365,303.14685,292.5507,172.13358,301.28232,329.89276,-235.86586,300.60516,293.06262,147.83943,307.12628,324.92435,-211.83987,307.81012,294.20206,153.20882,332.9608,304.08374,-85.495636,328.03094,283.30466,85.45593,229.7924,265.2985,-124.35239,228.1435,256.26044,43.04502,109.797455,250.51352,-132.9059,115.321465,241.03406,34.17058,90.68605,263.8777,-137.18217,94.233765,253.8794,29.434341,81.390305,198.74384,-215.29929,84.29127,196.15668,-33.579422
image_54.jpg,497.7497,242.64787,-93.35373,508.3291,245.72879,-104.32532,509.57257,247.95871,-104.33156,511.0242,250.3963,-104.373085,507.21817,242.09155,-77.0189,507.51898,241.69873,-77.00458,507.9342,241.30728,-77.04908,513.7117,264.18857,-112.98206,510.3048,251.56337,8.710365,491.20123,251.79605,-93.48839,489.56833,247.29538,-58.02575,473.0938,300.42892,-171.69772,457.0552,267.5419,121.659485,395.35254,330.6144,-224.06741,382.7998,288.69022,169.83214,320.47897,333.29526,-256.69482,319.37253,296.19528,130.52899,299.65994,340.43088,-287.482,299.66837,291.42365,134.44614,296.68243,330.12207,-283.41803,298.40106,293.58063,108.255905,303.22495,325.541,-254.2446,305.12646,294.5185,117.93976,332.4155,303.10614,-90.91681,327.15817,282.4693,90.90863,232.13855,263.5385,-140.00699,225.05704,259.48187,32.2665,113.644714,250.22772,-143.64499,115.07168,245.8476,24.728062,93.56491,264.835,-147.52621,93.37269,259.54453,19.874357,84.51759,196.98595,-229.82985,85.37571,194.19917,-49.98093
image_55.jpg,498.35992,239.37317,-39.22714,508.38986,241.8504,-58.237595,509.51004,243.7639,-58.23528,510.87366,245.88377,-58.243607,507.61346,239.56676,-26.479952,508.06293,239.60634,-26.469814,508.69397,239.72493,-26.549654,514.2844,260.52188,-103.815506,511.78604,252.63487,37.01904,491.81094,248.10365,-53.43206,490.68143,244.89569,-12.323876,474.4729,298.79694,-182.18164,457.8131,267.4235,134.50626,398.35156,329.89026,-247.57332,385.41965,287.99594,172.61534,321.01178,331.73633,-287.96207,322.23392,291.1759,131.28279,300.71677,339.00046,-323.2761,301.6594,291.4671,135.48837,297.78345,328.39343,-316.75745,300.0939,292.9113,107.293846,304.32452,324.10904,-284.91006,307.24484,293.444,117.74046,330.73254,303.45374,-96.490555,325.82333,284.0769,96.44261,228.77937,260.91516,-122.82723,223.36617,258.2624,68.966606,113.65288,251.79471,-109.83075,117.87596,245.04922,84.89617,95.13956,263.9767,-112.264145,97.822815,257.01797,82.194534,86.01833,196.66086,-191.01494,87.79985,193.93544,17.033998
image_56.jpg,497.06985,242.09123,-33.20807,508.24783,244.41876,-49.74722,509.63806,246.449,-49.755264,511.13794,248.48935,-49.764244,507.0297,241.45169,-20.155487,507.40372,241.28232,-20.149223,507.93542,241.15102,-20.223694,514.42053,262.0895,-85.74302,511.26154,252.76279,45.637783,491.37408,250.8171,-43.605026,489.4881,246.99803,-5.292075,474.8205,300.32217,-158.30995,458.20074,268.42117,142.57103,398.33325,330.27872,-209.80003,386.4494,290.12082,187.81207,323.0854,333.2903,-241.2698,324.0797,296.30927,156.3477,302.9223,340.21448,-270.8118,304.25177,296.83603,162.86975,300.62506,330.85352,-264.23038,301.75388,296.48993,137.6808,306.65503,326.78076,-237.53372,308.82043,297.5196,144.30511,332.36658,305.57385,-90.110016,328.30124,284.50406,90.03526,230.9115,263.90152,-132.50586,228.74585,255.01791,38.604927,112.61064,249.78313,-142.08835,117.6136,241.28894,35.02082,92.2813,264.27545,-146.69733,96.04996,254.7206,30.82818,84.553795,194.62419,-229.15346,86.76103,192.06331,-34.99814
image_57.jpg,496.38458,241.65279,-23.996058,507.18054,244.00989,-40.0282,508.5127,246.09312,-40.04033,510.02747,248.23225,-40.044388,506.01263,240.76143,-10.868107,506.3411,240.42778,-10.857559,506.82816,240.14368,-10.929059,513.6318,261.7013,-73.42506,510.3702,251.54915,56.026417,490.65903,250.51283,-33.412506,488.58087,246.34634,4.3581657,475.028,300.93854,-146.01239,457.0444,268.00668,151.12012,396.4037,330.44852,-202.66235,383.4561,287.35516,194.17044,323.52173,331.74097,-243.25468,322.2679,291.65405,163.55365,303.09076,339.1777,-273.17316,301.59854,296.78967,169.6769,300.96362,329.85837,-267.82993,300.93817,293.24124,145.51155,306.5682,325.61566,-240.23131,308.0433,294.2199,151.85184,331.17035,304.55292,-89.52836,326.64294,283.87305,89.456375,230.29128,263.70758,-136.34659,226.91437,255.2611,42.150352,113.75197,250.7276,-149.58112,117.25801,243.09114,31.139141,92.84166,263.26096,-154.31247,94.10135,255.8604,26.242157,85.734215,197.49774,-233.58115,86.3038,192.24086,-36.606163
image_58.jpg,498.42056,241.51794,-31.196281,509.32983,244.29231,-48.448586,510.54077,246.38129,-48.446,511.89664,248.55354,-48.451534,508.54333,241.62683,-19.350477,509.0598,241.56541,-19.334295,509.73434,241.5873,-19.392813,514.8407,261.6781,-89.7379,511.99832,252.57422,38.694874,492.64185,250.03006,-43.82683,490.9776,246.36609,-6.267776,474.3999,300.22577,-159.53864,457.02115,269.22516,129.71207,398.28925,331.4872,-203.2001,385.10284,292.42953,178.833,323.95587,332.09622,-230.71872,323.4403,296.53677,154.20497,302.90964,339.65762,-258.32172,304.18134,296.27646,161.76184,301.11542,330.23718,-251.03189,302.16043,294.8487,136.62096,307.3307,325.60165,-226.526,308.86823,296.30792,142.42552,332.13895,303.1858,-84.55224,327.87265,284.75793,84.497696,229.78497,260.78253,-116.99678,228.50055,257.2344,53.01303,109.4332,251.23964,-115.81174,117.03775,245.45804,54.26489,89.70308,263.67792,-119.18258,95.048256,258.1595,50.147995,80.97008,194.84308,-195.32936,86.7737,196.438,-12.692737
image_59.jpg,498.22015,241.6852,-33.536366,509.1711,244.43524,-49.4934,510.46045,246.61409,-49.496674,511.83655,248.80292,-49.50968,508.18,241.47946,-21.222565,508.62292,241.34668,-21.206097,509.2126,241.27582,-21.268051,514.6484,262.8044,-83.06191,511.98834,252.9677,41.912308,492.22134,250.19926,-42.947773,490.54202,246.17297,-6.4378934,474.95453,300.06293,-153.29663,458.75964,269.60266,137.04245,396.51404,330.4799,-198.5367,386.0002,291.24954,182.6037,325.6762,332.7127,-223.13622,322.19476,294.4345,156.86185,303.96298,340.10794,-250.48679,302.03305,295.52435,164.37918,302.4085,330.45575,-243.95178,300.37048,295.50803,140.05563,308.30112,325.3752,-219.16443,307.3163,296.27264,145.35625,331.55075,302.40115,-86.41321,327.2162,282.87756,86.37651,229.3673,260.3447,-116.1515,227.16418,256.03226,52.68116,111.02484,246.16774,-114.4509,116.88707,242.85043,50.419735,89.33529,258.348,-117.708206,93.34499,255.37128,46.213768,83.75975,192.428,-190.56256,87.32164,194.01483,-15.001682
image_6.jpg,157.82343,251.49934,-101.99631,148.2128,254.81503,-94.48035,147.89987,255.22803,-94.51394,147.39662,255.79938,-94.516,147.76633,257.47748,-121.46092,147.23572,259.78308,-121.50108,146.4499,262.52097,-121.55682,147.3921,268.74664,-40.08172,147.08922,276.2914,-162.06754,165.98615,255.53667,-77.31295,165.71442,258.87933,-112.76142,202.39944,269.2015,41.699215,197.49936,304.1587,-198.48163,277.27606,278.95453,90.62615,281.2035,321.9594,-215.73416,335.64398,280.17288,62.8343,348.9658,312.09497,-204.74846,356.528,278.45554,58.132866,371.17773,314.30615,-226.19429,357.57648,278.729,37.50802,373.25467,306.46973,-227.95456,349.61856,280.53287,52.08016,366.08588,304.3265,-203.94342,331.56458,264.02698,68.04237,332.937,282.28625,-68.00302,428.57092,232.20096,29.31337,427.20117,238.3366,-87.11043,526.5838,219.31311,49.265743,531.99,225.42706,-64.94369,543.8334,230.37112,46.193726,549.1467,236.31177,-66.84501,557.979,183.65965,-7.431161,562.6215,184.71783,-135.2164
image_60.jpg,498.013,242.11719,-25.785444,508.78644,244.73265,-42.559933,509.90875,246.68747,-42.55226,511.13553,248.73033,-42.563507,508.02185,242.20688,-12.863026,508.51648,242.21346,-12.841691,509.18024,242.2655,-12.914263,513.7986,262.98492,-80.15071,511.76642,254.1193,51.369957,491.7592,250.29886,-36.813698,490.31604,246.64095,1.5834183,473.737,299.73758,-154.13097,457.87805,268.44138,146.1793,396.6026,330.09897,-207.77374,385.3811,289.11325,187.49945,323.97617,332.94577,-244.73813,317.97217,298.15863,158.6527,302.92877,339.3977,-274.98566,298.27823,300.2096,165.40091,300.312,330.11313,-268.76157,300.4314,295.82468,140.62868,305.91806,326.0887,-241.24619,307.13763,296.24496,146.81538,332.37653,303.48795,-88.663025,328.50598,283.09927,88.63608,231.90005,262.34372,-152.41072,228.33098,254.3022,24.67838,114.63815,246.08473,-170.05515,116.35685,239.88393,3.8424654,93.18897,260.14932,-175.21529,92.803024,253.06718,-2.108512,88.93398,192.61334,-256.56467,88.1862,187.51869,-69.52011
image_61.jpg,498.1822,241.45735,-47.92051,509.46445,244.01822,-63.349834,510.80176,246.26672,-63.354683,512.2798,248.4685,-63.365612,508.46844,240.84929,-35.55077,508.9254,240.61583,-35.53636,509.53986,240.44992,-35.596886,515.24835,261.51477,-92.39336,512.11053,251.40495,30.508911,492.0158,250.40111,-55.547005,490.31207,246.29945,-19.66509,474.86942,299.91248,-156.87936,459.2358,268.53024,127.19539,399.28116,329.86258,-202.35365,387.29172,291.04727,173.19284,325.52914,331.04034,-228.31747,323.51193,294.4248,146.12225,303.77298,339.17798,-255.18887,304.05896,294.82104,152.36845,302.12634,329.15533,-248.61337,301.63394,293.88208,128.5922,308.41672,324.15924,-224.38406,308.79004,295.0193,134.72325,333.43906,303.91635,-83.63994,329.04962,283.80087,83.577354,232.26062,263.27158,-139.47626,229.77063,255.25873,34.1011,111.32895,250.84122,-158.1831,118.95477,243.38208,13.410887,90.70235,261.84344,-163.4211,94.93857,255.57341,7.553053,84.47975,191.22061,-243.57321,89.35593,192.13722,-55.25278
image_62.jpg,497.31976,240.78706,-36.463375,508.18954,243.4225,-52.75193,509.4562,245.5458,-52.759155,510.85443,247.74611,-52.766296,507.14905,240.4616,-23.401825,507.52832,240.2675,-23.392025,508.06604,240.1304,-23.453701,513.9108,261.58704,-86.53159,511.0286,251.27573,43.91811,491.23074,249.78015,-45.91575,489.49222,245.53708,-7.8603578,474.1313,300.18637,-157.64151,457.66968,267.85095,141.46329,398.11237,329.90454,-214.06064,385.5925,290.4256,183.80144,326.66382,331.39777,-250.22414,322.71472,294.5468,147.76923,305.30673,338.87234,-281.0049,303.22714,294.963,152.85641,303.54855,329.6869,-274.39954,301.3421,294.17538,126.98123,309.4161,324.91962,-246.67412,308.40677,295.93616,135.19759,332.94055,303.2488,-90.171875,328.6298,283.2594,90.13604,235.07271,261.33185,-156.57262,230.98874,255.4971,28.52504,114.84384,243.9798,-173.45406,118.419876,241.26228,5.635738,94.143845,256.9351,-178.64305,95.78312,255.21323,-0.6211433,88.32704,187.1987,-260.06848,90.868286,188.76059,-66.61304
image_63.jpg,498.19797,239.88022,-65.158516,509.22775,242.52332,-80.45493,510.5832,244.80623,-80.47108,512.1649,247.29976,-80.49922,508.0046,239.18687,-49.944805,508.34906,238.84471,-49.924103,508.875,238.58691,-49.992275,515.49536,261.54507,-105.952675,512.142,250.31622,30.620876,491.64575,249.57018,-71.40606,489.97168,245.07758,-31.630095,475.15857,300.9345,-174.5894,458.8593,267.474,138.84862,398.2154,329.43512,-244.7485,385.83163,288.38654,179.38882,322.6928,331.95206,-295.19318,320.15747,298.2194,131.70647,302.1393,339.01224,-331.87543,300.23846,299.16922,135.50797,298.83032,329.62646,-326.3657,299.15912,296.4713,106.78293,305.3944,325.07788,-292.66495,307.13336,297.74353,118.04526,329.75436,303.68045,-98.61283,325.674,282.87323,98.5744,231.29434,260.42218,-158.47017,223.45316,255.05734,53.08601,116.57068,245.18967,-164.58224,117.43178,240.18073,45.567543,96.98563,258.75668,-169.00938,97.21159,252.493,40.61157,91.4621,189.29037,-253.31007,91.67435,187.53362,-26.640985
image_64.jpg,496.47314,240.611,-21.500462,507.02896,243.00711,-38.691925,508.29352,244.9981,-38.69309,509.69925,246.98943,-38.70491,506.07956,240.19707,-8.057163,506.50916,240.0658,-8.043867,507.1153,239.97882,-8.106679,512.9102,260.49442,-77.49187,509.92798,251.73863,58.671627,490.75232,249.3334,-32.777912,488.97736,245.87239,6.941461,474.28226,300.17438,-149.86476,456.38525,268.26175,154.86118,397.0047,329.26932,-201.96838,384.64655,289.04236,198.85999,323.82654,332.2119,-232.18987,322.35867,294.07904,165.41306,304.23746,339.1944,-261.70703,302.0059,298.43344,171.3846,302.32074,330.63126,-255.54735,300.7935,294.1845,145.69624,308.26727,326.29153,-228.65793,307.74414,296.34677,152.8998,333.11566,305.29617,-91.184875,328.44727,285.15842,91.15193,234.12735,262.10593,-170.20163,228.19897,257.2509,14.550604,114.45085,247.52512,-195.37839,115.04576,243.86003,-19.347977,92.790794,260.05127,-201.17252,93.25199,255.93835,-26.448414,87.97192,190.64339,-282.4162,87.41325,189.08609,-93.447685
image_65.jpg,496.50848,240.41261,-81.65252,507.47635,242.91167,-95.86447,508.8532,245.30493,-95.87222,510.43686,247.81348,-95.91177,506.16034,239.34065,-66.11561,506.4749,238.94107,-66.1006,506.96933,238.62257,-66.16756,513.84436,262.00568,-117.242165,510.56396,250.65771,15.788239,490.06476,250.45827,-86.42846,488.30884,245.8153,-47.65928,473.659,302.29886,-180.33597,456.95642,267.32172,127.83008,393.99033,331.9159,-235.69765,381.13248,287.86874,171.35826,319.33884,333.10477,-273.16623,316.47342,293.71686,123.70102,300.63123,340.45825,-307.5355,299.53784,299.6417,126.44952,297.0161,331.91568,-303.72028,298.7222,297.03867,98.748405,303.48376,327.6479,-271.08646,303.50705,295.32718,110.36105,332.74762,305.47144,-96.51773,328.46652,284.76523,96.47981,227.26178,262.49088,-145.92615,225.199,258.2108,43.790504,114.700775,248.90909,-150.14616,118.78403,243.1051,41.827553,94.76251,261.2424,-154.31972,96.80612,254.19646,37.756966,86.27565,191.68015,-239.29655,87.871155,189.29501,-30.925266
image_66.jpg,501.18454,238.70856,14.08983,511.42792,241.41116,-3.4202292,512.60266,243.34668,-3.433803,513.8367,245.18231,-3.4295864,510.53616,239.28871,27.117367,510.94427,239.4897,27.12854,511.5119,239.74072,27.05755,515.92334,259.3628,-50.47565,513.181,252.17105,84.4892,494.68387,247.01445,-1.1461338,493.1984,243.99834,38.27795,477.05228,298.81702,-130.02324,457.99127,267.69418,169.67169,400.506,329.5195,-183.58362,386.75238,289.10956,208.41904,327.72314,331.08005,-223.35823,324.6829,291.0104,176.97952,306.0832,338.61725,-253.22096,303.98495,291.86673,183.55545,304.15796,329.30185,-245.88733,302.25464,291.8979,158.18648,309.6916,324.5525,-219.59354,309.82324,293.64273,164.74133,332.5545,301.7896,-89.42303,327.85175,282.10675,89.37965,230.59018,261.206,-138.10623,228.74393,255.57721,40.819473,113.12952,246.39355,-149.98958,119.845314,242.57724,27.719858,90.15082,259.2941,-154.62573,95.24095,255.7655,22.377174,84.56051,190.33948,-230.80458,88.60869,192.0198,-40.40979
image_67.jpg,497.85263,238.82916,-16.643494,508.16736,241.08876,-34.02225,509.50098,242.89967,-34.033657,510.9292,244.86197,-34.043957,506.94885,238.72256,-2.9369411,507.2844,238.67049,-2.9235933,507.786,238.69821,-2.9879568,513.7792,258.87845,-75.84372,510.5631,250.46048,62.148384,492.19528,247.34087,-29.464073,490.43677,244.1213,10.782614,474.91675,300.39716,-152.88252,456.05505,267.72507,157.20686,397.95667,330.85852,-207.31895,384.2021,288.31607,196.84294,323.04852,332.30783,-241.66232,320.51593,291.68265,159.27945,302.74536,339.53452,-273.83112,301.39185,291.4664,164.97643,300.0192,328.6214,-266.86948,299.95306,293.12604,137.57545,306.0561,324.2486,-238.06627,306.4765,294.10382,146.02405,332.15308,304.53925,-93.26903,327.7567,284.0005,93.232605,231.5139,263.1007,-150.92308,226.8714,257.38632,32.845604,114.56444,250.04938,-164.19641,117.37324,243.09978,19.24493,93.35579,263.41602,-169.23846,94.1413,256.15973,14.003516,86.75945,193.7384,-251.20374,87.88359,190.17082,-53.055782
image_68.jpg,497.02142,238.73436,-19.885067,507.5678,240.81648,-38.783028,508.76062,242.7526,-38.79454,510.0441,244.74226,-38.809326,506.83246,238.44598,-6.535018,507.36884,238.46829,-6.5150137,508.0472,238.53796,-6.5841584,513.5041,258.97272,-86.331314,510.94864,250.4942,56.72857,491.0236,247.5153,-34.9503,489.46448,244.26923,6.8227158,475.39078,299.83566,-167.53098,457.74347,268.86456,153.55542,398.4293,330.25662,-227.16505,386.02353,290.0013,192.11058,323.3873,332.803,-262.2899,323.51257,294.08453,150.53827,304.8536,339.45956,-296.67444,303.97803,299.41223,155.49167,301.9463,330.29926,-288.7804,302.37173,296.67377,126.77788,307.87634,326.23825,-258.40994,309.5306,296.94067,136.63196,330.5102,305.3491,-95.222206,326.46854,284.8837,95.20046,227.51636,263.5491,-137.76462,224.45172,256.87524,43.304554,112.455215,247.3661,-140.44933,115.605545,242.52257,45.280552,90.90145,260.10565,-144.2882,92.88985,255.7441,41.446568,84.605064,191.18423,-224.47711,86.758026,190.94728,-25.363102
image_69.jpg,496.714,241.43271,-26.077599,507.64648,243.95047,-42.75759,508.98685,246.01868,-42.77065,510.37842,248.03705,-42.775654,506.35617,241.03981,-13.353678,506.7024,240.93652,-13.342394,507.20453,240.8535,-13.415722,513.3573,262.09503,-80.68219,510.43817,252.66138,49.646713,491.1128,249.96286,-37.1565,489.04633,246.0147,0.87825507,475.69025,300.43402,-152.196,457.25598,269.11902,143.86185,398.89072,331.22412,-199.91646,384.09534,291.602,188.9842,323.95596,330.05264,-228.12347,319.0608,294.9823,158.16817,302.3803,338.67502,-256.61328,298.3478,294.2064,164.4765,300.63107,329.24442,-249.8303,296.01825,292.77225,139.09686,307.48767,324.37372,-224.23387,304.18192,293.89978,145.98238,333.90424,308.30048,-88.81773,328.54263,288.25653,88.74884,229.91397,263.98178,-138.62914,227.5375,261.512,40.19699,111.86194,249.94635,-149.411,116.723724,246.07446,26.99875,91.5632,262.19287,-153.98256,95.295425,259.2036,21.828554,84.557686,192.26395,-231.70625,89.34826,193.39017,-41.2882
image_7.jpg,156.31976,250.81735,-102.80311,146.68181,254.22148,-95.23369,146.46301,254.63892,-95.26734,146.0752,255.19423,-95.26828,146.14386,256.7963,-122.11017,145.6176,258.9885,-122.15169,144.78752,261.5921,-122.20765,146.7125,267.58725,-40.84076,145.76186,275.87173,-162.40561,164.83086,254.96579,-78.08135,164.48068,258.17453,-113.43818,202.33508,269.30588,39.831234,196.73637,302.68027,-197.56493,280.8259,281.4649,86.70575,281.7298,321.2493,-215.09677,340.29788,282.78604,57.253933,351.04642,311.2637,-206.59895,359.5764,280.11728,51.540825,372.9092,312.86166,-228.95856,360.4663,280.08145,30.648636,374.61398,305.38577,-230.06546,352.12006,282.3473,46.3204,367.06284,303.28802,-205.61003,331.7798,263.6724,65.929344,333.00342,281.88843,-65.881355,430.1587,233.88435,32.200123,429.37524,240.64041,-83.64098,527.64575,219.52753,58.09089,532.5831,225.37637,-58.467766,545.5757,229.96,55.541115,549.9316,236.24783,-60.321198,556.6492,185.18019,0.3652862,561.69385,186.34245,-132.29509
image_70.jpg,496.20233,241.13863,-52.442097,507.13882,243.6401,-69.536354,508.37814,245.81694,-69.550934,509.87097,248.09918,-69.5678,506.3078,240.70055,-39.442703,506.8322,240.54173,-39.434822,507.54852,240.46149,-39.501053,513.5492,262.06482,-104.6415,510.79486,252.22327,29.228226,489.88345,250.32057,-62.248806,488.4729,246.44963,-23.217308,473.52994,300.1504,-175.04001,457.18933,267.38043,130.59735,396.69864,331.23517,-233.92215,384.08142,288.55035,170.90414,322.32812,331.80774,-272.74097,321.3057,290.87735,132.66005,302.52087,339.6031,-305.5139,299.27838,295.03122,138.15656,299.8599,329.77713,-298.58374,297.42413,291.34567,110.62082,305.76672,325.51505,-269.2394,305.20047,292.69293,119.48697,330.38568,302.8574,-91.80455,326.05115,283.2761,91.74805,229.523,263.28802,-154.32341,227.05234,257.40738,33.540718,113.64319,250.06155,-168.77728,117.400116,241.75403,20.848057,92.38274,263.0506,-174.09384,95.21117,253.06703,15.658817,87.910446,194.10876,-259.6374,89.35785,188.66513,-51.622894
image_71.jpg,498.6847,240.08755,-13.995951,510.03516,242.82191,-31.263235,511.2179,244.72766,-31.289099,512.57666,246.76054,-31.295895,508.87955,240.12784,-1.3633344,509.28296,240.07439,-1.3508314,509.84155,240.04012,-1.4199235,515.0626,260.84818,-72.36535,511.94565,251.60388,59.395348,493.0627,248.62029,-26.58681,491.1888,244.5642,11.898498,475.55084,298.9501,-145.72697,457.11057,268.26224,151.30197,398.786,330.599,-195.69452,385.12463,290.31845,195.21646,325.01132,329.2625,-222.7745,323.39566,292.17737,164.13242,304.95145,336.42682,-250.25368,302.0297,292.0726,169.71327,303.40817,327.7056,-243.44104,300.11346,291.4124,144.84357,309.7971,323.4428,-218.81638,307.4358,292.74326,151.8121,332.9934,305.28876,-85.67305,328.39838,284.92426,85.61665,229.03946,261.64697,-141.11317,226.64117,254.99313,31.711864,108.27544,246.99257,-160.87395,114.86065,241.92386,11.533127,90.13579,258.5998,-166.30858,94.36588,254.32379,5.656806,84.22676,187.04721,-244.56192,88.96782,187.16187,-56.292633
image_72.jpg,498.76166,239.11848,-12.642509,510.0684,241.79335,-29.854603,511.30927,243.75795,-29.865902,512.6708,245.77063,-29.863392,509.2224,239.62057,0.04758187,509.73193,239.83449,0.054533944,510.41693,240.12288,-0.018469626,515.2926,260.3223,-73.1098,512.6846,252.64355,58.635403,492.0464,248.03113,-26.255661,490.6683,244.82695,12.243059,474.81277,300.96704,-146.93498,456.75464,267.43802,148.01993,397.92422,330.6095,-194.27066,383.20712,289.19403,194.05203,323.7837,329.90646,-223.40796,318.3778,291.9152,163.41754,302.32907,337.99484,-251.06348,298.11472,290.79898,169.53078,300.07663,328.3988,-244.82596,295.3818,291.66516,144.2214,306.36035,323.76315,-219.72398,303.3782,292.97147,151.14107,332.9264,306.42984,-85.75079,328.3798,286.06497,85.700806,230.77313,263.78278,-141.16098,227.84,257.05426,27.541615,110.41589,247.2069,-157.44931,114.84857,242.07141,10.009354,91.06869,260.0797,-162.57574,94.36951,254.62221,4.1535635,83.76339,189.92972,-241.44931,87.68187,191.00706,-60.636963
image_73.jpg,494.95428,240.75018,-45.253624,506.16592,243.58069,-60.510406,507.59003,245.82338,-60.527023,509.205,248.05585,-60.554985,504.94678,240.10797,-31.081945,505.32257,239.77898,-31.06607,505.86694,239.49998,-31.130857,513.1071,261.1447,-86.6872,509.3604,250.28844,44.45092,489.15836,249.95093,-51.43718,487.3286,245.54263,-13.255859,475.8655,300.06665,-158.42915,457.71143,267.26096,152.07877,398.29248,330.39893,-215.33813,385.30743,288.2842,196.60999,323.61725,331.91232,-252.03036,322.38043,292.3948,155.47281,302.942,339.30862,-284.10107,302.33282,292.63724,160.16013,300.4926,329.65823,-278.74252,300.01758,293.59335,133.49054,306.5367,325.3206,-248.95149,307.35165,294.5046,142.44165,333.87543,305.32812,-94.46067,328.80936,285.26837,94.45819,231.86368,261.77008,-151.0961,229.38962,256.93988,30.38686,113.58786,250.9128,-164.84451,116.95517,246.45738,13.396873,91.99783,264.0854,-169.67436,94.67159,259.0291,7.9639635,86.931305,196.24019,-252.93105,88.5533,193.96239,-60.50528
image_74.jpg,498.00958,242.34653,-50.871826,509.0888,244.81165,-65.82357,510.5518,247.08618,-65.827156,512.0954,249.44484,-65.84336,507.6255,241.66898,-38.098476,507.8812,241.3336,-38.0886,508.28964,241.0744,-38.150402,514.6972,262.15793,-94.07249,510.74643,251.34233,28.796194,492.17017,252.06564,-58.226772,489.90765,247.41953,-22.356281,475.43124,301.04883,-162.13133,457.39404,268.16595,128.34914,398.78796,331.52643,-206.81561,385.37,291.8255,176.33374,325.11707,331.94562,-232.31519,320.17514,295.1025,151.70695,303.96146,340.1991,-259.88647,300.43622,294.3246,159.55319,302.63058,329.86758,-252.64207,298.38153,292.66183,135.06633,308.52875,324.75977,-228.09317,305.96884,294.30353,140.22966,332.0651,303.8691,-87.7202,328.19714,284.22034,87.64685,228.32245,261.5015,-113.09245,227.70032,257.7837,60.335236,111.52968,248.4203,-108.71507,119.23103,244.63031,64.54024,89.05441,261.28757,-111.754684,94.50844,257.52844,61.266537,83.83118,191.60928,-187.40419,89.11543,194.98384,0.39339983
image_75.jpg,496.65622,239.13477,-12.517119,507.3282,241.68016,-29.152325,508.6927,243.75246,-29.160736,510.19623,245.93187,-29.163223,506.3092,239.21782,-0.027763952,506.79132,239.25098,-0.010817581,507.45734,239.37119,-0.07595633,513.55133,259.92804,-69.482,510.53146,251.16766,59.048676,490.89655,248.06001,-24.984304,489.17053,244.49327,12.578394,475.03412,298.8518,-141.70398,456.239,266.671,147.862,399.04388,330.28043,-188.15366,384.90936,290.53378,192.86865,325.76166,331.16312,-219.04555,323.53064,293.9857,165.5023,305.7413,338.66083,-247.14383,303.42032,294.24216,172.37299,303.79846,329.09967,-239.88136,301.6904,294.54553,147.36562,309.63577,324.70026,-214.95027,308.90784,295.28748,153.56534,333.20648,303.98904,-84.067955,328.54996,283.7372,84.01862,231.00891,264.04868,-128.48329,229.56046,255.37337,40.766483,113.61969,248.70103,-139.74054,117.82846,241.42908,31.161509,93.94344,261.46472,-144.27966,97.24458,254.12224,26.39208,86.62125,194.34229,-220.07439,88.20479,191.43259,-34.335247
image_76.jpg,496.81125,239.36429,-20.154325,507.099,241.88167,-35.970573,508.44873,244.01822,-35.975464,509.86295,246.08568,-35.98718,505.81885,238.93988,-6.5164466,506.08856,238.75821,-6.4928007,506.5188,238.61394,-6.5535975,512.7511,259.6433,-69.36403,508.9895,249.08144,61.380676,490.9175,247.95793,-29.752684,489.09418,244.03293,8.411194,475.0859,298.42834,-141.21884,455.9615,266.66687,154.88406,398.52997,329.93427,-202.00041,385.43866,288.22882,195.04747,324.59393,331.65436,-245.5354,319.54916,295.2499,159.4745,303.2582,338.25955,-276.42395,300.64636,295.91998,163.52333,300.28156,328.56323,-270.64023,299.12592,292.15204,138.35153,306.0634,324.3588,-242.58148,306.67184,293.34598,146.95245,333.67368,303.44675,-86.675575,327.67853,282.47696,86.68296,233.39001,261.56778,-161.78886,226.61446,255.13213,12.792205,115.41729,244.93796,-189.44571,116.48762,240.37662,-25.50458,93.81565,257.77765,-195.17778,93.1904,254.26309,-33.081646,87.23503,190.38977,-274.88568,86.926056,187.10338,-100.0871
image_77.jpg,498.69324,238.8691,-25.021904,509.09357,241.7377,-42.785522,510.26495,243.64478,-42.780033,511.63416,245.75815,-42.77977,508.36642,239.68921,-12.865113,508.912,239.8815,-12.849171,509.63623,240.13693,-12.914368,514.42377,259.81866,-87.355415,511.79092,252.33873,44.874794,492.26028,247.34377,-38.92265,490.85333,244.36853,-0.2950993,474.49567,299.4667,-157.67932,457.5158,267.55365,133.8402,398.8186,329.70645,-202.00238,384.7922,289.09393,178.89102,324.86493,331.27414,-231.24625,321.0989,295.0378,150.98227,303.40524,338.8484,-259.87973,301.44913,294.94977,158.16637,301.80093,328.77628,-252.71217,300.04526,293.76474,132.84099,308.0176,324.00247,-227.22542,307.14398,295.0502,139.12643,333.46472,303.69315,-85.9476,328.8777,284.44952,85.89245,232.26059,263.3777,-135.85187,230.18658,256.274,42.00214,111.29213,250.4874,-142.33109,117.11038,243.97127,31.50169,90.266266,262.1025,-146.64034,93.12309,256.76904,26.28381,84.4886,190.86395,-226.0799,88.40088,191.44644,-39.079937
image_78.jpg,498.7707,241.34311,-17.028185,509.6551,244.33888,-33.029636,510.84796,246.30008,-33.038265,512.1373,248.50096,-33.044388,508.66693,241.84125,-4.323588,509.0802,241.88,-4.320043,509.64044,242.0152,-4.3973994,514.2132,263.23398,-68.3681,511.61414,254.32686,58.64504,492.81555,250.10367,-27.236877,491.08948,246.4838,9.832193,473.21326,301.53854,-139.58318,456.60873,266.99918,150.06679,395.32275,331.30917,-191.05801,384.42493,289.11188,193.8855,325.71033,331.557,-227.17157,321.40042,293.19293,165.1572,303.90573,339.90076,-255.87549,301.76157,291.79138,171.4754,302.6557,329.75525,-249.6681,300.2092,292.0174,146.91118,308.4083,324.49103,-223.79498,307.29837,293.52057,153.42395,331.41357,302.33536,-87.844246,326.6411,282.80487,87.794846,230.19312,260.24576,-130.84227,226.43073,257.35632,40.1494,111.672806,244.66357,-138.68974,117.199036,245.04744,29.466682,90.09251,258.22366,-142.837,94.150925,258.61322,24.672504,83.95603,191.77542,-218.5814,88.4462,196.13481,-37.947933
image_79.jpg,499.71045,240.7501,-9.909188,510.5315,243.6695,-26.488771,511.67862,245.71368,-26.49892,513.0295,248.01816,-26.504097,509.65216,241.29112,3.110576,510.08807,241.34439,3.1122742,510.6994,241.48073,3.0453622,515.479,262.47464,-67.74406,512.7045,253.42424,63.065094,492.80765,249.63762,-22.726595,491.30487,246.15088,15.482055,474.54025,300.919,-138.7407,456.33896,267.88577,150.2175,398.09003,331.65613,-187.99463,384.02167,289.75146,197.0828,324.90097,332.40637,-220.9188,320.69513,291.80045,167.28287,303.37012,340.01025,-249.14557,300.37036,294.58444,173.16351,301.67813,330.004,-242.98987,299.00665,291.37366,147.52046,307.68298,325.24524,-217.47238,306.56134,291.23242,154.96626,334.91196,302.21143,-84.84292,329.45908,283.18286,84.82967,234.1932,260.654,-145.06206,228.5216,258.03372,17.029285,115.403,244.4616,-159.35507,116.11759,243.04547,-5.9279604,93.74419,255.4953,-164.09409,92.146164,256.5923,-12.040476,87.1661,194.06593,-240.72511,88.3362,195.3206,-78.8021
image_8.jpg,157.66417,252.86307,-122.87006,148.07202,255.47725,-115.5711,147.90703,255.41022,-115.5983,147.59006,255.4501,-115.60577,147.47742,259.18073,-138.24248,146.81404,262.03064,-138.28474,146.02647,265.24164,-138.32263,148.07571,266.44138,-57.47374,146.96515,279.45044,-160.1878,166.53586,255.84998,-96.81929,166.07669,260.61768,-126.71886,203.05084,268.4903,26.52806,196.60332,304.44565,-189.482,280.16925,279.6664,73.454506,281.35547,321.70508,-201.17262,341.09286,282.06763,48.922585,350.30185,312.33154,-193.74289,360.5434,279.98193,43.401127,371.75937,315.28842,-214.70328,361.56024,279.82083,22.821362,373.26907,307.33524,-217.14093,353.6911,281.3019,38.476807,366.47528,304.92545,-193.41612,332.25406,262.9162,62.949135,333.7834,282.35583,-62.908745,428.8189,232.26697,35.109127,427.28583,238.72069,-78.613174,527.86255,219.69823,56.924587,531.9321,225.79132,-52.58687,544.3299,230.30817,54.33719,548.8393,236.00566,-53.80119,555.3423,184.8689,3.7085223,561.82855,187.46956,-118.34397
image_80.jpg,496.47705,244.10963,-34.07951,507.2962,247.17267,-48.814835,508.6725,249.332,-48.844036,510.1816,251.45811,-48.86537,506.14944,243.3849,-21.084446,506.56006,242.9565,-21.058872,507.1197,242.56963,-21.112923,513.29126,264.2959,-75.60676,509.747,253.04106,47.594303,490.50107,252.90273,-40.786118,488.38196,248.14879,-4.8668094,474.91937,300.22656,-145.03894,457.94785,269.42804,144.64795,399.52094,330.3683,-200.4416,385.07568,291.3809,189.5769,325.8391,331.8183,-230.43648,320.40698,295.71805,158.70334,304.40976,339.25314,-257.81473,301.2076,296.6116,164.56476,302.79047,329.99045,-249.90942,299.93826,295.254,140.0794,309.37366,325.22507,-226.08965,306.73334,296.30884,146.8199,331.93414,302.95566,-87.424164,326.84296,283.55093,87.385414,230.35553,263.5209,-138.067,226.19305,261.42944,38.606384,109.33588,251.08624,-154.41335,117.821236,248.84158,18.532284,89.30345,263.279,-159.27342,94.67284,262.28098,12.847675,82.39391,190.2901,-235.56192,90.47146,198.07997,-48.00437
image_81.jpg,499.70758,242.12048,-36.37831,511.0,245.50003,-55.021805,512.1238,247.19836,-55.027336,513.415,249.04858,-55.040558,510.41473,243.67058,-24.666752,511.06085,244.08156,-24.649548,511.86282,244.62465,-24.715645,515.7688,263.29358,-104.17797,513.5473,257.08627,30.168245,493.78934,250.25632,-51.999283,492.52502,247.52626,-12.742797,472.68243,300.52374,-174.30605,457.6439,269.4864,120.249825,395.61548,332.52835,-215.99243,383.56216,294.0399,167.76826,323.67123,333.95612,-240.5445,318.68182,296.68552,141.9545,302.08643,341.0072,-269.15182,298.90378,295.52533,150.2897,300.37744,331.73972,-261.60907,297.7512,294.50558,123.35037,307.026,326.81555,-236.40805,304.89774,296.0657,129.58267,330.53177,299.56888,-87.712814,326.7343,280.78723,87.66183,231.42859,264.09973,-121.532394,226.71667,261.98297,55.7417,111.67154,254.53368,-111.45033,116.942535,250.88431,60.083046,92.070045,267.0505,-114.49672,96.06308,265.36426,56.02764,80.670586,195.54993,-191.16684,86.876945,200.8834,-8.192059
image_82.jpg,504.99286,244.09209,-14.829017,515.7657,248.53229,-32.821396,516.28625,250.21088,-32.823864,516.906,251.99052,-32.829956,515.56085,246.87944,-2.620375,515.9225,247.41515,-2.6039348,516.4261,248.00783,-2.679214,515.63165,267.11975,-80.04028,515.19415,261.80185,53.143654,497.2895,250.90033,-30.104279,496.4885,248.23448,8.803293,472.64545,300.97803,-155.42696,456.81485,268.54776,139.33194,397.64706,331.2722,-207.80501,384.864,290.90356,177.45819,324.4483,333.93063,-246.501,321.19107,294.78445,144.89267,303.4335,340.68195,-279.0332,301.39484,298.11594,150.47633,301.37903,331.11826,-272.4743,299.28052,294.9036,123.013855,306.97757,326.84036,-243.41768,307.1704,295.4754,132.06165,330.45074,300.02884,-88.42452,326.66168,281.87274,88.40263,231.46225,264.25336,-127.03256,225.36269,261.72107,54.676247,111.43446,249.87508,-122.65273,114.8607,251.68018,54.498867,90.87755,262.83963,-126.15704,92.63307,266.19702,49.98075,84.75287,200.81177,-205.35408,88.612076,206.47015,-15.774603
image_83.jpg,505.70642,246.49263,-34.144054,516.31885,250.95212,-51.055264,516.92114,252.77269,-51.063583,517.58826,254.74791,-51.077404,516.1931,248.96979,-22.225803,516.69855,249.29457,-22.215757,517.2925,249.63472,-22.296827,516.90344,268.94183,-91.01288,516.4934,262.10135,36.041893,498.32645,253.86592,-46.449226,497.42856,250.6572,-9.3395815,472.80554,301.90656,-163.48166,458.3352,269.14886,127.05037,398.41354,331.47916,-217.16275,386.116,289.80127,166.81271,324.9466,333.8086,-257.08612,321.93805,293.04794,139.64705,303.18082,340.55545,-288.46912,299.84027,299.4932,147.3591,301.4664,330.5058,-281.69656,300.8926,292.52676,121.13089,307.2926,325.99976,-253.73364,307.65344,294.59677,127.75238,330.75262,301.24313,-88.808105,326.66687,282.5823,88.75785,228.99263,264.97693,-118.440475,224.76723,263.31058,73.04861,112.46651,253.66461,-106.13942,117.00268,257.53085,80.27917,91.5294,265.64093,-108.70215,94.51206,269.2129,76.82028,86.73611,200.60397,-184.19817,92.821045,208.75238,15.78227
image_84.jpg,502.7163,244.1704,-8.178005,513.4479,247.6935,-25.517426,514.0789,249.55376,-25.52371,514.80786,251.4794,-25.534683,513.31976,245.48267,3.3958676,513.81445,245.6981,3.41035,514.4508,246.02852,3.322725,514.6931,266.1204,-68.12606,514.0527,258.68478,59.256367,495.73572,251.1745,-21.36075,494.9391,248.0437,15.840955,471.44592,300.21942,-144.25058,457.80328,269.69324,147.69862,394.37146,330.59616,-196.22458,385.77286,291.2359,184.54704,322.46518,334.0207,-231.16595,323.3971,295.7896,158.9084,301.98615,340.145,-260.90173,300.82822,302.91302,166.5882,299.34232,330.37228,-254.19182,301.22656,297.76843,142.08644,305.41455,326.19232,-227.7179,307.93582,298.3337,147.52748,330.4828,301.49628,-88.48228,327.34723,282.38077,88.40939,231.46645,266.41574,-116.91833,226.69174,262.24707,68.49017,115.53364,253.75319,-110.57428,118.11363,251.69257,73.500984,96.62304,267.31177,-113.501274,97.3814,264.31244,69.90645,87.253784,200.33582,-186.88277,90.460014,204.44429,9.867081
image_85.jpg,505.30493,242.31589,-17.198044,516.1781,246.58823,-35.56187,516.7299,248.17586,-35.56253,517.3906,249.9491,-35.564053,515.84955,244.68658,-5.0126896,516.1765,245.01514,-5.0039964,516.6255,245.3903,-5.0742054,516.3292,264.34848,-85.09994,515.52844,258.43594,49.492115,497.9278,249.07347,-33.315437,496.82495,246.22433,6.0524187,474.49738,299.83392,-159.21567,456.44672,268.07993,137.84552,397.31473,331.99258,-205.39787,384.24774,291.92798,181.352,325.0982,333.07513,-237.80676,319.00714,295.24805,153.70709,302.9777,341.44003,-268.35394,298.80484,293.59232,161.4073,301.10797,330.85477,-260.43735,297.48935,293.2033,133.86545,307.095,325.78552,-233.82294,304.6741,294.547,141.05055,332.87735,302.6843,-87.25723,327.1247,284.24097,87.21757,230.06165,261.49954,-130.96913,225.84427,259.50735,43.44208,111.143,249.39897,-128.37419,115.29465,248.45842,38.04962,90.0597,261.029,-131.9411,90.40966,261.27228,33.07064,82.78494,195.58331,-209.25366,86.31714,198.37222,-33.460236
image_86.jpg,502.76917,242.12094,-13.775987,513.0922,246.04451,-32.182365,513.9804,247.75464,-32.18535,515.0039,249.69278,-32.191166,512.80347,244.41084,-1.6448904,513.3622,244.8753,-1.6263635,514.0607,245.47751,-1.6977686,515.69556,264.44437,-81.48187,514.3546,259.01624,53.08106,495.67502,250.11057,-29.785706,494.8181,247.5131,9.547781,473.58057,300.19534,-157.86284,457.834,268.00443,140.38144,397.30026,331.0609,-209.19269,385.18918,291.12704,181.59518,326.84222,332.53268,-245.66507,322.56934,294.31955,153.55145,304.26285,339.74326,-276.65036,302.38727,294.96854,161.38837,302.94678,330.10538,-268.57318,301.08426,295.4575,135.28867,308.70395,325.29077,-241.65147,307.86923,296.02756,141.53505,328.71082,300.1583,-89.10049,325.13416,281.4793,89.05938,226.69618,263.15717,-113.38226,223.59113,260.23853,68.54632,111.36934,249.05771,-101.91608,117.114716,249.52234,77.252365,90.09126,261.7522,-104.599014,92.96505,262.20337,73.788864,84.04987,194.2908,-178.94601,88.7994,200.65776,12.3447275
image_87.jpg,502.32742,241.64406,-16.399029,513.2991,244.98112,-33.082016,513.9395,246.72784,-33.083035,514.7765,248.66284,-33.08769,512.8015,242.71385,-3.863199,513.0827,242.9098,-3.8505256,513.4943,243.13417,-3.9200974,515.34186,263.80597,-72.64655,513.83704,256.06064,56.388836,495.45956,249.31458,-28.503258,494.22253,245.9624,9.211379,473.664,300.76077,-142.75282,456.63843,267.60083,145.55594,396.04443,331.30966,-190.57285,384.57535,289.88974,188.29776,323.90906,332.74606,-223.34389,323.4441,294.718,159.30502,303.77954,339.81787,-252.2067,304.511,295.26514,165.20113,301.89456,330.24692,-246.56848,302.62683,294.79663,140.52504,307.46945,325.89606,-220.0569,309.3451,295.78564,147.49937,330.79517,303.50244,-85.14613,326.20023,283.1701,85.12704,230.87837,264.16397,-147.66798,226.8563,259.33432,26.014435,112.6346,250.25522,-162.96265,116.64366,246.35396,4.907908,91.61564,261.90878,-168.0258,92.92976,259.47583,-1.2217317,84.824814,195.64607,-246.77168,88.470215,195.98717,-66.10263
image_88.jpg,501.17664,241.61957,-13.653894,511.85727,244.79582,-31.575354,512.7993,246.59146,-31.591738,513.7808,248.46902,-31.595432,511.38525,242.88663,-0.80457854,511.95068,243.17616,-0.797011,512.6167,243.52664,-0.8641284,515.0696,262.75516,-78.22765,513.5511,256.18268,57.693268,494.54047,249.22168,-28.556765,493.29602,246.40698,11.118738,474.22107,299.51825,-155.59045,456.9786,269.2214,149.0846,399.42642,331.7599,-205.4644,385.36188,291.9267,191.22733,325.7262,331.67673,-235.49548,322.7456,296.84482,156.84325,304.04178,339.9844,-266.15366,302.2086,297.5023,163.10143,302.28702,331.2905,-258.39697,300.22168,295.79272,135.99844,308.42587,326.5061,-231.47997,307.27405,297.60452,143.89926,331.66833,303.91653,-89.91828,327.52618,285.48566,89.87068,230.97461,263.57538,-146.46082,228.9685,260.8574,40.106426,109.388214,256.2423,-153.45944,117.77149,252.5183,28.258865,88.49219,269.82993,-157.935,95.21641,266.14795,22.82214,84.445724,198.4128,-237.86409,91.37222,202.49857,-41.780697
image_89.jpg,498.5357,241.53546,-35.271904,509.74957,244.92723,-53.441086,510.94678,246.89764,-53.44146,512.2728,249.09308,-53.450245,509.04233,242.73305,-23.890968,509.6137,242.95016,-23.87159,510.33667,243.27588,-23.929726,514.48206,263.16794,-97.867645,512.1296,255.28584,32.882137,492.03873,249.95512,-48.761612,490.7351,246.64738,-10.568214,474.35043,300.6965,-166.01703,457.02417,267.84305,125.01967,397.9152,332.78796,-208.15079,383.92426,291.86533,173.64989,324.14136,331.34354,-232.3413,318.8381,293.77325,149.40132,302.11755,339.35406,-260.3695,299.1368,292.71893,157.68228,300.55927,329.31546,-252.15546,297.50986,292.57074,131.12718,307.1064,324.22556,-227.87827,304.7948,294.15216,137.1565,332.78226,303.0165,-85.943565,327.2536,284.1935,85.89721,228.8527,265.3012,-129.52078,224.61845,262.00342,49.525105,111.41991,255.08618,-127.83252,115.608444,252.77925,42.358284,90.42525,268.29712,-131.30475,93.16414,267.10745,37.369545,81.647964,197.22461,-207.32819,87.0542,201.10701,-26.564398
image_9.jpg,156.4012,252.79321,-109.74468,147.04364,256.18787,-101.76268,146.86942,256.3421,-101.78705,146.62036,256.62622,-101.792175,146.64427,259.30414,-128.02127,146.23898,261.73495,-128.06078,145.77377,264.50705,-128.11617,148.09161,268.79584,-45.392605,147.36296,278.23505,-164.16777,165.13939,255.55913,-84.48657,164.50958,259.51413,-118.87776,206.05435,268.01303,39.202908,200.42143,305.49033,-200.17897,281.44336,278.7344,88.59933,285.1763,321.81458,-211.23772,336.38718,277.95572,63.37063,352.8648,312.14258,-191.88861,355.53082,276.44455,57.7998,376.5722,313.49802,-212.31477,357.86566,276.39536,38.92452,378.10117,305.73563,-215.63905,350.0711,279.60095,53.25515,370.03735,303.84888,-191.61398,332.62048,264.52667,68.75426,333.609,282.37146,-68.74133,429.62677,234.7741,39.739258,427.30658,240.43825,-87.85834,532.43665,220.2626,61.913445,533.9679,222.71165,-55.5954,547.89246,231.84741,59.19419,548.96063,236.01918,-56.485184,551.3038,189.08339,6.479852,553.3218,188.53555,-125.034775
image_90.jpg,502.18643,241.77927,-14.913719,513.77594,245.40508,-31.190672,514.59827,247.19016,-31.206432,515.53314,249.22311,-31.211016,512.8387,242.95016,-2.2332215,512.9996,243.03801,-2.2347488,513.28625,243.16252,-2.3100255,515.3408,264.0617,-69.662674,513.2051,255.7425,58.20485,495.4622,249.64156,-26.462772,493.83914,245.96335,10.880466,474.5314,300.45963,-141.40607,456.3199,268.29095,150.17972,399.80725,332.17773,-188.42186,385.2212,292.1258,196.78053,325.1775,332.07025,-216.74655,322.1208,296.77954,167.70135,303.22113,340.06747,-243.8443,301.72174,296.67538,173.24884,301.52692,331.41324,-237.74901,299.89447,295.14154,148.60345,308.12222,326.36172,-213.02946,307.20294,296.47614,155.72946,333.352,305.11078,-86.59286,328.39383,285.83423,86.54549,230.46078,263.99197,-148.62811,227.2438,261.3228,18.059544,107.95134,252.57025,-167.99393,114.99264,250.77707,-6.9674263,88.67523,265.50458,-173.38716,93.26122,264.00748,-13.285187,81.81999,194.75426,-252.30215,87.86261,199.53535,-77.584694
image_91.jpg,500.65424,241.15228,-30.247309,511.69434,244.69153,-48.50336,512.5601,246.51503,-48.509407,513.50183,248.47762,-48.51821,511.28937,242.77863,-17.954727,511.80994,243.12976,-17.952087,512.45996,243.5618,-18.035362,514.62317,263.14886,-93.11345,513.2616,256.58972,42.03525,493.91107,249.18059,-44.07616,492.62573,246.32315,-4.6289926,473.00748,302.04318,-162.38493,457.11945,267.47443,130.65985,395.66425,331.7129,-212.44424,384.04147,287.97357,170.98392,323.04626,332.64725,-242.13184,321.17834,291.52515,135.26633,302.01086,339.6726,-273.11835,301.71533,290.37903,139.89038,299.4076,328.71506,-267.97223,299.6669,291.54614,113.03898,305.1234,324.45688,-239.31769,306.63693,292.84372,122.50594,329.96832,302.88467,-88.098526,326.10925,282.96875,88.08587,226.62463,273.87927,-138.93137,224.95415,261.2148,37.90475,113.49983,249.1966,-138.61536,114.58885,250.3547,29.716038,92.50698,261.5871,-142.43864,91.54196,263.7271,24.4808,84.84264,199.05583,-223.19028,87.31033,203.54367,-44.99785
image_92.jpg,498.6368,239.62921,-49.188953,509.581,242.63835,-67.840775,510.77823,244.49861,-67.836876,512.08673,246.55801,-67.84886,508.7595,240.49599,-37.945133,509.25687,240.68811,-37.933838,509.88257,240.98132,-37.99579,514.33057,261.23257,-112.33684,511.9742,253.80095,19.89828,492.3868,248.02205,-62.55934,490.925,244.83945,-23.90766,472.80746,300.18814,-178.21863,457.8603,267.7623,114.49027,396.81653,332.33194,-219.85779,383.75574,289.5426,164.14442,324.1753,331.04556,-241.78435,317.5394,291.84937,138.19232,301.72986,338.87543,-269.89444,296.20447,289.56714,145.94212,300.2161,328.31494,-263.12497,295.1817,289.37506,119.113846,306.76965,323.1758,-237.77063,303.24393,291.61917,125.76123,331.06735,301.56143,-86.961716,326.36765,282.75375,86.90558,228.5193,263.91614,-129.69034,223.2781,262.80637,50.47551,109.354645,251.06815,-126.20826,113.56413,249.72714,45.468506,89.19519,265.41574,-129.58762,91.06355,264.18472,40.66906,81.04599,193.82986,-205.0191,85.97183,199.18626,-23.298191
image_93.jpg,499.749,240.29123,-12.740821,510.69775,243.49983,-30.962044,511.74374,245.34253,-30.97212,512.859,247.26648,-30.973635,510.16626,241.76794,-0.8441322,510.73697,242.20883,-0.8339905,511.44507,242.76103,-0.91038394,514.4962,261.50046,-78.02637,512.5873,255.76678,54.79016,493.44498,248.92943,-27.639788,492.13312,245.96257,11.184479,474.40533,300.2665,-150.76619,456.52588,267.6815,142.49597,399.28177,331.4859,-195.74724,385.42545,291.17535,186.88654,325.2743,331.66223,-221.61201,322.86157,295.41937,156.53023,303.89264,339.53455,-249.75084,303.53207,295.31207,162.60088,302.43436,330.0238,-243.302,301.5494,295.486,136.82744,308.8584,325.15482,-217.91492,308.63373,296.34116,144.18585,330.48718,304.33206,-86.08353,326.25305,284.33087,86.04169,228.91895,266.57193,-135.49274,225.96544,262.36868,39.199795,108.12969,255.56749,-143.36075,116.25029,250.978,27.182,87.85526,268.11032,-147.83652,93.76007,263.45697,21.583689,81.51066,196.10913,-225.18213,88.21539,199.48975,-41.916393
image_94.jpg,496.64658,241.84547,-65.0999,507.32846,244.60056,-80.50133,508.57376,246.62207,-80.5063,509.88745,248.63725,-80.53122,506.3205,241.57321,-53.292564,506.71753,241.3914,-53.287907,507.26425,241.23679,-53.353798,512.5813,261.88184,-107.6759,509.81876,252.09085,12.743903,490.68192,250.28558,-71.69606,489.01404,246.36163,-36.54269,474.06284,300.37366,-169.96748,458.89166,269.1128,112.61763,396.38788,330.99002,-213.51778,386.71606,290.84393,161.60783,322.07336,332.18048,-232.84036,327.60318,292.64307,139.35828,302.62006,338.93854,-258.45834,306.74188,295.00372,146.1509,300.8279,329.38174,-253.18152,304.32745,294.9437,122.70354,306.8239,325.2836,-229.31827,310.29047,295.09183,128.12244,332.76642,304.96375,-85.21452,329.001,284.92688,85.15607,228.88916,265.01642,-115.453476,228.5243,260.93124,48.356262,110.22009,254.90942,-115.9909,118.55499,250.53854,46.46768,89.41568,268.5587,-119.46437,95.29732,264.4685,42.654472,82.06795,198.76233,-195.6637,89.16391,204.40149,-18.54013
image_95.jpg,497.13058,240.80197,-29.710522,508.37784,243.11917,-46.90087,509.6341,244.95055,-46.90683,511.0451,246.97955,-46.916855,507.1762,240.61517,-17.691399,507.49152,240.61166,-17.6741,507.97888,240.7142,-17.736008,513.8382,261.39505,-85.5923,510.7411,252.86101,44.179688,491.8567,249.82852,-41.09894,489.82507,246.14774,-3.197287,474.29718,301.87228,-154.70522,456.95865,268.30087,134.05373,397.72534,331.98715,-208.00752,386.5846,291.1234,175.78741,327.48685,332.5804,-246.12207,324.90308,292.93118,144.96977,305.57397,339.9934,-277.27924,305.17358,294.0053,150.4934,304.04504,330.22986,-271.3665,303.19293,293.8777,124.44029,309.79742,325.54416,-243.0089,310.25845,295.35162,132.7426,330.48813,301.1845,-88.43466,325.90735,281.29437,88.40484,229.07494,266.0235,-115.3101,223.68552,260.8132,67.01752,111.90754,253.7162,-108.90632,115.24288,252.16801,71.002815,91.71103,265.7889,-111.75914,92.83867,265.23535,67.25996,83.92174,203.56064,-185.6704,87.723045,207.0932,5.636858
image_96.jpg,499.0526,238.75223,-42.89685,509.6125,241.7229,-60.579002,510.78455,243.45532,-60.578796,512.15015,245.40942,-60.591473,508.55313,239.23085,-30.042713,508.9475,239.29602,-30.04339,509.5011,239.46294,-30.105381,514.9915,259.88153,-101.50458,511.97565,251.4707,34.0027,493.11328,248.05719,-55.048653,491.29236,244.64914,-15.501591,473.80927,302.5161,-169.45801,455.30725,267.73874,128.23972,396.21597,331.8098,-219.4195,381.66022,288.83945,174.77873,321.6795,331.5722,-249.96214,317.99866,294.4672,141.4301,301.62598,339.01404,-280.5093,298.6932,295.6935,146.46852,299.39914,329.4451,-274.84885,296.7433,291.73862,119.504776,305.64227,325.14352,-246.74097,304.70746,292.90866,128.5289,331.49048,301.88043,-90.45859,327.08624,282.8988,90.44011,229.34125,264.5637,-143.56,224.69865,262.5818,30.998066,110.15133,251.88197,-147.10664,114.0963,252.52979,20.50838,89.634384,264.5361,-151.37073,91.906494,265.38428,15.369655,83.384514,199.17506,-233.60161,88.17514,205.44623,-54.11091
image_97.jpg,497.4568,242.25183,-60.950123,508.6737,245.70203,-76.54947,509.69324,247.8313,-76.56438,510.8107,250.02794,-76.59144,507.78778,242.58025,-48.66115,508.19885,242.44557,-48.654285,508.75015,242.33792,-48.71994,512.28094,263.90543,-104.19551,510.23694,253.42732,19.600046,491.07663,250.87006,-67.758896,489.37695,246.35013,-31.659924,472.6313,301.54227,-168.38248,457.5403,267.73654,120.23323,395.89215,331.68176,-217.7971,384.59805,288.60196,167.04028,325.11462,332.65854,-243.65373,323.36148,292.12457,136.33192,303.2807,340.41013,-271.77814,303.6573,293.08325,142.05536,301.96597,329.95114,-266.09384,301.4243,293.2427,116.91492,307.64996,325.0783,-240.03839,308.22147,294.07678,124.310265,329.7732,303.13968,-87.52406,326.09235,281.79526,87.47666,228.52618,269.40732,-125.935905,226.34392,260.18402,46.30088,110.63669,253.52669,-131.19902,116.054,249.86932,41.40637,89.65112,267.3324,-135.4033,93.13223,263.4762,37.09462,83.15958,200.01303,-215.2101,87.67414,203.23364,-26.644297
image_98.jpg,497.74765,239.22171,-22.76258,508.51443,242.29517,-39.91369,509.66766,244.1492,-39.913883,510.98865,246.30936,-39.920418,507.52905,239.8578,-10.556377,507.91113,239.94978,-10.547335,508.45154,240.1625,-10.612156,513.3691,260.77567,-81.441284,510.61844,252.57738,48.67897,492.15784,247.97882,-35.41729,490.20068,244.55896,2.590582,473.98035,301.6231,-148.93262,455.39578,266.78986,135.63512,398.299,332.73456,-192.47987,383.60416,289.9772,184.49113,324.39032,332.1314,-220.52466,323.77142,293.37335,158.1534,303.90634,339.57535,-248.13506,303.87244,293.5013,164.19446,302.15198,330.11172,-242.16788,301.25235,294.0254,139.21791,308.17932,325.46924,-216.957,309.09247,295.18204,146.29742,332.15417,302.87683,-84.61845,327.6698,282.34866,84.581924,228.86505,265.0992,-126.27055,226.85168,258.83032,36.843376,110.351776,253.30095,-131.97278,114.41725,247.16972,29.152372,89.53981,266.7941,-135.98558,91.65823,261.5243,24.376247,82.44003,199.2626,-212.91068,85.03883,199.25482,-40.406647
image_99.jpg,499.6139,238.67679,-6.8868346,510.29178,241.76439,-25.007212,511.36307,243.37584,-25.015766,512.6217,245.17993,-25.018288,509.57,239.9721,5.649926,510.0451,240.30939,5.6624627,510.69962,240.7576,5.592409,514.84125,259.97504,-73.50661,512.5939,253.85834,62.23033,493.27643,247.54669,-22.44607,491.7836,244.67377,17.196741,474.9078,299.93155,-149.45013,456.75186,268.50043,149.65851,399.70685,332.0651,-197.1818,386.1694,290.6327,194.54008,325.692,332.19995,-227.26631,322.90268,293.40897,162.57994,303.94266,340.0667,-257.1734,302.7512,291.89536,169.44917,302.23044,330.49716,-249.75922,300.97015,292.72638,142.74336,308.2527,325.7507,-223.19269,308.53757,294.2,150.00871,332.3279,301.91293,-88.946945,328.88818,283.10492,88.906815,230.6028,263.79114,-123.8127,228.73447,258.9254,52.313236,112.24516,251.19604,-121.08775,116.59004,245.50449,53.480564,92.37465,265.66275,-124.57869,94.71569,259.06036,49.26762,83.040504,200.73126,-201.98956,85.472145,200.62625,-16.16741
