image_1.jpg,149.28482,272.1669,-126.27357,140.83708,278.57486,-112.23926,140.54822,279.1379,-112.30322,140.12558,279.8028,-112.34035,141.92155,280.8866,-140.19864,142.45206,283.00705,-140.27895,142.95302,285.48068,-140.34665,145.86401,290.12915,-40.513893,150.2334,298.52716,-165.40123,158.61365,272.82462,-96.19356,160.33505,276.50754,-132.53079,194.88403,275.40115,58.387333,205.77466,313.09,-208.33524,269.98145,283.1289,100.48888,284.26892,319.6662,-225.33719,317.652,277.76602,60.012146,345.8841,307.85837,-195.30092,342.3651,270.9594,60.09504,363.9926,306.7791,-218.00934,341.56775,272.8532,38.26305,361.9838,298.11227,-212.93893,336.1505,275.4756,48.578392,356.80112,297.09256,-192.17207,316.73254,260.72125,79.824524,327.55954,285.17847,-79.672295,352.42474,177.59027,-20.459133,350.12073,179.53119,-156.03656,411.7011,83.24969,-40.901787,422.09964,79.94656,-153.32484,432.4134,75.93356,-46.8223,445.59418,73.888824,-156.98541,396.3465,32.492493,-106.106804,403.4583,31.932564,-228.9403
image_10.jpg,151.8934,269.5076,-50.75599,143.08755,277.05743,-39.622986,142.78311,277.7495,-39.70579,142.41702,278.56625,-39.75098,143.82278,279.20917,-67.07747,144.10683,281.2201,-67.11835,144.46144,283.53012,-67.16035,148.16583,289.58875,18.110062,151.3692,295.70312,-105.34916,161.39429,270.1449,-26.083231,162.75967,273.93793,-62.03483,200.85596,275.1626,97.924995,205.45045,309.6381,-154.55446,278.73093,280.65024,135.25465,286.4955,322.2539,-175.66678,326.56433,272.9764,95.471924,348.241,308.26486,-155.78218,342.94092,267.09488,93.84943,363.07025,305.03198,-176.38498,348.69217,264.30142,71.5539,362.39355,298.2818,-171.32074,343.7425,267.65155,83.698044,357.3639,298.2654,-152.73894,321.7882,258.77905,76.04505,330.01877,281.2586,-75.8586,376.7834,181.35312,-32.600014,379.58313,183.63768,-135.30667,450.72403,96.70326,-71.65749,455.311,93.58579,-149.33139,476.03015,89.2508,-79.42529,480.68893,86.63817,-154.66173,437.32092,41.29712,-142.108,443.34457,42.10582,-223.32838
image_100.jpg,488.00555,245.2559,7.6687236,495.94742,251.62811,-6.7097244,495.83237,253.05516,-6.740809,495.7294,254.5885,-6.78841,496.4194,250.7379,24.658447,496.6022,251.49072,24.658182,496.80145,252.33206,24.571495,490.32047,266.1153,-49.599236,491.68365,262.3294,89.10133,478.16696,248.40555,-7.4491982,478.27914,246.34117,33.168037,442.95944,285.92316,-128.27242,440.36285,257.45123,174.44443,372.74622,305.39728,-172.20323,372.82166,270.6018,214.1242,311.78613,304.47324,-179.36417,319.0594,274.40924,170.87848,294.2293,307.8224,-210.30669,304.5893,272.96323,179.1414,293.5606,302.7331,-197.45284,304.49377,273.05875,153.47818,299.50284,300.1462,-173.71548,308.4557,273.84814,158.84421,320.89972,279.30057,-96.71897,323.44113,260.1437,96.84682,251.52148,193.89783,-180.74207,257.0424,190.93594,-20.070581,171.68175,120.4669,-219.35701,176.93459,120.71357,-39.176224,146.4145,117.29503,-225.83466,155.57782,116.91922,-43.273014,183.24738,63.108818,-308.99722,188.87363,66.445755,-108.90762
image_11.jpg,151.84067,270.26913,-54.525677,143.08931,277.17752,-42.816795,142.88599,277.76688,-42.891747,142.5812,278.48767,-42.928547,143.97719,279.44073,-70.025276,144.41043,281.43497,-70.06755,144.85342,283.81088,-70.103676,148.8743,288.88843,17.59184,152.25082,296.0931,-104.82105,161.42006,270.61954,-28.890541,162.97491,274.27893,-64.527916,201.28983,273.75018,100.35592,205.41003,307.6435,-153.90302,276.654,279.80692,139.99966,283.6726,323.3351,-178.1354,326.48694,273.74857,99.35872,345.98544,308.69968,-163.76346,343.17276,266.5536,97.96882,362.70963,307.08685,-185.54338,347.02512,265.46146,74.98547,361.97922,299.92935,-179.31824,342.14105,268.55594,87.305725,356.6258,299.30646,-160.37491,322.29614,256.98114,76.27213,330.58563,278.88538,-76.10049,377.93225,181.03076,-35.78736,380.96817,182.45192,-140.89221,451.19257,96.4297,-73.41393,456.02615,96.10426,-155.41518,476.5309,89.74896,-80.94432,481.84534,89.07623,-160.79668,439.75946,42.20129,-143.2012,445.62943,45.37907,-229.34283
image_12.jpg,151.8345,269.3911,-87.094345,143.06027,276.53345,-75.77919,142.74641,277.1761,-75.84617,142.36981,278.0037,-75.88831,144.14162,279.0839,-104.25392,144.65692,281.3315,-104.3124,145.22589,283.82675,-104.353065,148.79218,288.90857,-13.283545,152.48468,295.92288,-141.38731,161.62079,270.0329,-60.061916,163.53293,274.3064,-97.38939,198.97174,273.21097,76.07535,207.27615,307.81332,-181.92567,276.21588,280.88922,127.53728,287.09033,322.5323,-192.76994,324.75446,273.92432,94.92139,348.1637,307.0196,-158.44127,340.42206,266.8854,96.053345,364.47827,305.61423,-176.8406,343.86826,267.44427,73.29373,363.50192,298.87033,-170.37233,335.65506,271.7807,83.28902,357.84088,298.1315,-154.27023,320.12933,257.44147,79.42054,331.05023,280.94003,-79.29312,377.052,181.5139,-19.065681,380.89777,183.15779,-140.10057,451.36664,99.6289,-48.241745,457.12927,93.424255,-142.54305,476.2641,93.50711,-54.783264,481.9486,88.38187,-146.63612,440.6933,46.108963,-113.56408,445.14706,40.5251,-214.63522
image_13.jpg,151.94221,270.0408,-83.77929,143.51077,276.9024,-71.82385,143.16307,277.44055,-71.89133,142.74533,278.13235,-71.93417,144.31314,279.51392,-99.18327,144.63747,281.74844,-99.23772,145.06317,284.24722,-99.27487,148.13432,288.59503,-7.4417305,152.11517,296.79434,-130.4752,161.64255,270.72592,-56.237373,163.50447,275.13846,-92.05613,199.16324,273.75348,84.23965,206.1535,310.4461,-173.88304,277.49524,281.80383,132.01357,286.08752,322.36993,-191.63324,326.15845,274.48074,94.23034,347.92206,306.98294,-169.19415,342.32053,266.6605,94.218475,364.84912,306.83627,-189.74857,347.02417,267.51718,71.420105,364.01752,299.92447,-182.83163,337.18683,271.92273,82.31148,358.23297,298.8011,-165.14914,321.35522,258.21774,78.37597,330.21988,281.2768,-78.25584,377.77927,181.07916,-27.629488,380.75516,183.54346,-144.20653,451.90833,98.35615,-60.94339,458.4676,95.469215,-153.96869,476.5599,92.48298,-67.92752,483.91022,89.9583,-158.97563,441.55048,42.847908,-128.14348,447.90265,42.314342,-229.87212
image_14.jpg,150.03119,270.521,-72.09062,141.37007,277.75632,-61.248962,141.15761,278.24408,-61.33257,140.83163,278.86465,-61.383293,142.4761,280.0999,-87.56613,143.044,282.24326,-87.61532,143.67441,284.8714,-87.63977,147.5125,289.2577,-1.9406081,151.83478,297.45477,-120.17174,159.8323,270.1394,-46.59607,161.45657,274.2992,-81.015465,197.89513,272.77863,79.693825,206.91525,309.5829,-160.81894,274.71198,278.75217,123.10371,287.12003,320.9207,-172.60973,325.0005,273.71628,89.30348,349.01578,307.15356,-149.03758,341.36743,266.58847,88.44791,365.17523,306.65985,-168.67563,345.8121,266.27176,66.54582,364.81305,299.8257,-163.07309,336.21118,272.00537,77.95968,359.26895,298.87704,-145.8312,320.1881,257.16492,73.03095,329.9361,281.32983,-72.86895,376.72925,179.51286,-31.807018,379.83322,182.99915,-144.94138,452.16754,96.119255,-71.51851,458.35892,93.19728,-157.3488,476.8353,90.84799,-79.04444,483.11786,88.64914,-162.14764,443.0448,40.906593,-138.74387,449.497,40.218258,-230.05719
image_15.jpg,149.52972,269.3967,-85.07264,141.074,276.86273,-73.7441,140.9097,277.4816,-73.82392,140.66536,278.26465,-73.87533,142.30042,279.34445,-100.420425,143.00397,281.49133,-100.480034,143.7422,283.98785,-100.5124,148.28416,288.98273,-11.09158,152.81549,297.01968,-130.98108,159.70328,269.4625,-58.19065,161.41885,273.58203,-93.10085,198.13638,272.2858,76.74736,206.42702,310.36798,-170.19707,274.17477,280.562,126.4499,284.56976,321.5675,-181.83281,322.57385,272.84042,93.968285,347.45538,307.78958,-159.43837,338.00296,265.33624,94.30725,364.98633,307.33368,-179.28561,336.86206,265.48566,72.42051,364.12866,299.48987,-173.3329,333.89926,269.6948,82.69232,357.9532,298.37607,-155.89702,320.79358,258.17993,75.46809,331.9854,283.23672,-75.31913,375.2691,184.07246,-38.99957,380.31354,185.8421,-152.55965,452.8957,101.93653,-81.43016,458.615,93.94612,-176.00592,478.04865,95.11229,-89.2739,483.1984,89.30454,-182.1129,442.93808,47.946266,-153.10614,446.0887,38.772713,-255.99883
image_16.jpg,150.6032,272.69022,-113.47748,142.13823,279.36084,-100.53417,141.88591,279.53214,-100.60494,141.61844,279.786,-100.647064,143.44301,282.488,-122.76267,144.2493,284.95667,-122.826164,145.18204,287.9347,-122.85858,148.28519,289.06232,-29.45915,153.24951,300.99814,-129.076,160.58199,271.69504,-83.94037,161.88123,276.60416,-112.86457,198.48413,270.41266,64.3577,208.09024,312.3943,-164.56189,273.03256,279.25687,105.81356,285.2831,322.7933,-177.39398,326.3819,275.48816,65.84186,347.7254,309.70578,-167.05275,342.38034,270.33545,62.88005,365.74982,308.97095,-188.18854,345.13092,270.37845,42.98649,364.84747,301.34665,-183.02534,337.66113,273.87643,55.157185,358.6853,300.39017,-164.01863,321.13907,257.4915,71.37697,330.6708,283.31805,-71.28392,376.23053,181.86353,-36.107536,378.56613,185.4607,-150.12224,450.51486,99.894775,-76.57295,457.62845,97.42499,-164.52599,476.0822,94.374435,-84.195015,483.56503,92.36968,-169.60043,443.36237,44.611458,-144.77238,450.60187,44.308792,-240.11075
image_17.jpg,151.98015,270.6661,-88.09682,143.61728,277.78665,-75.53897,143.32106,278.42493,-75.592606,142.9574,279.2442,-75.61332,144.74944,280.23325,-105.25629,145.28079,282.3777,-105.3185,145.87521,284.779,-105.37103,149.26308,289.92157,-8.173808,153.121,296.55133,-141.58145,161.32901,271.02838,-59.344822,162.9747,275.03934,-98.11814,198.92105,274.51007,87.80722,206.6529,311.36398,-188.31265,275.55975,280.8952,127.43237,286.39734,322.101,-206.82074,324.44302,274.941,76.960945,347.2366,309.48016,-183.0411,340.48978,269.58447,74.44629,361.98975,308.102,-204.34456,344.11014,269.07626,52.866455,361.42487,300.61154,-200.4435,338.88434,271.69495,65.08795,356.8673,299.85715,-179.8577,322.07065,257.0642,85.888794,331.08597,280.766,-85.74296,378.79114,183.4511,10.273261,380.1645,181.68607,-147.66907,454.20728,103.179474,1.7943109,462.30347,92.74481,-159.89719,477.002,97.17842,-3.4180465,484.805,89.3111,-165.9385,445.0788,52.64118,-64.004234,450.59338,44.186512,-245.18913
image_18.jpg,149.30621,269.83768,-89.368065,140.85767,277.79868,-78.3296,140.75897,278.55087,-78.40079,140.62567,279.41388,-78.44195,141.67708,279.62805,-107.58908,142.19067,281.52142,-107.65145,142.71925,283.72006,-107.7013,148.29134,290.54718,-17.113344,150.94055,296.16022,-148.54904,159.6026,270.1736,-62.7855,160.30032,273.25946,-101.050354,198.9331,272.93182,68.96709,206.22246,310.84177,-188.01273,273.88477,281.88968,113.45926,285.09546,321.8031,-199.13438,324.1443,275.05136,72.244965,347.9541,307.85315,-166.32565,339.51917,268.1444,71.12047,364.99176,307.57965,-185.56003,338.10745,270.04092,49.414757,364.1364,300.3266,-179.73895,334.12036,272.64188,60.74598,357.97003,299.29266,-162.41364,321.77075,258.39835,76.10713,333.2381,282.62686,-75.948746,378.05383,183.90895,-18.015099,383.5492,187.34631,-141.46172,452.8163,103.67095,-46.920353,461.44437,97.827644,-141.29008,477.18738,98.27097,-53.68535,485.4982,93.89299,-145.20807,447.63464,48.24217,-115.708084,453.6948,43.457306,-215.70377
image_19.jpg,150.03511,270.34998,-89.41019,141.92065,277.08365,-78.36485,141.66054,277.62457,-78.431206,141.37103,278.33005,-78.46964,142.86188,279.7039,-105.46574,143.31573,281.89078,-105.522766,143.88048,284.34732,-105.54978,147.61954,289.1825,-15.417629,151.44478,296.91748,-137.0262,159.62271,270.68723,-62.222397,160.8777,274.89505,-97.629845,199.34583,274.23346,75.602356,206.80458,313.46603,-177.04315,274.08267,280.83057,119.59283,287.0032,321.89288,-189.33984,322.86816,273.1366,81.480606,347.7606,306.94104,-164.9357,337.90826,265.17764,79.53386,362.5501,304.93048,-184.53809,342.84967,265.16705,58.843693,362.0514,297.84552,-180.4175,337.8332,268.10083,70.31115,357.1486,297.28427,-161.94873,322.03467,256.9588,77.913574,332.1366,281.01596,-77.77759,380.60092,186.39003,-4.8789973,381.5535,186.4068,-128.2855,455.52014,106.80423,-25.832062,460.56973,95.99687,-145.57433,481.12964,100.51489,-31.930113,484.76016,92.38113,-151.86685,450.23776,52.28033,-90.52374,451.32156,42.233078,-222.8253
image_2.jpg,152.04083,270.85577,-86.522026,143.94127,277.42017,-75.68959,143.50809,277.9251,-75.75876,143.03337,278.5454,-75.80533,145.01065,279.99942,-100.04363,145.48853,282.2883,-100.12153,146.02576,284.80106,-100.16967,148.13968,288.78802,-16.518457,152.70796,296.86563,-125.34974,161.42715,270.99063,-60.92106,163.24994,275.3749,-92.734955,198.79204,274.38177,73.090004,206.36993,307.5814,-166.85533,272.97778,281.78018,121.94673,284.4795,319.1222,-180.43106,322.91107,276.85187,99.97818,347.25977,308.04428,-163.28241,338.32123,271.87894,102.61511,364.4613,309.3084,-183.96979,346.88953,272.83685,79.941536,363.46478,300.23392,-179.0013,333.8553,275.59723,88.982704,358.1958,298.82422,-160.20506,315.80072,262.3392,74.1516,326.23398,284.4057,-73.95352,358.0179,181.23837,41.472553,360.29663,180.40099,-120.68112,416.41513,86.24745,53.00652,431.33517,73.97455,-140.08943,436.95502,80.007,50.906273,455.60632,67.81764,-145.94586,398.89685,38.351013,10.146584,408.17477,26.979618,-209.2124
image_20.jpg,148.34578,271.11774,-82.57035,140.01004,279.1167,-72.02109,139.98236,279.93097,-72.09339,139.88144,280.89197,-72.13179,140.64444,281.10522,-100.87478,141.0981,282.9763,-100.93211,141.51367,284.96765,-100.97556,147.69101,291.60782,-12.896495,149.87135,296.4837,-142.79623,158.6145,271.4647,-56.823936,159.41913,274.78897,-94.687355,199.89984,274.8019,72.576164,206.47092,311.07953,-183.02078,276.7349,279.52643,116.87157,289.15323,321.9709,-193.31358,326.93387,273.7906,78.04353,350.01968,307.98038,-160.05252,342.27872,266.559,76.88776,365.73413,306.38956,-178.49695,345.08298,265.68256,55.285973,364.8982,298.80798,-173.74408,336.62305,271.52594,66.56546,359.59448,297.94366,-156.6077,320.09915,256.3663,78.05798,332.01675,280.2082,-77.9191,379.70676,184.48611,-9.142324,385.8859,188.66371,-131.67482,455.01965,102.593666,-31.874123,460.78723,96.449745,-136.86847,479.7265,96.18134,-38.179634,485.28378,91.42322,-141.75562,448.1579,50.094395,-100.46398,451.72104,44.903313,-214.96614
image_21.jpg,149.23071,271.0837,-66.63539,141.24422,278.08972,-56.066643,141.12833,278.53204,-56.146065,140.9336,279.0804,-56.19462,142.11465,280.55762,-82.17145,142.63596,282.70145,-82.21759,143.15778,285.25253,-82.24567,147.8778,289.1261,4.028573,151.17847,297.94595,-113.34941,159.08354,270.88098,-40.702587,160.08426,274.75354,-74.88519,201.37958,272.47308,87.92949,207.19398,312.62683,-155.423,276.70645,278.9651,134.22972,286.59274,323.81406,-171.02945,325.64117,272.3551,99.22308,349.03592,308.54282,-150.05318,342.18927,265.46246,97.47975,365.17255,307.45856,-169.46489,343.69537,262.1739,75.635796,364.28735,300.29285,-164.55827,339.0363,265.39005,87.75382,358.85837,299.3642,-146.97986,322.56284,254.85701,74.075615,332.24182,279.6143,-73.94848,384.57962,183.07831,-41.323906,388.22034,187.78555,-134.90388,457.9797,100.16539,-87.13574,460.65308,94.767525,-152.2755,483.99408,93.92325,-95.637436,485.27283,89.68532,-158.10739,447.96204,46.239822,-161.98712,450.3684,42.013565,-228.53705
image_22.jpg,148.70956,269.82077,-77.01339,140.3381,277.22858,-66.23349,140.19945,277.802,-66.307625,140.0076,278.50076,-66.35264,141.24014,279.5134,-93.7548,141.74701,281.6411,-93.80677,142.23166,284.1765,-93.84988,147.61606,289.56863,-4.9572816,150.27887,297.0202,-128.95084,158.93979,269.8095,-50.47631,159.95927,273.49832,-86.55487,200.70346,273.0919,81.541916,207.26404,311.80298,-170.55142,276.13455,280.17242,130.9184,287.69547,323.80045,-187.24304,326.6916,273.4263,94.1825,348.0626,308.61536,-166.17572,344.36526,267.8713,92.76338,364.8079,307.25647,-186.81444,345.28714,262.84213,70.20606,363.87604,300.13293,-182.53445,338.5705,270.20566,82.420074,358.2535,299.3488,-163.27063,321.91074,257.0132,76.05186,332.9098,282.5085,-75.92394,383.54428,185.3805,-53.784393,389.27734,191.06836,-149.27313,458.05994,105.88932,-104.87706,463.27298,96.214096,-173.29901,484.3176,98.200035,-113.86336,488.21548,90.32753,-180.06691,447.22015,49.563175,-183.38657,450.92834,42.598873,-256.0445
image_23.jpg,148.73703,269.5138,-91.104416,140.6855,277.71436,-80.22103,140.42467,278.44205,-80.28879,140.14282,279.2558,-80.32444,141.3662,279.87918,-109.753784,141.70749,281.9425,-109.819885,142.16638,284.2638,-109.85482,146.4673,290.01285,-17.60029,149.67087,296.00986,-150.3097,158.14572,269.9703,-63.839523,159.2238,273.80914,-102.54903,199.03183,274.71307,74.494316,207.3952,308.1759,-191.21095,275.4062,281.5351,123.608635,287.11334,322.29224,-199.9402,324.04053,274.6309,86.47449,347.55722,305.3753,-160.87236,340.39923,267.52753,85.83147,363.85437,304.3144,-178.35793,343.6444,267.5563,64.06608,362.60632,298.18942,-173.46164,335.31345,271.82388,74.81431,356.86993,297.232,-156.94789,323.29254,257.205,80.95732,335.2574,279.61783,-80.81889,385.54218,188.1264,7.392248,391.00528,192.43156,-125.6414,460.57043,108.97715,-6.7236943,466.1643,102.27686,-128.1938,486.17218,100.98636,-12.225946,491.2577,95.96286,-133.0076,454.74097,54.558548,-70.21957,458.4204,49.21812,-203.621
image_24.jpg,150.14136,270.37915,-106.603806,141.56659,277.67694,-94.837845,141.24036,278.17416,-94.91197,140.82895,278.77112,-94.952576,142.65784,280.28378,-119.494354,143.20032,282.41983,-119.545746,143.85515,284.9528,-119.564316,146.9708,288.67923,-27.3575,151.51215,297.01996,-138.15451,159.97102,270.04584,-77.90676,161.40671,274.45792,-110.23097,198.0769,273.24142,64.23196,206.49069,310.55243,-173.09656,274.08246,280.82693,114.04903,286.03598,325.00848,-187.1364,324.28766,274.43817,81.6333,347.86484,308.33862,-167.42683,340.71887,267.6423,81.12047,366.0048,307.70178,-186.49158,339.55237,267.75998,59.512917,364.58978,300.51547,-180.63638,335.12323,272.08994,70.44055,357.88815,299.34094,-163.91022,324.56506,257.22577,74.79852,335.61935,281.52625,-74.72388,385.77084,187.03171,-36.819458,393.031,195.7216,-137.30153,465.71286,108.61825,-80.739136,470.363,111.90867,-151.45418,491.6184,100.16147,-88.988235,496.4887,101.6253,-157.0191,457.06082,53.628357,-151.56697,463.10675,54.959106,-226.61531
image_25.jpg,148.26227,271.10825,-92.57142,140.61049,278.69348,-81.80305,140.54456,279.29205,-81.87483,140.43552,280.00797,-81.91647,141.35037,280.81308,-110.853745,141.7662,282.7583,-110.91294,142.20895,284.93,-110.96765,148.04962,290.29086,-20.635708,150.13216,296.93652,-151.1078,159.02118,270.897,-65.946014,159.53784,274.15936,-103.94978,201.39874,271.7079,65.86096,207.65988,312.01428,-189.54054,277.94247,277.97446,114.51676,289.3416,322.34045,-205.63997,327.83887,272.7475,75.77028,353.22678,308.03455,-188.98969,344.47577,267.07828,73.55861,368.15228,306.64835,-210.1432,346.99692,263.93896,51.92625,367.29028,299.2063,-206.60815,341.77365,267.03494,64.309685,362.21844,298.5263,-186.22159,322.1977,255.59735,77.07831,333.2467,279.95886,-76.93416,385.14807,186.53484,-6.6370893,392.7057,193.48604,-137.9768,462.29886,112.55194,-20.495132,470.155,103.95604,-145.47946,486.0118,105.11222,-26.200811,493.75974,99.35729,-151.21698,457.36374,56.910168,-91.7606,462.0752,52.136436,-233.37877
image_26.jpg,149.93207,270.86047,-112.27756,141.89699,277.76846,-100.81672,141.72716,278.26627,-100.87502,141.49426,278.9092,-100.91462,143.01918,280.4101,-128.41194,143.62381,282.4965,-128.47884,144.28497,285.00427,-128.52003,148.0562,289.07715,-34.52296,152.37541,297.3943,-158.2254,159.75035,270.89133,-83.55508,161.33765,275.0847,-119.607895,199.73196,274.18408,62.167797,207.64035,310.35376,-194.70508,276.0831,279.73535,114.05362,288.76315,322.8199,-204.32051,326.57263,273.58337,79.96648,351.2421,306.91495,-178.62335,342.29834,269.37506,79.47783,365.62726,304.30725,-197.7461,345.05032,266.91168,58.37887,364.58585,296.60065,-193.02652,336.6905,271.85602,68.83351,359.6088,296.25552,-175.13855,321.9362,256.98068,79.612076,333.76376,280.45248,-79.519005,385.1999,190.1292,-5.5966988,391.02966,193.26337,-131.50114,461.6489,112.30597,-24.561222,469.11838,100.45663,-148.09837,486.56754,106.765625,-30.451508,493.12256,95.61738,-154.62755,454.50433,59.207527,-91.30835,458.10532,48.10657,-231.3697
image_27.jpg,147.74675,270.83035,-85.00044,139.5252,278.49536,-74.194145,139.44885,279.09982,-74.2742,139.33723,279.77408,-74.31443,140.3311,280.48135,-102.04238,140.84702,282.2217,-102.09476,141.3954,284.30576,-102.13067,147.1472,289.62015,-12.852467,149.89153,296.0336,-138.25891,158.16922,270.53174,-58.494526,158.78938,274.05368,-95.0863,200.76569,271.6006,73.817154,206.0358,310.54013,-178.55333,275.28662,279.24146,121.244934,284.17133,323.57422,-192.54388,326.78516,272.56616,85.525055,347.21442,309.32886,-167.57814,341.00064,266.808,84.94668,364.75507,307.8275,-187.29108,339.5553,267.228,62.840267,363.3871,299.87173,-182.3567,336.36346,271.05402,73.96698,357.0791,298.8884,-164.36206,323.51062,256.7079,76.88958,333.08655,281.11264,-76.7542,384.86417,186.38159,-33.180546,391.09866,195.43448,-143.19339,463.4983,104.86261,-71.420456,468.01477,108.575165,-150.37631,488.81256,100.09286,-79.360916,492.7963,102.46346,-155.40334,457.5771,50.873295,-146.3257,462.53198,53.02697,-230.54974
image_28.jpg,144.88509,270.07922,-93.33823,137.14937,278.51874,-81.84526,137.12491,279.31476,-81.922295,137.07175,280.19196,-81.954994,137.92284,280.31827,-112.66281,138.40492,282.06396,-112.72357,138.89009,284.01254,-112.77129,145.25102,290.67395,-19.418697,147.60542,295.8601,-158.27948,155.90172,270.10876,-66.42654,156.47768,273.01865,-106.880035,200.0081,273.63245,66.04186,207.77618,311.67386,-196.77908,274.37494,282.31232,106.66687,287.48505,323.04562,-205.79344,326.67676,276.3115,63.9329,349.68228,307.9453,-166.14139,341.58096,272.65225,62.11448,366.2907,305.41467,-184.3827,339.1841,272.01816,41.705467,364.05493,298.52533,-179.04813,335.49207,274.08975,52.741512,357.6322,297.88657,-162.23839,326.6313,257.3671,80.33164,337.65015,281.2818,-80.170044,386.55786,184.59828,-13.053381,393.9651,194.21294,-149.32542,465.39355,109.17582,-42.079792,472.96603,110.2531,-155.91382,491.9702,100.346664,-49.278755,499.78326,100.49023,-161.37694,455.7801,52.225197,-114.24476,463.56073,52.269615,-238.44232
image_29.jpg,148.29303,268.69946,-88.65574,139.89429,276.9836,-78.31787,139.70885,277.82608,-78.399765,139.45107,278.80716,-78.44254,140.473,279.0504,-106.157524,140.78484,281.1375,-106.21069,141.16669,283.4215,-106.238464,146.00143,289.62204,-19.638117,148.84111,295.3098,-144.79652,158.28416,269.07413,-63.021446,159.21951,272.7643,-99.542656,197.25766,273.65845,61.15898,206.9237,311.097,-178.32544,273.3021,282.68335,104.11577,288.10956,324.7736,-188.6215,325.06348,274.84473,69.03018,350.78278,307.45377,-163.14812,339.26605,269.6263,67.81484,366.21185,305.2028,-182.22124,341.87317,267.35846,46.490067,364.65833,298.46262,-175.24826,334.62784,271.80933,57.821075,359.01196,297.95978,-159.19821,321.8938,256.87057,74.0618,334.62354,280.71356,-73.91759,384.6188,188.84811,-18.175724,391.9771,197.40646,-134.47289,465.1224,115.02458,-49.84039,472.25623,114.25793,-138.33011,490.1548,106.95601,-57.121853,497.67883,106.08135,-142.92993,461.44342,58.199173,-119.653366,467.92758,58.33839,-214.77057
image_3.jpg,153.12898,270.39096,-109.64331,144.91144,276.8984,-98.39751,144.3652,277.36255,-98.48276,143.69485,278.06635,-98.54797,146.10083,279.90805,-125.15893,146.43318,282.35736,-125.230675,146.76422,285.07568,-125.275955,147.51166,288.95428,-35.155006,152.67458,297.78586,-155.24403,162.83049,270.82098,-82.284805,165.06316,275.5055,-117.34273,194.92902,275.5917,57.518463,208.4985,311.45956,-192.27893,270.0654,281.71875,114.4506,286.23438,320.28943,-200.99554,321.44318,274.73975,91.84758,347.41608,308.6504,-169.23569,336.92767,269.43433,94.96741,365.76083,309.3652,-188.34276,336.91605,270.70163,72.6333,365.92224,301.99652,-183.16826,333.3359,274.27234,80.78375,359.93494,300.1918,-165.95695,319.01022,258.976,76.5446,330.952,283.03708,-76.395195,365.16492,178.9242,2.5721858,369.64078,183.49545,-138.93105,432.1248,83.21591,-12.9018,438.8771,79.355934,-136.81618,454.26038,78.083694,-17.73907,462.36688,74.88402,-139.94586,417.83847,31.02725,-65.63851,421.77563,26.392565,-201.7373
image_30.jpg,146.83868,270.77695,-93.82637,138.50954,278.73938,-83.08106,138.37,279.4773,-83.131645,138.2141,280.3389,-83.14339,139.49501,280.8088,-113.87709,140.08543,282.69952,-113.9451,140.68205,284.70453,-114.003136,146.36475,290.8063,-21.647919,149.43977,296.03513,-159.68198,157.21509,270.71976,-66.89414,158.11166,274.06686,-107.03865,198.29498,276.21902,70.046684,205.80345,311.0218,-200.12132,273.90656,282.2258,113.17496,288.127,322.6977,-209.9013,324.84125,275.85165,68.77633,349.33273,308.64075,-176.70854,344.45737,268.20956,65.179886,363.67767,305.21808,-195.56328,343.73508,270.08276,44.894814,363.0231,297.99402,-192.89812,335.66675,273.31546,57.42196,358.17163,297.9011,-173.59933,324.21545,255.99223,83.002106,334.83792,279.54028,-82.86162,390.06866,192.0848,16.659565,392.94635,191.64456,-120.9299,467.14606,122.86719,14.231047,475.56488,111.153275,-131.9829,489.6901,114.462364,9.265333,501.24237,101.508896,-138.53728,459.55655,67.09179,-52.618275,465.23517,54.08428,-217.95316
image_31.jpg,149.3071,269.48026,-88.53721,140.93451,277.6394,-77.63577,140.85435,278.48242,-77.69486,140.75061,279.4068,-77.71231,141.67946,279.32736,-108.9008,142.12476,281.11044,-108.9647,142.58154,283.18646,-109.02531,148.45963,290.44675,-16.666765,150.57365,295.3484,-157.31839,159.75938,269.75873,-61.922432,160.26102,272.84836,-102.85698,200.32385,273.13257,72.773575,206.646,311.0066,-198.5605,273.24814,281.04974,116.425964,285.29285,322.0376,-205.56848,324.61624,273.63535,71.539825,347.5999,308.1512,-162.89783,338.9234,269.71902,70.20634,363.50836,305.85504,-180.16422,337.84152,269.00757,49.300262,362.2486,298.75177,-176.24115,334.63324,271.46158,60.064243,356.64136,298.2077,-159.22122,324.4835,257.26553,82.20438,335.15857,279.9995,-82.055374,385.7586,188.24022,8.76013,391.92804,192.68063,-133.20566,464.6714,115.43904,-2.8846576,475.85727,108.71159,-132.3254,488.91724,109.36339,-8.270732,498.93286,104.36225,-137.02466,459.13348,61.543365,-67.875336,467.06445,53.93656,-213.05214
image_32.jpg,148.13127,269.71237,-92.36743,139.79683,277.78653,-81.81309,139.66837,278.53647,-81.87596,139.47852,279.39078,-81.902855,140.59756,279.64297,-112.76928,141.07016,281.5156,-112.83657,141.53546,283.69055,-112.89466,147.33572,289.97653,-21.477995,150.30978,295.752,-160.8183,158.5654,269.7102,-65.871544,159.40851,273.12854,-106.462906,200.7478,273.29425,67.185684,207.26578,312.1237,-200.20631,275.81082,279.01657,113.97133,287.44763,322.5327,-209.37914,326.00388,272.24643,71.37381,350.01593,306.6681,-173.15462,341.8133,266.35504,70.19387,365.46786,305.18488,-191.6516,343.78137,265.2704,48.1149,364.44797,297.37656,-187.38603,336.45892,270.3732,59.527657,358.85016,296.50677,-169.52242,324.38748,256.63843,80.66131,336.2607,279.95535,-80.50186,386.53345,189.5537,8.468804,393.62003,194.64062,-127.11685,464.2542,115.79266,-3.1180382,473.3816,109.510056,-126.99272,487.39417,110.65812,-8.512537,497.29736,103.86928,-131.9044,458.60703,60.268166,-69.23665,464.5758,54.30871,-208.47212
image_33.jpg,148.26988,269.58173,-76.48557,140.31952,277.62656,-66.55305,140.20226,278.46347,-66.62032,140.02173,279.49527,-66.63794,140.96951,279.55966,-95.28461,141.33374,281.50845,-95.335495,141.63719,283.5149,-95.37399,147.27669,290.10226,-8.996004,149.394,295.01056,-138.05194,157.84653,269.66754,-51.26421,158.16776,272.86865,-88.84149,199.91818,274.0383,77.42384,205.94196,312.328,-178.94208,274.33377,281.21326,120.37174,285.88556,322.80563,-188.34917,324.64264,272.326,79.318245,347.55264,307.3198,-152.72937,339.87198,268.7162,76.9329,363.20575,303.8716,-170.46638,340.7132,265.22696,56.51495,361.5897,297.02716,-166.85968,335.13354,270.51016,68.14691,356.23737,296.76843,-149.51482,325.33054,257.96146,79.037796,334.3243,280.04144,-78.8928,387.76038,188.7289,1.9392091,391.47656,194.26643,-126.80495,467.0188,118.73925,-16.340311,475.1465,113.05541,-134.06755,490.97107,110.7911,-22.612047,499.22754,105.32439,-139.41698,460.58325,65.283424,-80.48675,466.6959,56.917606,-208.66373
image_34.jpg,147.61789,269.57452,-99.43958,139.5421,278.03995,-88.8307,139.4676,278.81787,-88.89717,139.37561,279.67496,-88.93284,140.31366,279.78156,-119.07523,140.81113,281.53622,-119.13687,141.3601,283.56964,-119.182625,147.4537,289.66345,-27.854427,150.26886,295.3306,-163.8536,157.85774,269.65173,-72.67417,158.4899,272.7632,-112.31583,199.47052,272.1015,59.827972,207.42067,311.90933,-199.11644,273.774,279.94208,111.490204,287.02045,323.31512,-208.38654,324.70535,273.61542,74.180115,349.14767,308.0419,-182.26363,339.80392,266.81042,73.779366,367.00058,307.3964,-202.11298,338.2623,266.64514,51.617714,366.01727,299.80606,-197.28334,334.44293,271.00623,62.616272,359.82895,298.65067,-178.84296,322.1295,258.03372,79.36778,333.5119,282.65536,-79.23803,387.7211,190.19872,-19.820044,392.33746,195.30756,-134.17657,467.66803,115.39676,-47.033043,472.67514,110.709785,-142.46832,493.4489,108.65235,-53.8645,497.69525,103.88277,-148.04585,461.3941,60.76771,-119.38503,465.47763,55.989246,-226.38557
image_35.jpg,146.73132,270.10553,-92.08993,138.7152,278.37674,-80.53122,138.64716,279.196,-80.5861,138.50586,280.14682,-80.60401,139.47366,280.3329,-111.253624,139.9642,282.26642,-111.313774,140.40448,284.44183,-111.3596,146.5187,290.77014,-17.045177,149.12132,296.2855,-154.98529,157.24928,270.34082,-64.5362,158.01257,273.60437,-104.678185,199.72398,272.5888,76.171585,206.21585,312.29883,-196.04347,276.05328,281.07028,121.42641,285.94092,321.9809,-203.06354,326.8985,272.43646,78.2835,349.53833,307.40967,-162.75043,340.7361,267.94394,77.098145,365.2677,304.93826,-180.66159,338.92105,267.47995,56.205944,363.54095,297.51965,-175.81357,335.84204,270.16223,66.81387,357.9631,296.979,-158.8577,324.48184,258.34296,83.73855,334.239,281.03113,-83.61195,388.1562,189.04039,2.5316894,391.62494,192.32074,-141.52591,467.8556,115.374825,-10.615102,476.9187,108.05706,-151.79265,491.37488,108.76136,-16.181473,500.84412,102.734085,-157.82156,461.1287,63.235115,-76.56641,468.63525,54.536633,-235.52293
image_36.jpg,149.3566,268.70633,-93.01672,141.55754,276.60712,-83.239426,141.26335,277.32004,-83.30666,140.87512,278.1933,-83.34094,142.26584,278.97394,-111.872604,142.5988,281.1131,-111.93761,142.95615,283.47406,-111.96723,146.89014,289.44116,-24.822092,150.10155,295.27258,-153.34164,158.94868,268.95563,-67.25505,159.80148,273.19608,-104.73755,200.09851,273.25293,62.33521,208.25916,310.57675,-189.47554,273.02264,279.96127,110.14136,288.577,323.0253,-197.31627,324.33392,274.2199,75.22667,349.7835,307.29462,-167.80939,338.36987,270.11877,73.827675,364.85965,305.5211,-186.62827,337.71307,269.42523,52.12153,363.59314,298.0997,-182.14072,334.226,272.43365,63.731136,358.3454,297.08987,-164.50009,324.66342,256.26126,77.27447,336.528,279.6725,-77.13447,388.27417,190.61359,15.045119,393.65372,193.62024,-114.54064,466.5014,117.28536,5.9054317,476.69678,108.71079,-118.659454,489.4508,109.846245,0.81578285,499.45908,102.83785,-123.68837,461.67554,61.68028,-55.586952,467.91458,53.68821,-194.47308
image_37.jpg,145.92749,270.15872,-98.87313,138.17917,278.62173,-88.53853,138.10031,279.34894,-88.608475,138.01654,280.1647,-88.64691,139.03716,280.36935,-119.04379,139.53828,282.19293,-119.110954,140.08682,284.23782,-119.16488,146.05118,290.31918,-28.79723,148.40967,295.78412,-165.69772,156.2461,269.83728,-72.61509,156.77576,272.95026,-112.48016,200.8075,272.48035,57.28506,207.90085,311.87558,-202.66228,275.56943,280.52698,101.32564,288.711,323.0999,-214.61569,327.57996,273.793,58.929535,351.12308,307.29828,-189.93166,343.91232,268.3934,55.67153,366.76184,304.63452,-210.235,345.89008,264.6703,34.204956,365.58026,297.69022,-206.98418,338.06464,270.96674,47.2918,360.07654,297.2387,-187.0863,323.82962,256.4915,78.21355,335.42126,281.1779,-78.0361,387.81018,188.73882,8.971578,394.0051,194.58556,-131.33563,466.74463,115.76477,4.381728,478.08682,110.23353,-130.06952,490.2622,111.55249,-0.6602646,501.4763,105.493385,-134.71045,461.9071,61.220013,-64.11035,469.02386,56.138206,-214.64459
image_38.jpg,145.21341,270.6917,-93.27608,138.14355,278.74527,-82.56287,138.07706,279.381,-82.622955,138.0243,280.11118,-82.649994,139.11273,280.69003,-112.844765,139.69588,282.53986,-112.908905,140.28214,284.52133,-112.96208,146.58301,289.66492,-21.86829,149.12695,295.68735,-157.88806,155.93262,269.7422,-66.78165,156.42815,272.4972,-106.370476,201.30867,271.24792,65.9765,207.14552,310.3815,-196.15573,273.36578,280.86002,111.58753,286.0416,323.8767,-204.48387,326.6192,275.49564,70.3934,349.38458,308.06485,-175.88513,341.7552,271.45694,67.80879,365.419,306.9843,-195.07918,340.0224,270.7261,46.97,364.2768,299.6126,-191.67513,336.83752,273.34244,59.07967,358.6856,298.84326,-172.75311,322.93396,257.0681,80.07025,333.30383,280.7166,-79.91533,389.98734,190.13858,10.277676,396.62173,194.60243,-130.55576,469.79346,119.28056,1.8648213,480.78088,112.83757,-137.73761,493.46716,113.774956,-3.2812343,504.29874,108.776024,-143.36984,464.9168,63.90139,-64.753716,472.20248,57.42076,-223.24098
image_39.jpg,146.90424,269.57404,-86.68361,139.10663,278.46848,-75.6806,139.09102,279.375,-75.741615,139.07559,280.32318,-75.76126,139.74637,279.88245,-106.97926,140.17023,281.5551,-107.03313,140.65001,283.4666,-107.08661,147.61092,290.5471,-14.481337,149.25693,295.00616,-155.2186,157.16565,269.54794,-59.948956,157.51718,272.46313,-100.899284,201.9684,272.377,71.48036,206.1307,312.43384,-194.02155,274.50107,280.83038,117.55578,287.4195,324.4148,-203.87094,325.636,273.3365,72.08591,351.35083,306.8442,-165.04759,340.25226,267.9565,69.96749,365.6684,302.66257,-182.54422,340.5928,264.66095,48.79246,364.02817,295.71072,-177.55598,335.6613,270.85748,60.48587,358.87018,295.78085,-161.02567,323.99274,256.88428,80.61378,334.7943,279.77008,-80.49573,390.0628,191.4792,-17.105581,394.98688,198.53065,-140.00131,474.08722,120.047264,-40.279675,481.5296,120.747574,-139.59363,495.3277,113.47157,-47.05932,504.34656,115.15025,-144.6544,468.83438,65.55396,-114.46389,475.48264,65.84035,-224.56635
image_4.jpg,151.65515,271.2919,-101.5784,143.15659,277.65356,-89.53981,142.83261,277.94983,-89.60712,142.40262,278.3725,-89.65279,144.22195,280.37604,-114.349144,144.69089,282.68356,-114.418106,145.19644,285.42065,-114.46309,147.79922,288.08875,-25.072851,152.32999,297.78488,-136.12221,161.12784,271.0444,-74.16541,162.95912,275.39468,-106.52241,199.29965,273.2973,65.78301,207.04755,308.5876,-175.1165,276.02304,280.768,107.86201,285.3529,321.65347,-191.81256,326.42032,275.86,70.69422,349.11975,309.25662,-174.57272,342.5324,270.88617,70.264824,365.3202,307.97098,-195.72939,350.85474,270.34512,48.02403,364.67255,299.71277,-189.38109,337.99258,274.49316,59.24784,359.74774,298.92072,-171.00844,319.1033,259.10397,73.45575,328.1042,282.05826,-73.32811,369.15164,181.86143,-1.225531,371.41766,182.82071,-137.17245,433.33997,88.953064,-16.645033,441.8131,83.10226,-144.63358,452.79663,81.030235,-21.660746,464.8734,76.30038,-149.1958,416.01654,35.98065,-74.46065,422.61365,28.74507,-215.50613
image_40.jpg,146.31503,269.8393,-83.7607,138.40929,278.35944,-72.67243,138.39296,279.06042,-72.75308,138.3803,279.84003,-72.78902,139.21938,280.1832,-100.525925,139.7734,282.01627,-100.57524,140.3769,284.18195,-100.60454,146.95627,289.7195,-10.512003,149.17706,295.78302,-135.64801,156.9267,269.61203,-57.02196,157.24251,272.78558,-93.500145,201.10858,270.24316,74.06196,206.64532,310.3465,-173.64511,275.09174,279.88568,118.4704,286.63672,323.32452,-182.64113,326.97595,273.02216,81.15319,349.30038,306.58893,-152.73271,341.88934,269.18625,78.74375,365.0838,303.53638,-170.87035,339.66702,267.93726,58.74279,362.6254,296.9065,-165.711,336.18817,270.14764,70.26339,356.77097,296.454,-149.20686,325.54004,257.24277,76.951225,335.4879,282.1861,-76.8034,389.1988,191.3675,-41.24515,395.4106,200.1384,-160.47874,471.8058,122.31009,-79.68575,478.98413,115.20963,-186.12509,499.1671,114.39063,-87.72542,505.69635,111.14523,-193.16612,472.77777,64.80094,-157.44131,477.54755,60.701237,-274.26508
image_41.jpg,146.2114,269.48172,-94.4566,138.50038,277.90256,-82.96852,138.49266,278.6639,-83.03306,138.50465,279.53076,-83.05825,139.1979,279.5412,-114.44816,139.66931,281.32135,-114.507126,140.19263,283.36734,-114.56277,146.7617,289.514,-19.06565,148.59087,294.6152,-160.46161,156.6809,269.52347,-66.66894,156.92224,272.4508,-107.83542,201.33652,269.5193,69.5049,206.03854,312.99432,-199.24408,273.2121,279.01776,114.97629,286.0766,323.90927,-211.88383,325.93628,271.75082,66.850975,349.8602,307.51163,-185.6151,340.75372,266.42783,64.39749,365.48877,306.45966,-205.93484,339.47375,265.21658,42.451813,364.53766,299.6023,-200.98341,336.37772,268.07446,54.818367,358.75272,298.89905,-182.00034,323.9936,256.08423,81.30989,335.18927,282.27557,-81.169235,391.58972,189.61147,-13.229247,398.84122,197.31274,-141.26744,475.04462,116.318565,-32.180416,484.1394,118.03129,-139.10341,497.5911,111.8437,-38.48972,507.14062,113.32973,-143.9649,471.35196,62.449295,-106.945885,478.97852,63.356724,-228.02234
image_42.jpg,145.45982,269.9958,-90.96668,138.36137,278.27386,-79.69525,138.34412,279.05502,-79.764565,138.34251,279.9649,-79.8013,139.0882,279.9542,-111.00856,139.56723,281.76633,-111.06886,140.13538,283.7547,-111.12344,146.34315,289.98358,-16.652205,148.26657,295.14468,-157.2332,156.21095,269.7098,-63.57949,156.31506,272.44812,-104.4859,202.2059,270.8178,71.231125,207.18538,313.63593,-198.25,275.42557,280.57565,116.362465,287.4372,325.48975,-212.73657,328.0592,273.133,68.38046,350.86215,307.47095,-186.04555,344.45712,268.8252,64.28546,366.0245,304.67078,-206.45294,344.75323,263.80075,42.51867,364.6628,297.8242,-202.89188,338.6865,270.25842,56.298466,359.02072,297.67697,-182.88965,324.29596,257.51047,81.019485,334.8011,282.6848,-80.85247,392.53842,191.9648,-8.324796,398.22812,198.50444,-137.33469,474.80136,122.09809,-24.06976,484.8847,118.99117,-130.8356,499.21738,118.656006,-30.29477,508.0749,115.74373,-135.08412,473.83606,64.97556,-99.666374,479.76962,63.33249,-218.03369
image_43.jpg,143.05765,270.30554,-86.10893,136.1416,278.90872,-74.82073,136.09253,279.56302,-74.887436,136.05133,280.3251,-74.91994,136.99011,280.801,-105.20236,137.56107,282.645,-105.258644,138.19537,284.70886,-105.29746,144.7154,289.8905,-12.800642,146.90802,295.903,-149.09702,153.94016,269.2499,-59.261307,154.21167,272.28497,-98.90336,202.74352,271.45,73.82265,207.11662,310.46887,-188.8974,276.8997,280.49512,115.08378,288.51822,324.64297,-194.59052,328.45148,276.5356,71.23271,350.0265,308.31918,-156.95578,343.93317,271.76453,67.46575,363.2848,305.00958,-174.4497,346.6416,268.1128,47.520184,362.05267,298.67294,-170.71669,338.1634,274.46246,60.00244,357.1155,298.68304,-153.58304,322.4723,258.34036,81.09871,332.99588,282.00375,-80.94484,393.39514,194.4499,-5.7628956,396.83734,197.30548,-133.56033,476.3295,125.57407,-24.033325,484.3916,122.70488,-136.86287,498.83774,120.69551,-30.28056,508.806,116.61399,-141.99423,474.76364,67.979164,-95.54607,480.62915,64.62044,-221.20218
image_44.jpg,142.53778,269.6961,-87.23633,136.9413,278.6879,-75.929596,137.10115,279.63617,-75.98947,137.30836,280.69476,-76.00583,137.7042,280.03824,-107.674515,138.31322,281.83307,-107.72668,138.91989,283.8407,-107.77292,146.43205,290.70374,-13.478029,147.47774,294.44638,-156.1497,153.02219,268.1418,-60.213684,152.9224,270.97748,-101.69772,203.42873,274.39832,72.89268,208.43259,310.9613,-196.44443,275.41785,280.71713,114.03311,288.08734,324.48267,-207.67401,325.73395,273.18915,63.896935,350.51465,306.6503,-172.22404,341.82614,268.4894,59.395412,365.50095,304.0778,-190.52753,342.7972,263.39572,38.607174,364.05515,296.80728,-187.62596,336.2161,270.76395,52.100903,358.50522,296.31036,-169.13222,325.6507,256.38687,81.5565,335.9338,279.59778,-81.41612,392.41858,188.23782,-6.4888086,399.10184,196.01833,-122.59398,475.41962,120.99014,-19.467611,483.87634,121.870995,-112.16426,496.6798,116.089264,-25.593111,506.16327,114.57704,-116.40061,471.2416,66.35922,-93.89973,478.33768,67.0983,-197.00772
image_45.jpg,141.92758,270.54153,-100.741486,136.53824,280.63022,-88.51529,136.74486,281.536,-88.57434,137.03917,282.5236,-88.59322,137.30981,281.81863,-121.918724,137.9371,283.3298,-121.98037,138.63354,284.91135,-122.04697,146.55963,291.698,-21.987247,147.96725,294.82077,-172.14265,152.43182,268.72443,-72.111465,152.74611,270.80664,-115.72399,202.32425,274.02377,70.04368,207.92383,309.76712,-215.68712,274.55298,282.2946,110.38517,287.06375,323.90485,-236.04144,327.53558,273.96655,53.791584,350.44876,308.1618,-214.04813,343.3411,269.63577,48.21676,364.4835,305.77353,-237.29373,346.59152,265.17108,26.109146,363.53168,299.27335,-235.37555,337.93643,272.07574,41.149162,358.65387,298.8911,-211.76141,323.786,257.43866,85.93083,334.02725,281.1846,-85.7681,390.7456,189.47461,-12.352222,397.5708,196.18816,-145.50104,473.2628,122.56949,-23.872396,483.16284,123.299644,-137.7414,495.46616,116.97219,-30.110523,506.96017,116.45428,-142.43929,472.1148,65.02939,-104.70842,479.90118,66.156525,-233.06245
image_46.jpg,144.04184,268.84088,-95.63445,138.33067,278.56195,-84.058975,138.57079,279.5241,-84.12691,138.82849,280.5766,-84.157715,139.11902,279.7709,-115.598,139.8302,281.47226,-115.654915,140.5947,283.37366,-115.68997,148.23927,289.89844,-20.648129,149.95898,293.6252,-162.27791,155.00952,267.33115,-68.24805,155.07974,270.2627,-109.46869,201.92761,272.4268,63.847317,210.92142,309.3382,-198.0687,272.05612,281.6302,105.97261,290.51587,324.83386,-199.25961,325.21823,275.5262,62.713528,351.58185,307.62305,-155.78497,339.0419,271.154,59.321617,365.32626,304.03696,-171.90323,337.28003,270.63745,39.91486,363.21063,297.18967,-168.09933,333.8713,272.92032,51.73181,358.02087,297.15604,-152.26857,322.27368,257.0829,80.48337,335.0784,281.27307,-80.35283,391.52014,190.39323,-21.058084,397.48438,197.59079,-136.488,476.2713,117.71074,-45.41484,483.10626,121.161835,-130.52016,498.7764,112.93105,-52.33628,505.13312,116.54874,-134.66972,476.4214,61.60748,-122.26593,482.04938,65.44778,-216.02419
image_47.jpg,144.77948,269.51978,-87.53852,139.1227,278.4077,-76.200195,139.34793,279.23062,-76.26409,139.58885,280.15723,-76.28114,139.79408,279.65555,-106.984146,140.40747,281.26297,-107.03373,141.08122,283.10214,-107.07589,148.43475,289.13666,-14.36471,149.73906,293.09302,-152.7097,155.64087,268.13528,-60.87379,155.65326,271.07187,-101.12156,203.42075,272.36975,71.06752,206.95511,309.44644,-192.82042,273.50336,281.81244,110.60184,286.81238,324.2737,-205.74861,325.40726,275.90503,60.518017,350.1789,308.37497,-176.6781,340.03098,270.523,56.70416,365.34988,305.95093,-196.28325,339.05032,271.3559,36.12765,364.1661,298.8092,-191.98447,335.8107,274.02124,48.92866,358.9162,298.4036,-173.43298,322.84314,258.22488,79.96934,333.55664,281.84668,-79.83298,390.21906,191.16669,-18.97076,395.57092,198.49463,-134.61363,473.69952,120.16006,-40.976788,483.74545,122.14711,-132.66402,495.44196,116.2392,-47.749462,505.6743,117.92978,-137.43301,473.6743,65.10106,-116.16601,482.34717,66.346825,-217.74823
image_48.jpg,144.06984,270.6259,-92.72277,138.97772,280.34842,-80.801,139.15881,281.26324,-80.86681,139.40117,282.2675,-80.89375,139.80954,281.6645,-113.09333,140.48871,283.32523,-113.158195,141.26367,285.06595,-113.21225,148.16267,291.43915,-16.554708,149.91194,295.1183,-161.35033,154.54886,269.0298,-65.146416,154.72968,271.85703,-107.24242,202.0592,273.98666,69.46973,208.99353,308.94876,-202.89194,274.13303,281.28317,104.349434,289.0691,323.8286,-209.2594,325.95056,275.80417,51.51123,350.7475,308.08743,-166.99213,341.058,271.07315,45.594296,364.47943,303.90375,-184.71101,344.78702,266.61127,25.945253,363.50314,297.51505,-182.50105,335.76044,273.45587,39.905193,358.25635,298.0337,-164.01761,323.21567,257.65045,82.17221,334.83334,282.12692,-82.008095,390.2348,189.99654,-6.10512,397.21454,196.84433,-131.37854,472.1521,120.96561,-16.397661,482.03445,120.61782,-116.40212,494.79645,115.937965,-22.296007,505.616,114.82567,-119.98894,473.021,63.97991,-94.07615,481.24084,66.41064,-205.39847
image_49.jpg,144.63943,269.9543,-92.64069,139.41364,279.69373,-81.462845,139.671,280.66782,-81.5269,139.96536,281.75525,-81.5538,140.16287,280.92966,-112.2997,140.87746,282.6317,-112.354965,141.67618,284.42435,-112.397736,149.20923,290.7964,-19.41016,150.97047,294.3559,-157.91127,155.24521,268.3848,-65.76138,155.50769,271.3447,-106.06131,203.39627,271.7962,64.51904,209.68321,309.50336,-194.76488,272.6884,279.79663,107.92497,288.02097,324.40573,-202.16245,325.0975,273.11765,64.885155,351.5231,308.14117,-168.61783,340.23688,268.9234,61.848564,365.49695,304.88367,-186.6979,341.78345,264.1231,41.2668,364.5557,297.14532,-182.5458,335.8224,271.0449,53.555943,359.24304,297.0751,-165.19144,323.0282,256.34467,78.785904,333.01236,280.03534,-78.64377,390.55853,189.2177,-17.644318,396.65918,197.77556,-137.02861,474.18585,121.081795,-37.36766,482.96545,124.24393,-129.50116,496.61682,115.33733,-43.852535,507.0418,116.81105,-133.55898,472.0396,66.213455,-113.453384,479.19305,69.31705,-215.71426
image_5.jpg,151.449,270.00482,-72.86968,143.27768,276.75894,-62.6398,142.83684,277.47293,-62.707474,142.30951,278.40295,-62.736877,144.09987,279.07382,-90.62279,144.30524,281.2636,-90.68657,144.48825,283.7055,-90.7423,147.35191,289.88092,-7.938256,150.7496,295.90765,-133.76962,161.05956,270.96887,-48.988007,162.68982,274.81958,-85.723,198.08032,276.86807,73.72544,204.61069,307.77988,-176.40588,274.7732,283.27896,109.75204,284.5338,320.8341,-192.06989,325.21582,278.18393,70.28213,346.09744,308.60605,-162.68892,348.3402,271.79843,70.589264,361.7658,307.9745,-181.68427,348.84454,272.64597,48.135857,361.71054,300.56198,-176.2734,336.60614,276.8608,58.718685,356.76608,299.70477,-159.15251,320.0948,258.81467,75.05179,329.54834,279.79703,-74.86789,370.48877,180.6874,27.317257,374.13254,179.32352,-102.64008,432.86597,91.68148,28.030853,442.6092,82.44603,-110.623,455.66595,83.519226,24.472658,467.0539,75.04767,-115.709274,417.01157,41.28018,-23.221266,423.89206,32.581245,-177.5934
image_50.jpg,143.70245,271.31784,-78.487625,138.29309,280.9546,-67.215416,138.56128,281.78317,-67.27462,138.8742,282.73285,-67.29335,139.00696,282.07574,-98.76895,139.7616,283.656,-98.826515,140.60484,285.41663,-98.86371,148.37949,291.2178,-6.2897067,150.20297,294.7525,-148.13727,154.24612,269.53973,-52.154842,154.56177,272.49997,-93.453285,202.31522,273.08463,78.86258,207.66528,307.0974,-189.55322,274.95032,281.60522,121.14478,288.37366,325.1949,-194.05075,326.13257,276.1516,76.50582,349.885,307.5697,-152.36044,341.25507,272.1385,73.8363,363.52637,304.3067,-169.26721,340.86243,271.42334,52.683926,362.69037,298.23282,-165.21008,336.3211,273.91006,64.825714,357.59613,298.1129,-148.66055,323.7113,258.3295,83.34289,333.4618,280.78693,-83.17928,391.31775,191.39769,-2.319721,396.15173,195.93372,-124.79356,474.02557,123.153275,-22.8634,481.57477,120.154434,-126.14341,498.2646,117.97724,-29.133062,505.81143,114.89818,-130.80745,471.2002,66.55323,-92.5862,477.05475,62.902306,-205.72662
image_51.jpg,487.99942,245.92935,-60.116215,497.18378,252.22882,-74.3941,497.14645,253.79085,-74.383385,497.10086,255.48798,-74.42304,497.60803,251.2785,-44.737236,497.86896,252.10799,-44.768333,498.16925,253.07932,-44.864613,492.32892,268.54276,-112.551056,493.7537,265.68875,19.711292,478.16098,250.47421,-72.66086,478.17462,248.53975,-33.894676,440.6854,289.53766,-179.31342,445.05804,260.1427,110.64205,371.53763,304.872,-223.21867,375.80685,267.66077,147.98216,308.97174,309.46805,-234.66064,324.17682,274.02213,115.15702,289.99646,314.2211,-264.15875,310.22455,273.20532,125.03002,289.33783,307.62863,-253.34505,308.8963,274.77563,102.10479,295.88046,305.00546,-229.84225,312.99255,276.04636,104.995605,328.4333,278.23715,-97.18293,333.72552,257.7929,97.33199,304.40268,175.71255,-171.23795,306.9532,167.76157,-18.362696,246.35739,78.015945,-170.64912,249.43085,79.19985,0.08993954,224.20189,66.91277,-172.47272,230.3309,68.01644,0.08304483,268.6842,36.974873,-245.71585,270.5093,36.64823,-51.212025
image_52.jpg,485.19412,246.02359,-13.709741,494.87088,251.79892,-26.581118,495.0039,253.32158,-26.5737,495.13513,254.96387,-26.61568,495.1169,250.5938,1.7618096,495.43335,251.22797,1.7376292,495.8055,252.00783,1.640405,490.8812,267.29086,-64.905075,492.04675,263.73737,61.397766,475.58417,250.68388,-26.7315,475.62515,248.19254,10.26368,443.8855,286.65347,-137.39413,443.89502,259.65225,141.15724,371.90363,303.62244,-182.28651,374.56302,268.57562,180.65216,311.2627,308.87744,-201.55403,323.79248,276.78516,150.9347,293.23123,313.57974,-228.70734,309.11377,278.19708,161.59784,292.68814,308.5741,-216.15846,308.6926,278.4476,142.02711,298.7902,305.91544,-196.14261,312.97086,279.1616,142.15508,330.05585,276.60446,-91.832924,333.3255,259.50943,91.9062,301.39322,175.76376,-157.87743,301.62485,169.10352,-10.213927,239.48784,79.31014,-151.42322,241.43811,78.618324,9.343826,218.3683,70.541954,-151.02272,222.5795,71.49268,10.076138,258.1309,35.46843,-216.67976,258.01807,34.923977,-39.39163
image_53.jpg,485.1676,246.09656,-21.168272,494.35846,252.1261,-34.306454,494.3791,253.60739,-34.292675,494.4123,255.18732,-34.33265,494.81165,251.09204,-5.0960727,495.13763,251.81384,-5.1201434,495.49423,252.62323,-5.213964,489.99634,267.24838,-73.51294,491.35513,263.91928,56.336025,475.4518,250.10631,-34.611923,475.79074,248.00494,3.419129,440.44226,286.22653,-147.29576,443.935,259.23816,137.32767,369.92932,302.84653,-189.18738,376.34048,269.20255,173.43933,309.20352,309.3473,-195.30255,323.46173,278.07513,143.86943,290.88803,313.89355,-221.54468,309.22955,277.69745,155.14459,290.21576,308.27277,-208.92967,308.03348,279.08502,134.98409,296.31067,305.77148,-189.48143,312.08157,280.41028,134.94887,328.02597,276.24927,-94.90065,332.8437,259.2822,94.98455,296.08823,174.3564,-168.77197,298.94717,168.9107,-22.726507,233.62589,80.44659,-175.15215,235.78935,80.516624,-13.342744,210.5435,71.56085,-176.52101,215.47823,71.04185,-13.590827,254.51663,35.740685,-246.80696,253.60577,35.145134,-66.649605
image_54.jpg,488.76044,247.66519,-0.33541983,497.2918,253.64839,-14.088998,497.1976,255.25089,-14.097635,497.1203,257.00345,-14.133071,497.64496,252.4577,14.889998,497.79727,253.13458,14.874413,498.0027,253.91853,14.782701,491.69754,269.5326,-56.193443,493.02832,265.42636,72.97535,478.76227,251.55605,-14.580986,478.92303,249.04924,23.24163,444.67017,287.74576,-133.34547,445.50534,260.14038,153.67975,374.31073,304.1813,-179.19064,375.20752,269.24945,192.71547,311.33337,307.5512,-190.09111,321.51465,276.34802,159.04517,293.45087,311.6025,-217.52774,306.4256,275.95535,171.29428,292.8116,306.0259,-202.88225,305.20346,277.36536,148.61823,298.80994,303.68527,-183.34576,309.61502,278.32095,149.32822,328.13962,276.59338,-97.780655,330.8557,257.8785,97.89557,295.39362,175.52461,-159.75252,296.48413,170.30423,-10.977375,233.9787,78.021225,-165.26,236.2309,80.2134,1.476759,210.95508,68.5515,-167.0433,216.25607,71.48256,1.3438354,258.37427,29.01894,-235.78848,257.08508,32.576065,-51.040146
image_55.jpg,485.4134,247.16672,-14.1736555,493.75046,253.06987,-27.202541,493.8424,254.5972,-27.207077,493.96448,256.21277,-27.244127,494.38196,251.79016,0.5719529,494.87686,252.39993,0.55577505,495.43268,253.10179,0.47207236,490.2005,267.8767,-65.22365,491.7295,264.48273,58.473625,475.88077,252.18535,-26.850384,476.3506,249.7143,9.35315,444.61594,286.9582,-137.44598,446.72388,260.86856,137.56355,373.19748,302.41458,-185.11467,377.34998,269.65546,174.0777,311.785,306.62292,-201.01935,323.72894,276.7298,141.22643,294.46817,309.60962,-227.43019,309.15097,277.53818,152.48131,294.7328,304.44464,-213.26047,308.48782,278.81625,131.84877,300.07605,302.30737,-194.6695,312.74585,279.3315,132.26538,328.40503,275.38123,-92.58094,332.6584,258.14413,92.677315,293.3512,172.94681,-147.52881,297.93466,169.68216,1.7512394,231.92871,79.80556,-143.79219,235.41528,82.03161,20.316343,209.69693,69.98012,-144.39868,216.28342,72.4719,20.720078,254.76793,28.06818,-212.67334,257.68436,31.705828,-29.944885
image_56.jpg,486.5445,246.67216,-0.9773284,494.85095,252.8043,-13.5548315,494.9972,254.43086,-13.569073,495.11755,256.1672,-13.612232,495.2744,251.48695,14.953214,495.70163,252.13617,14.941517,496.1396,252.8966,14.862944,490.9084,268.3727,-50.05623,492.1666,264.69852,77.071976,477.13165,251.05875,-13.389882,477.39453,248.66147,23.812939,443.07727,287.94888,-127.27162,446.1295,261.1892,160.0859,371.517,304.27185,-171.9055,377.08612,269.89886,194.34561,310.40228,304.61765,-178.23138,323.954,273.88727,152.5429,292.59357,307.73206,-205.70404,309.7898,273.84424,163.46031,292.91586,301.17438,-190.94566,308.79657,275.0347,140.57329,298.3797,298.80573,-171.49191,312.5594,275.84088,142.39453,326.97415,275.7672,-98.95962,331.62418,257.8746,99.070984,290.01297,174.35219,-157.70528,293.197,172.08438,5.6680927,228.01685,80.18457,-160.47707,230.9366,81.849,20.27625,205.47241,71.00824,-162.23898,211.57188,73.631805,20.224262,248.37263,31.116343,-233.37146,250.7287,33.105156,-33.135857
image_57.jpg,485.3098,246.59122,-19.812525,494.45676,252.20294,-31.871912,494.51965,253.76924,-31.882639,494.59174,255.41278,-31.927881,494.93036,250.8645,-4.75934,495.32425,251.48235,-4.7801013,495.7566,252.16815,-4.863826,490.54718,267.248,-60.564236,491.8872,263.4415,60.278877,476.16382,250.7119,-28.708683,476.56964,248.23631,6.646686,443.7016,286.18643,-128.24419,445.06473,259.55057,148.77536,371.43857,303.50488,-166.00891,376.49142,270.02136,190.51216,310.98517,305.28723,-168.34093,323.93802,274.9245,151.62259,294.08228,306.838,-192.8759,310.96277,274.82938,160.86469,294.60938,301.51697,-180.93819,310.1166,276.43448,139.96426,299.90198,299.65497,-162.43188,313.529,277.18533,142.22252,327.30078,276.12387,-94.6764,332.4917,258.455,94.76807,286.69147,175.88275,-163.1678,291.43887,173.84583,-13.904528,220.6752,85.722885,-175.65321,224.89795,89.54617,-6.927879,197.96606,76.3875,-178.25522,204.74983,79.77075,-7.6761193,236.78284,34.964676,-251.71072,239.12259,35.70388,-62.629093
image_58.jpg,484.60968,247.55327,-46.932877,493.26785,253.04655,-57.39666,493.35785,254.68578,-57.411903,493.49603,256.4361,-57.45899,493.93365,251.32788,-31.725618,494.47922,251.75322,-31.74929,495.08145,252.26012,-31.818275,489.69788,268.55737,-77.94212,491.3192,263.79483,36.48627,474.98718,252.36809,-52.69275,475.65826,249.56464,-19.226192,442.53964,288.59164,-138.65236,445.92468,259.627,129.0985,371.60825,304.64917,-180.05373,376.3953,268.0951,174.26361,311.53314,304.15347,-189.17693,323.5608,272.92807,130.56055,294.04324,307.0544,-213.61208,309.81668,272.9403,138.09694,294.27066,302.17322,-202.21404,309.46298,274.5888,116.51311,299.81274,299.78888,-183.53552,313.0909,275.30823,120.81028,326.7972,277.58862,-90.77937,332.372,258.32367,90.8942,286.7066,178.17447,-157.12033,291.80685,175.01486,-14.46472,218.82443,87.49446,-166.3336,224.0263,89.404175,-9.327465,194.72572,79.711205,-168.90436,203.72392,81.72159,-10.553044,234.98364,29.532639,-246.4177,237.52441,31.98668,-70.05621
image_59.jpg,487.3435,247.27415,-15.579319,495.98285,253.65492,-27.40878,495.97522,255.23454,-27.41264,495.9339,256.92615,-27.44983,496.60434,252.34729,1.3234384,496.9835,252.96446,1.2962921,497.3711,253.68341,1.2039821,491.15018,269.27762,-60.48876,492.73587,265.44385,67.39202,477.73267,251.32536,-26.96246,478.07684,248.97969,10.465004,441.87836,287.61722,-137.48923,442.47174,260.95688,153.86942,368.9809,302.99182,-185.99527,371.50366,270.41034,188.76025,308.38895,305.57242,-198.78539,319.95517,274.31555,146.79178,291.70178,307.78683,-227.68959,306.6047,275.01913,155.65816,291.39676,302.16013,-214.89853,305.55728,276.47992,133.39937,296.73312,299.8149,-193.20401,309.23608,277.0423,136.47809,324.57147,277.69354,-98.27498,328.57938,260.49826,98.365875,287.3199,179.04138,-172.7436,289.73483,175.7014,-18.115608,217.96313,88.3866,-183.87338,221.6584,90.08121,-12.887619,197.4654,79.12525,-186.54544,201.8819,81.03476,-14.0574875,235.5229,40.3669,-263.53903,237.07153,40.65442,-73.37012
image_6.jpg,150.29417,270.21854,-91.07906,141.43799,277.18738,-79.98221,141.14209,277.84647,-80.0524,140.77924,278.6875,-80.0985,142.46732,279.7011,-107.3724,142.92209,281.9429,-107.43581,143.39738,284.466,-107.48412,146.98877,289.9176,-19.98672,150.66922,297.0382,-143.05719,160.39491,270.7284,-65.13389,162.13208,274.94266,-100.998184,197.80142,275.52817,66.27334,207.58243,309.19812,-182.43909,275.05054,282.01376,108.78944,287.60898,320.74075,-194.32924,325.2467,275.8186,73.21806,349.05255,308.1201,-165.6031,340.0671,270.9868,73.26306,364.5888,307.183,-185.00742,348.27417,270.4763,51.3062,363.9221,299.75934,-179.24898,336.12057,274.34427,61.92521,358.78574,298.66324,-162.05795,318.34146,257.9412,75.783585,330.37714,280.79755,-75.633575,372.06873,179.01004,-5.6933546,378.5287,180.64302,-129.62198,436.46042,89.11154,-28.057194,444.80078,84.408844,-133.63754,459.4732,81.266685,-33.82782,469.61835,77.72587,-137.97418,421.92215,35.26245,-87.98995,428.32645,32.907085,-204.22331
image_60.jpg,485.4738,246.53275,-2.59971,494.3123,252.36397,-15.182308,494.3636,253.86818,-15.196353,494.4322,255.48764,-15.236569,494.95972,251.15756,13.541465,495.40283,251.79562,13.527714,495.86243,252.51297,13.44343,490.41174,267.42484,-50.40556,491.76727,263.92938,77.64445,476.23843,250.35199,-14.475245,476.6244,248.21222,23.02179,441.5294,287.09988,-125.732666,442.4494,259.44534,162.68967,370.81436,302.89728,-172.01895,372.9292,268.74384,202.49376,311.07822,306.65396,-186.9809,321.5009,275.60446,161.69064,293.85373,310.54156,-214.81104,308.3832,276.28918,172.36258,293.9631,305.7149,-200.8885,307.95453,277.3677,150.28424,299.30057,303.226,-180.65291,311.54688,278.2598,151.84537,325.25623,276.71292,-97.09972,329.37253,259.11203,97.20694,284.78113,175.88008,-164.0993,289.51263,173.33751,-7.0006676,218.72342,86.22499,-169.02414,223.51692,88.258606,8.136149,194.79913,79.156334,-170.90854,203.76675,80.87116,8.267454,234.62822,32.931175,-244.10658,238.79814,35.129055,-44.719032
image_61.jpg,487.13718,247.85971,24.076927,496.19992,253.78876,11.58503,496.20544,255.32599,11.574025,496.25916,256.9597,11.539505,496.70923,252.4462,40.72082,497.06085,252.99442,40.70912,497.46332,253.6191,40.615852,492.2837,268.63528,-27.401087,493.5463,264.36407,102.426796,478.56796,251.87393,10.706869,478.68533,249.33011,48.69446,445.22464,287.04965,-106.984116,444.81067,261.03687,181.78056,371.67557,303.4285,-153.18591,373.18756,271.7791,222.20308,309.82822,307.55975,-172.53848,320.0574,279.1034,186.30135,292.6358,310.61612,-200.95474,306.24426,279.00217,198.41615,292.5972,305.76526,-186.48157,305.5754,280.3507,175.79529,298.02017,303.52524,-166.23495,309.44724,281.09207,176.3543,327.48996,276.36993,-96.503876,331.03043,258.20227,96.59229,284.2065,178.27112,-168.32811,287.1091,174.30388,-11.059581,213.58376,86.2172,-183.04477,217.95117,88.80906,-6.115262,190.8101,78.52655,-185.9191,196.71738,82.90887,-6.8573637,233.97888,31.856045,-260.73215,235.30792,34.194874,-64.77037
image_62.jpg,488.69873,247.71057,13.138899,497.4919,253.63898,1.4757462,497.4897,255.14772,1.4593034,497.45795,256.857,1.424303,498.0908,252.19476,30.267649,498.47424,252.68163,30.256643,498.84882,253.24344,30.186537,492.56604,268.96786,-31.674593,493.9823,264.25668,96.73778,479.4145,251.16083,1.9120135,479.81287,248.91946,39.459953,444.79303,287.2228,-110.349594,442.95703,259.61172,182.5622,372.48206,303.47745,-160.68788,372.57703,268.33694,224.37057,310.39737,303.6887,-174.99625,319.72855,271.72687,188.09732,293.33774,306.56244,-201.68173,306.31778,271.37875,199.65012,293.4064,301.19882,-186.94191,305.9395,273.47537,177.33139,298.986,298.9391,-168.26987,309.49362,274.3261,178.00632,325.10895,277.79736,-97.410995,327.90662,258.6547,97.547424,283.74142,181.99382,-192.67072,285.85217,177.45883,-33.747528,211.68561,92.55508,-225.43793,214.64394,93.24663,-54.91093,187.66782,83.829185,-230.29901,192.56213,84.597145,-58.87146,228.49472,32.09587,-309.39847,229.25458,34.19752,-121.3762
image_63.jpg,485.1973,248.27742,-39.38853,493.62085,254.45117,-50.77079,493.66043,256.21695,-50.784397,493.72174,258.08383,-50.824566,494.32043,252.5443,-23.444206,494.8236,252.93414,-23.46447,495.35535,253.43402,-23.539635,489.9973,269.83768,-74.11006,491.6349,264.8058,47.38798,475.3697,253.11298,-46.193893,476.18527,250.03902,-10.693856,441.84055,288.8266,-137.73668,444.3894,261.33203,145.02815,371.091,303.69275,-182.37643,374.81448,271.41544,189.73274,310.5294,305.5733,-197.06815,321.8822,274.0769,143.37695,293.62994,308.29675,-224.40625,308.59247,274.56302,150.18365,293.52905,303.17648,-213.26044,307.79642,275.007,127.48745,298.97205,300.84552,-191.99103,311.27066,275.338,132.77682,325.51956,278.3079,-93.66063,330.4699,259.06885,93.79051,280.39618,185.52966,-180.20032,281.52927,181.02481,-41.055565,209.2963,93.92349,-206.94946,211.83685,92.17591,-56.431942,186.10289,87.55015,-211.73492,189.93517,85.436066,-60.251854,227.67502,39.722973,-296.22314,227.86816,39.19773,-130.1161
image_64.jpg,487.0241,246.07538,0.91543907,495.73978,251.77493,-12.929983,495.76688,253.40506,-12.951222,495.777,255.08847,-12.991417,496.26633,250.43253,15.887255,496.62604,251.05731,15.875154,497.0026,251.76862,15.7974,491.2542,267.542,-51.165966,492.6975,263.59152,77.26228,477.67816,249.99033,-11.707457,478.19882,247.76848,25.890385,443.92218,286.05963,-122.00073,444.68127,259.9395,158.33235,372.6929,304.23407,-166.30861,374.65662,271.3224,195.0318,312.98657,305.27222,-173.88388,320.775,275.17517,155.98146,295.6313,307.39984,-199.97125,307.1147,275.04776,165.58717,295.8798,301.77686,-185.9595,306.37012,275.9452,143.3585,301.5732,299.86053,-167.54272,310.08237,276.90976,145.91862,326.32617,275.86417,-93.121704,330.35733,256.9169,93.253265,272.23935,185.15585,-166.10307,276.96014,180.09201,-24.059414,208.19254,93.44451,-189.15546,212.09633,91.44599,-32.574486,188.08327,86.50249,-193.25146,192.90236,85.1216,-35.29492,226.38411,38.921413,-268.80826,227.6082,38.668972,-97.386734
image_65.jpg,483.20712,246.00482,-10.191069,492.55704,251.2687,-24.904621,492.6318,252.77426,-24.937126,492.72418,254.4074,-24.986193,493.17075,250.18138,4.973036,493.6351,250.8767,4.95968,494.11633,251.65158,4.880802,488.6696,267.1491,-62.740433,490.1938,262.9739,70.66995,474.39877,250.20352,-22.125607,474.8968,247.92474,16.881863,442.38898,288.0735,-126.54309,443.28537,258.7178,158.92032,371.4209,303.6832,-168.06177,373.9139,268.2852,203.70094,312.06003,305.9311,-177.97394,321.3843,274.16608,163.88197,294.68533,309.0669,-204.96161,307.41315,274.8841,172.42139,294.10388,304.7049,-193.38876,306.91833,274.7614,148.82382,299.69785,302.3034,-172.77174,310.72412,275.21695,152.97365,325.17505,276.977,-90.53635,329.14508,256.8189,90.69893,270.54675,187.77698,-195.4206,274.75604,182.9734,-54.358604,202.71796,97.82877,-242.3695,206.39677,96.0564,-90.131905,179.46204,88.334,-249.27725,184.48285,88.09393,-95.833786,221.21704,46.8865,-335.95026,221.65784,43.56756,-166.6699
image_66.jpg,484.3167,246.03888,-19.434517,493.56012,251.9083,-34.223885,493.6527,253.55472,-34.24313,493.7589,255.30739,-34.27684,494.083,250.43048,-5.2927976,494.51553,250.99359,-5.304277,494.9823,251.64557,-5.3783674,489.66034,267.95636,-73.539055,491.05634,263.26874,55.267693,475.14258,250.52248,-32.115025,475.66013,247.76564,5.600884,442.90637,287.55643,-138.11247,443.49698,258.805,138.58006,373.79895,304.24417,-184.12843,374.43753,269.47736,180.26813,314.2469,305.7992,-194.5976,319.93457,276.5572,144.09735,297.10532,308.74634,-220.84714,305.90997,277.19943,152.50435,296.42218,304.54965,-208.31342,305.64075,278.50717,130.25986,302.4187,302.27777,-188.95631,309.6722,278.79196,133.9314,325.4395,277.76065,-89.59828,329.1879,257.58728,89.72452,269.42035,188.67717,-189.95145,274.41745,182.52277,-48.385643,198.60138,98.87598,-231.37277,203.34755,96.73457,-80.34793,173.49979,88.776566,-237.35977,180.41336,87.105446,-85.64195,217.05966,44.538918,-319.49615,218.98209,44.400158,-152.59113
image_67.jpg,484.87595,247.10123,-35.29451,494.25784,252.99512,-50.154728,494.24445,254.6281,-50.182465,494.24017,256.37006,-50.23315,494.88785,251.64702,-21.218044,495.3014,252.29178,-21.23275,495.74823,253.02753,-21.313473,489.8966,268.65057,-84.3699,491.55157,264.48746,44.09941,475.4367,251.66898,-45.507484,476.04733,248.94087,-7.9420896,442.4124,289.01587,-142.80582,446.93356,259.9766,137.31328,373.7595,305.40616,-183.66165,378.83875,270.52686,185.0435,312.20407,305.56406,-186.15948,324.90872,275.4989,143.82974,294.58698,308.66614,-211.38548,310.4352,274.52615,150.74803,294.12524,303.69205,-200.39589,310.05145,274.5079,127.52656,300.27713,301.43167,-180.92375,313.48615,275.7755,132.9262,326.68024,279.13995,-87.25228,333.30612,258.64435,87.42,267.53146,187.48529,-178.82458,273.31256,183.12567,-58.160328,198.29822,99.2953,-218.28436,202.16031,97.27203,-88.647934,174.87083,89.05124,-224.6002,181.64456,88.08822,-94.204285,216.83365,44.727615,-312.4861,218.10316,45.913612,-169.96024
image_68.jpg,483.97842,246.49417,-36.507526,493.02954,252.90714,-51.226097,493.07166,254.56415,-51.24647,493.1421,256.30276,-51.278343,493.74994,251.43216,-22.725323,494.2554,252.00806,-22.736023,494.7913,252.68137,-22.826689,489.0531,267.7672,-85.64991,490.67725,263.6906,40.567406,474.26447,251.37674,-47.086544,475.0631,248.46758,-10.130473,442.36954,288.06003,-146.58145,445.0996,259.26227,133.83664,373.40387,304.87885,-192.25128,377.09714,268.21494,180.19934,312.21692,305.3109,-208.4141,323.04675,273.47116,138.0857,294.34695,309.05817,-236.14714,308.49582,273.8887,146.64423,293.62903,304.39178,-223.61322,308.3067,274.26196,122.0289,299.81906,301.63733,-203.0373,312.0771,275.0533,126.9201,325.42743,278.1604,-90.18586,329.7802,257.8089,90.33826,264.9408,188.68828,-164.71188,270.41425,182.59215,-26.817465,195.6336,100.64374,-183.63431,199.96234,98.81581,-34.140797,171.65698,93.59222,-187.97426,179.49857,92.25862,-37.480972,210.38866,46.573235,-269.49536,212.70648,46.67679,-104.27044
image_69.jpg,486.0296,245.49156,-6.075659,494.37543,251.22403,-19.74579,494.461,252.80536,-19.762644,494.5594,254.5202,-19.795944,495.08255,249.9782,9.93737,495.65067,250.63394,9.928981,496.21094,251.37694,9.858801,490.69736,267.0991,-58.233723,492.12433,263.3631,73.56114,477.02277,249.39703,-19.309145,477.43665,247.29031,19.287819,443.3353,287.51657,-133.48587,443.8532,260.4077,156.58151,370.53894,305.32904,-183.96492,375.9637,270.80215,189.18694,309.68692,303.24478,-195.37024,323.55713,272.63168,144.52666,292.7127,305.2334,-223.48717,309.18307,272.6178,152.73898,292.9155,298.98846,-208.81094,308.50616,273.29517,129.8934,298.0972,296.72693,-189.0535,312.09253,274.13397,133.72018,323.7708,276.94403,-96.3454,328.3991,258.4725,96.46042,264.25,187.96916,-172.86043,269.04385,181.86987,-23.11887,192.58469,103.07399,-193.6766,197.86761,100.9371,-24.259304,167.59406,96.37845,-197.8543,176.47815,94.940475,-26.418531,207.94464,46.45703,-275.7182,210.32779,48.48467,-85.671326
image_7.jpg,151.93225,271.15277,-89.03354,142.87589,277.43756,-78.268265,142.61198,277.8146,-78.35028,142.2659,278.349,-78.408745,143.90784,280.2857,-103.128494,144.35332,282.4813,-103.18543,144.81949,285.17554,-103.22217,148.32451,288.568,-17.652475,152.37291,298.20508,-129.48112,161.39496,271.35785,-62.919445,162.90756,275.8285,-95.504974,199.92883,274.04443,67.34964,208.12508,312.65622,-165.89195,277.21332,279.42188,114.04431,288.00327,322.3032,-178.08582,325.64587,274.72708,81.92067,349.81183,307.6621,-157.38585,342.3787,267.46576,81.783615,365.52704,305.91345,-177.17654,345.38635,266.52026,59.854923,364.8973,298.72003,-170.46889,337.3361,271.7716,70.79331,359.53058,298.01782,-153.68439,319.20715,257.55957,72.12809,330.8182,282.4697,-71.9954,374.19165,180.79199,-17.345516,379.924,184.63826,-134.44766,441.99408,91.01349,-49.330498,448.53546,86.865875,-138.58441,465.5902,84.19494,-55.958336,473.58322,80.86503,-142.45842,431.01196,37.68425,-110.737885,435.328,34.224987,-206.74146
image_70.jpg,486.9904,246.39882,-21.823313,496.1934,252.38737,-36.974712,496.1844,253.90346,-36.992947,496.2072,255.54314,-37.04431,496.6304,251.40384,-6.6554027,496.90598,252.17654,-6.666091,497.23935,253.05945,-6.7435412,491.32257,268.00644,-80.20763,492.6477,264.66183,54.50827,477.71896,250.03018,-36.53692,477.76553,247.89102,2.9412367,443.10043,287.00803,-152.04622,444.9655,260.8817,138.72487,372.43176,305.84216,-196.19824,376.7931,273.3145,173.98795,312.5086,304.24377,-205.9238,322.95557,275.87006,135.18831,295.9877,306.95746,-235.33653,308.73907,276.23538,145.17975,295.73178,302.0329,-220.87141,308.39407,275.34125,120.63134,301.41922,299.62256,-199.85335,312.0778,275.86475,124.02089,325.2332,275.11163,-95.30121,330.14832,258.45728,95.420265,265.96124,188.2699,-164.13802,269.41623,186.12366,-13.606988,193.02661,102.82248,-181.47585,197.55994,102.91619,-11.238624,169.0484,94.69381,-185.29697,175.99045,95.635155,-13.054163,207.90237,43.956913,-262.1432,209.73026,46.355095,-74.659195
image_71.jpg,486.33893,245.9868,-23.639347,494.91522,252.43584,-39.0152,494.9783,254.06812,-39.033962,495.01038,255.77405,-39.072117,495.64966,251.10757,-8.641722,496.17957,251.79898,-8.647915,496.7057,252.57875,-8.719035,490.67612,267.88208,-79.334595,492.45877,264.4024,55.10979,476.94464,250.12723,-36.827778,477.54745,247.60454,2.4795694,441.7012,288.71838,-148.10733,446.20224,260.32675,142.58978,372.171,306.00842,-195.76617,378.16608,272.016,178.44658,311.49817,304.86008,-197.67943,322.87305,275.81598,133.18515,294.15027,308.34253,-224.75656,308.33798,275.9911,140.62709,293.56842,302.86127,-210.9694,308.08997,275.6587,117.496445,299.25174,300.20798,-191.61829,311.9293,276.23904,122.12739,325.0537,277.70795,-93.97089,330.44672,258.69196,94.10781,265.73062,189.66957,-182.11176,270.22223,185.47144,-35.69091,192.4968,104.352325,-215.58435,195.86774,103.43543,-57.56492,168.24075,97.16429,-221.1696,174.7792,96.36985,-62.04624,205.72401,50.16279,-304.6712,209.58405,51.02038,-129.77554
image_72.jpg,487.31696,246.928,3.0098748,496.25412,252.99222,-10.773969,496.25922,254.48535,-10.790821,496.2426,256.10568,-10.818123,496.88538,251.73552,19.016598,497.27106,252.31508,19.009706,497.6635,252.94356,18.928429,491.47375,267.81982,-50.2493,492.87567,263.62732,82.029205,477.8659,250.6477,-10.383586,478.22476,248.36638,28.332191,444.90607,287.97638,-125.44298,443.23392,258.6624,165.69191,373.8537,306.27478,-177.6701,374.11954,269.89365,205.61499,310.90656,305.02625,-195.47293,318.9286,273.9465,164.19035,293.56012,307.62915,-224.37416,304.4972,274.6636,173.39296,292.64072,302.75632,-209.14789,304.89056,274.3022,149.86215,298.58026,300.39526,-188.90701,308.58585,275.04248,153.35925,325.67172,279.0857,-95.400116,328.31757,258.623,95.52724,265.71857,189.69557,-188.4205,269.84668,184.2012,-34.747982,189.84955,100.80122,-220.6033,194.16794,99.53103,-53.283978,165.67682,95.285995,-225.79642,173.12799,92.44071,-57.222504,207.38324,46.464558,-308.24054,209.4755,48.35701,-123.10142
image_73.jpg,486.07,247.25938,-46.394173,494.3851,253.48131,-61.329796,494.399,255.06223,-61.361584,494.43732,256.7425,-61.416733,495.21237,252.08986,-30.57931,495.7669,252.64967,-30.588398,496.34106,253.29074,-30.656511,490.18295,268.55762,-96.36601,492.0244,264.3258,39.929417,476.3653,251.71088,-57.408676,477.1471,249.21893,-17.554214,442.73468,289.68762,-161.16264,446.0603,259.91708,140.45682,374.54224,307.15234,-204.71207,379.58862,271.8841,182.67285,314.33173,303.8541,-213.05849,326.61902,272.94415,135.00772,296.32013,306.59613,-242.47202,311.3193,272.0482,142.1341,295.94647,301.0024,-231.10995,310.32513,271.6712,116.799225,301.34402,298.4301,-207.98416,314.2494,272.3298,122.911224,323.42444,279.51242,-94.88112,327.06055,259.84546,95.06394,264.32513,190.79713,-203.4183,267.18756,186.75621,-47.063198,189.03954,105.8641,-250.81192,192.89182,104.83821,-87.19507,166.43341,96.39709,-258.20407,171.57991,95.93553,-94.06172,203.11842,54.989132,-350.27692,208.50116,50.365032,-170.73953
image_74.jpg,487.65445,246.45512,-31.476822,495.95596,252.40477,-47.318146,496.03717,253.8773,-47.340828,496.0852,255.41483,-47.391758,496.56378,251.3958,-16.404392,497.02527,252.12904,-16.413471,497.4671,252.93437,-16.481335,491.71585,267.19724,-90.27225,493.05203,264.2057,46.847385,478.66608,250.40494,-45.890522,479.05768,248.37401,-5.740883,441.9378,287.86597,-157.65697,444.88458,261.45108,133.57433,370.16205,306.31647,-195.68399,376.7342,273.55524,168.82104,311.72513,302.80334,-189.03586,324.5233,274.15625,125.1523,295.10068,304.3064,-215.71866,308.72876,274.71652,132.31961,295.15958,299.30945,-203.25055,308.39664,273.34225,109.160805,300.4815,297.2835,-183.3467,312.24258,274.03244,114.06293,321.31992,278.13782,-94.40634,325.95508,259.6388,94.55698,263.46088,191.7179,-180.6145,269.12482,186.14685,-28.698328,189.75497,105.88757,-210.56473,194.1379,105.06906,-46.934982,165.91055,96.935394,-215.99121,172.78015,96.30692,-51.202995,204.12178,48.01336,-298.08633,207.22882,51.071564,-117.16237
image_75.jpg,485.7808,246.26006,-4.665375,493.94904,252.50839,-19.25041,494.0293,254.1348,-19.272926,494.10773,255.889,-19.30517,494.5196,251.01608,9.975122,495.01654,251.54944,9.977336,495.5277,252.21219,9.911168,489.97607,268.1448,-61.250553,491.33234,264.19955,68.36021,476.57318,250.85168,-19.122469,476.9832,248.1292,18.871655,444.39258,287.46042,-130.43628,442.91153,260.8094,146.3923,374.41675,306.13153,-176.72713,375.42755,272.6452,182.41035,313.4689,304.48,-188.37233,321.83154,276.51328,143.40643,297.28525,306.6648,-215.39008,307.34335,276.97858,151.5932,297.2224,302.0034,-201.38487,307.05228,276.83975,129.56076,302.779,299.947,-182.48965,310.8627,277.85776,133.09308,323.6815,276.26767,-90.112625,326.5999,258.3033,90.24844,264.05118,191.38359,-168.55782,268.7068,186.4589,-25.429947,190.569,109.24208,-192.32141,193.40523,108.56866,-36.742477,166.27719,100.04083,-196.77808,171.32806,99.43353,-40.287052,199.8898,55.480713,-274.0219,205.83682,52.91694,-103.93538
image_76.jpg,486.6911,244.87083,-63.788227,495.01526,250.87477,-80.89303,495.0885,252.30106,-80.9106,495.18796,253.77002,-80.97717,495.62314,249.7385,-48.604546,496.07266,250.42056,-48.62873,496.55402,251.16731,-48.720726,491.05933,265.48755,-126.61128,492.49936,262.32254,16.627737,477.06976,249.6318,-79.13289,477.49695,247.36902,-37.123787,440.23718,287.73865,-191.99318,444.21967,260.55368,111.986275,370.41745,306.65033,-222.15991,376.27094,271.69507,151.2508,311.00204,303.85196,-211.7646,325.01178,271.84564,111.77849,294.81815,306.29654,-241.34352,310.80927,271.18808,120.10173,293.45227,300.9678,-231.59644,309.27283,271.45676,93.70548,299.5683,298.81915,-207.22876,312.9929,272.23978,99.56436,320.4945,278.2166,-97.41638,326.11102,259.01447,97.567055,257.97607,189.10754,-170.72113,265.76886,184.04736,-12.118277,186.09901,105.28182,-186.94589,193.25476,105.79994,-9.308924,160.98676,98.608635,-191.37433,172.5845,101.244835,-11.382839,201.63028,50.566536,-271.7366,205.71118,53.90113,-73.755264
image_77.jpg,485.0937,246.89555,-44.577847,493.9291,253.47084,-59.70134,493.94302,255.12775,-59.72113,493.96613,256.895,-59.762478,494.72968,252.00543,-29.880144,495.27234,252.5925,-29.890408,495.81863,253.27872,-29.95475,489.8206,269.01028,-95.61516,491.45032,265.05133,36.288895,474.8673,251.6062,-55.932163,475.64935,248.78757,-17.322037,440.45587,289.398,-157.89203,442.44464,258.88876,131.40002,371.75098,305.56482,-194.9872,376.62936,269.26486,178.69699,311.44107,304.60577,-192.23497,323.28497,272.19843,136.50346,293.41254,306.75726,-218.61162,308.74127,271.64102,143.775,293.11624,300.9944,-207.07288,308.2246,271.86722,119.80152,299.10648,298.89056,-186.69833,312.01663,272.7443,125.241684,322.64163,278.32635,-91.191795,326.8988,258.03595,91.345,261.0235,191.78632,-194.58585,266.9688,188.12338,-50.97129,186.47902,108.44387,-236.03609,189.99727,107.490906,-81.12995,163.98041,101.80808,-242.51996,170.24762,100.722984,-86.67302,203.11922,52.798763,-329.762,206.11707,53.376717,-156.94186
image_78.jpg,483.9176,247.22237,-16.608875,493.16376,252.96808,-30.494476,493.20602,254.49797,-30.523838,493.23654,256.1452,-30.564383,493.8114,251.65363,-2.5637982,494.2895,252.22984,-2.56676,494.76337,252.87967,-2.6380162,488.83255,268.2291,-64.695694,490.32703,263.94028,59.127357,474.44626,251.51459,-27.55964,474.8883,249.01974,8.712897,442.51602,287.06046,-130.72345,441.73035,259.31512,145.24522,370.6998,304.40933,-177.50238,373.69522,270.06137,185.87839,312.10117,304.00845,-188.76196,320.35217,275.99005,147.23354,295.61487,305.3025,-214.8427,306.08,276.90604,155.33336,295.34048,300.24692,-201.89435,306.05875,276.42548,133.41486,300.92444,298.4948,-183.13277,309.83398,277.13193,136.98117,323.17508,276.69458,-87.98199,326.40836,258.5017,88.13229,261.91843,191.12286,-163.69843,268.43558,186.52304,-26.489752,187.89116,108.77843,-188.37799,191.37677,107.154495,-40.92304,164.7764,101.228455,-193.0126,170.78102,100.35072,-44.905163,200.42554,52.116123,-272.0314,202.20413,52.90515,-111.6443
image_79.jpg,487.2459,245.4069,-12.935661,496.34686,251.87204,-27.837446,496.3774,253.4975,-27.866915,496.37952,255.16954,-27.911114,496.83182,250.48279,1.4159406,497.17273,251.0958,1.4091551,497.55347,251.78549,1.3366356,491.46826,267.17828,-67.820114,492.9557,263.16522,61.66485,477.81284,249.46655,-26.213207,478.12714,246.82309,11.724835,443.39026,288.6714,-133.78549,441.70996,257.9557,144.61946,371.52066,305.03784,-176.13617,373.55505,269.0645,183.068,312.67053,304.2454,-181.50146,320.46265,274.7943,144.54868,296.1915,306.4723,-207.64543,305.69394,275.9991,152.28127,295.8282,301.56595,-195.44626,305.71652,275.2213,130.3072,301.3518,299.59113,-176.16331,309.684,275.64297,134.12413,323.36035,278.96463,-89.097176,326.71332,258.69467,89.25925,259.98267,190.90656,-171.14351,264.97565,187.79546,-30.23797,187.1228,108.4562,-205.28656,189.78952,107.534294,-56.03741,164.96313,100.89047,-211.06882,169.78752,100.10436,-60.967144,196.26465,56.76593,-292.0004,204.02702,55.68077,-128.72171
image_8.jpg,151.69548,270.3211,-86.53427,142.97702,277.23093,-74.863434,142.74286,277.81067,-74.938034,142.4151,278.5657,-74.97945,144.00916,279.71274,-102.134895,144.50224,281.7518,-102.19033,144.93494,284.07162,-102.2379,148.87129,288.68857,-10.464327,152.7959,296.24985,-133.14412,161.47302,270.693,-58.970024,162.91287,274.5431,-94.686874,200.12474,274.0126,80.35537,206.02948,309.55746,-176.78644,276.84415,279.05206,127.04309,285.2583,320.5608,-191.26807,324.72318,273.97433,92.7682,345.6681,309.44537,-165.12276,341.37677,269.35132,93.383934,363.15558,307.87897,-185.20361,340.23196,270.24933,71.859505,362.4718,300.0292,-180.15875,335.78342,272.49603,81.57318,356.29858,299.22244,-161.91486,322.54288,256.8965,77.090836,333.12686,280.62375,-76.96555,378.1219,180.24625,-36.235092,384.37622,184.31451,-150.8909,449.71466,95.01151,-75.76222,455.54202,92.5493,-161.76308,474.15552,88.54266,-83.45926,479.61945,86.23073,-167.05096,436.7979,40.702744,-146.77106,442.31693,39.660744,-240.92783
image_80.jpg,486.35907,246.63603,-12.201251,495.3022,252.73685,-25.324556,495.38696,254.29721,-25.35212,495.46747,255.94885,-25.382318,495.98566,251.34993,2.747995,496.4957,251.92923,2.7477624,497.0218,252.55952,2.6741662,491.26947,267.77594,-58.269936,492.8222,263.40164,66.075165,476.6341,250.68529,-22.903711,477.23383,248.12453,13.49465,444.07333,288.579,-125.05281,443.86172,258.52222,150.92743,374.77716,305.33157,-175.903,375.49557,269.89023,192.36429,312.48206,304.8553,-190.69891,321.28345,275.623,150.8135,294.8873,307.571,-217.18352,306.3854,276.73206,157.67451,293.95172,302.4485,-204.04701,306.28815,276.8858,135.2703,299.95532,300.17606,-184.98125,310.4006,277.08374,140.17632,326.28384,277.54602,-88.64205,329.48132,257.94934,88.77472,263.60468,193.63469,-178.3097,269.53442,187.22667,-39.77878,185.09169,108.414185,-212.01735,189.82709,108.834114,-62.504417,161.75818,104.86375,-217.45802,168.88551,105.234314,-67.2238,198.7442,54.308697,-299.91595,201.74986,56.25276,-135.2572
image_81.jpg,484.32043,246.59192,-14.720758,493.83844,252.1414,-29.910925,493.92004,253.74149,-29.939236,494.02118,255.41396,-29.977745,494.32898,250.73576,-1.1194525,494.70728,251.30264,-1.1144052,495.12265,251.94872,-1.1870197,489.96506,267.1849,-69.71008,491.1496,262.89575,57.77727,474.83362,251.21756,-27.562996,475.38678,248.4809,9.753774,444.7786,287.74356,-135.10847,444.61703,259.86285,140.48012,374.253,305.67896,-180.34293,376.4419,270.7074,179.77039,312.18488,303.58734,-183.15305,320.78168,275.86627,141.12465,295.18268,305.5104,-208.14102,305.70844,276.74255,147.65984,294.24075,300.24783,-196.01881,305.54773,276.98566,125.89733,300.00827,298.1902,-177.55432,309.45874,277.16595,130.69427,324.7023,277.69556,-86.13301,327.2507,258.32938,86.25118,261.7058,193.43153,-175.05571,266.06433,188.38008,-41.586212,185.11469,111.371124,-214.03223,187.57977,111.00204,-72.746666,160.47696,105.477516,-219.8656,165.17671,103.53875,-78.24311,191.44696,60.565422,-298.2265,200.6383,59.233788,-144.52588
image_82.jpg,484.28748,247.73918,-50.711994,493.6699,254.31369,-64.03989,493.58118,256.02533,-64.073654,493.49503,257.83743,-64.12387,494.58133,252.41881,-35.730843,495.09412,252.78603,-35.739414,495.61905,253.23872,-35.82497,488.81677,268.8368,-93.2153,490.85382,263.67334,31.667713,474.07944,252.27438,-59.651627,474.97147,248.70552,-23.105242,442.60648,288.9939,-155.20306,444.24146,259.99588,132.2969,373.51407,306.28177,-199.94963,377.87643,268.85107,181.25368,310.68967,305.00055,-215.70856,324.6126,269.6418,134.7199,293.371,308.50287,-245.36588,309.00934,269.4111,141.01346,292.32562,302.9638,-234.76929,301.9002,262.06848,114.55499,298.206,300.52582,-210.9259,312.91296,269.73422,122.2795,323.28827,280.0928,-88.86201,328.6476,259.81543,89.0088,259.21634,194.03601,-175.07698,265.44415,190.43567,-38.495556,181.0952,112.810524,-208.6306,185.98213,110.79655,-60.936466,157.52,107.85496,-214.66266,166.11464,106.64095,-65.93105,195.74251,59.10673,-302.0883,200.10286,58.085934,-140.39697
image_83.jpg,490.05493,245.52057,-33.59279,498.7358,252.26846,-49.750042,498.63324,253.84206,-49.78144,498.52136,255.54068,-49.8299,499.17334,251.0592,-18.309254,499.37646,251.72964,-18.3195,499.6144,252.49394,-18.408474,493.05945,267.99615,-93.383095,494.2723,264.4345,45.79185,479.1615,250.0571,-48.401752,479.26904,247.27603,-7.615307,442.96005,288.80432,-164.20241,442.5778,259.16867,138.93863,372.14166,304.9106,-203.32909,374.792,270.7093,179.98076,311.8668,304.1186,-206.26776,321.5717,272.66846,135.43228,294.81808,306.8533,-236.66916,306.64145,272.2387,143.51645,294.46115,301.76462,-224.98798,305.99008,272.4839,117.42562,300.04703,299.32037,-201.17601,309.91232,273.38742,123.26189,320.2923,277.8683,-96.522125,323.19122,258.46445,96.67822,252.79755,189.72047,-172.992,258.38037,185.87473,-7.049749,179.15942,112.64902,-195.89188,184.98706,113.30735,-15.650481,156.04051,107.4117,-201.04308,164.54019,107.70966,-19.256624,193.13983,59.629196,-283.35303,197.87712,60.956997,-84.14163
image_84.jpg,485.83466,245.71188,-71.514656,494.45908,251.85974,-88.21829,494.44446,253.59526,-88.246216,494.433,255.45834,-88.29415,495.22235,250.14705,-56.403984,495.7351,250.6927,-56.416985,496.27548,251.36026,-56.50456,490.1868,268.2963,-130.09038,491.9013,264.12228,10.869041,475.81326,251.14929,-85.31231,476.58795,248.04918,-43.99047,441.10785,289.6576,-195.34396,443.82483,261.8225,111.55961,368.59695,307.5814,-237.6161,375.39688,272.07648,152.0806,310.28506,303.9815,-243.81316,324.7638,271.09637,102.31338,293.21573,305.9707,-276.09085,309.79977,270.42123,109.50627,292.81253,299.97568,-264.5154,308.57684,269.92416,81.60835,297.98138,297.84302,-238.97122,312.7096,270.61795,89.310074,317.2965,278.48273,-97.991745,323.52875,258.87595,98.15843,253.40121,190.27737,-174.49652,262.3007,187.99686,-1.265797,179.28072,112.85328,-190.10567,186.03157,114.70054,1.1982585,152.66783,109.894554,-195.07404,164.85521,110.96682,-1.5976745,192.3013,54.976574,-280.03864,196.6463,62.57578,-64.95948
image_85.jpg,485.46445,245.55296,-39.354645,494.73108,252.03464,-54.17162,494.7252,253.70253,-54.195618,494.70718,255.47021,-54.244873,495.42188,250.63568,-22.958233,495.85294,251.27406,-22.975119,496.28473,252.01646,-23.053535,490.2335,267.4712,-90.922775,491.7027,263.42148,47.651207,475.38593,250.25986,-51.181835,476.00906,247.45442,-10.661975,441.80087,289.00977,-156.50636,441.5713,258.09503,145.58115,371.3655,305.35635,-198.89288,376.09042,267.8911,190.23027,312.05673,303.63834,-205.1128,324.8833,270.2316,144.22552,296.0119,306.30777,-235.18686,310.0084,271.60068,149.95868,295.73767,301.22742,-224.80429,309.90335,269.70596,124.396706,301.0509,298.70285,-200.6535,312.91748,272.31656,131.86946,322.65204,279.6529,-96.028564,326.18384,259.12012,96.18021,260.764,195.64977,-206.65936,265.2199,189.71384,-59.97693,182.90419,114.9009,-252.63466,184.88426,113.36396,-93.93813,158.84451,109.144165,-259.73676,162.74094,108.70934,-99.86005,192.10365,58.886562,-352.11035,198.07819,59.929546,-175.44257
image_86.jpg,484.42474,247.04398,-75.70041,492.69272,253.3529,-88.66252,492.68967,255.01596,-88.69918,492.70297,256.76685,-88.754005,493.4699,251.64473,-59.091183,493.97754,252.11226,-59.10285,494.4911,252.66664,-59.17054,488.21362,268.69022,-112.542885,490.04135,263.64752,18.403284,474.74872,251.05254,-82.49968,475.523,248.30789,-44.20253,437.77618,289.38605,-169.09056,440.54877,257.90677,130.1264,368.19446,305.339,-202.17145,372.38803,267.503,183.98163,310.44702,304.79877,-206.73676,323.13867,269.09485,134.22266,293.2748,307.9804,-235.73622,308.03912,268.89844,141.37183,292.42535,303.48676,-227.5227,307.18762,268.9964,113.61963,297.61197,301.25278,-202.93703,311.2122,269.903,121.36158,318.97916,280.1861,-95.28287,323.7058,257.87906,95.47937,257.33344,191.35155,-200.42587,264.5891,188.6416,-27.183392,180.62758,111.19606,-240.51399,186.10974,113.500984,-57.809315,156.39062,105.96539,-247.79349,165.77803,109.991684,-64.21697,193.1167,57.781277,-340.77106,197.07278,62.90062,-137.66557
image_87.jpg,487.28134,244.66013,-81.79877,495.89124,251.24689,-98.38167,495.88412,252.93597,-98.40722,495.85156,254.78783,-98.464615,496.38318,249.79797,-66.07173,496.72928,250.39189,-66.090324,497.11694,251.11836,-66.18053,491.0007,267.64062,-138.95337,492.57416,263.99887,4.145402,477.714,249.2377,-95.076126,477.9818,246.3793,-53.136124,441.2909,288.73898,-201.42403,443.14185,260.2619,108.986786,370.632,306.33716,-237.69543,377.1635,271.08267,154.0163,311.49152,304.35147,-237.32344,323.30136,272.84204,102.847275,294.81506,307.50955,-270.47974,309.45746,270.7599,109.16329,294.32126,302.6887,-260.187,308.51218,270.326,79.592834,299.58917,300.15958,-232.93475,312.27878,271.30164,89.18026,318.0197,279.15018,-99.05685,323.70425,258.6496,99.24155,253.68736,189.56918,-179.46623,262.71378,187.67506,-12.558708,178.15193,113.14875,-198.97574,184.83813,114.631836,-11.759428,153.01642,108.26531,-204.50548,164.83435,110.33965,-14.731543,193.5104,57.106762,-292.40033,196.78764,59.74813,-81.92921
image_88.jpg,486.66385,245.69386,-3.6068363,495.54248,252.20941,-18.344746,495.55267,253.74524,-18.370502,495.53796,255.35863,-18.40752,496.11273,250.95975,11.400486,496.51062,251.57047,11.395681,496.9254,252.27065,11.303221,490.6186,267.15808,-58.132423,492.2187,263.13745,73.227585,477.43787,249.77205,-16.847475,477.67633,247.16237,21.607607,444.27338,288.48166,-129.35934,442.85626,259.07892,158.8487,373.6501,305.48886,-175.89658,375.213,269.60672,199.74739,311.98114,305.25455,-187.0567,320.40088,273.7802,159.98978,293.99435,309.06125,-215.57507,305.29004,273.6298,167.96936,292.76593,304.3307,-203.49516,305.5243,272.27173,143.77634,298.896,301.64496,-181.78816,309.4636,274.45026,148.65588,323.74493,280.1887,-90.47306,326.2635,259.12518,90.60387,255.79388,193.27165,-172.0279,261.10724,190.7301,-26.665556,178.1443,113.22513,-206.59946,182.52203,113.211426,-51.691994,155.40869,111.08235,-212.38562,162.27472,110.43398,-56.615814,193.17899,61.634758,-293.92453,196.82915,62.725426,-125.49597
image_89.jpg,485.9071,246.00269,-53.208546,494.4801,252.32274,-69.09549,494.38605,254.10315,-69.12429,494.26956,256.06625,-69.18065,495.0406,250.68146,-37.669777,495.34363,251.23721,-37.682777,495.64203,251.91684,-37.77273,489.2743,269.12253,-108.69151,490.9018,264.12958,30.495422,476.14856,250.14761,-66.2975,476.38382,247.21756,-25.510883,441.81335,289.30975,-175.20607,440.80768,257.4413,132.97784,370.42438,307.52237,-209.337,372.99744,265.6564,178.24261,309.6371,304.13898,-210.2103,324.43158,266.7145,132.96233,293.12613,306.92673,-240.37732,310.6303,265.44147,140.41222,291.95355,302.30154,-233.04514,308.9416,266.18582,113.53187,297.7176,300.00122,-206.76434,312.70123,266.8132,120.26637,317.73608,280.9853,-96.64033,322.9645,258.9189,96.81115,256.06287,193.9013,-178.993,261.76193,188.55505,-15.391205,178.76984,116.52407,-196.67505,183.58289,115.83133,-23.259916,155.09476,109.87041,-201.2073,162.97931,110.60159,-27.164373,192.09511,60.75066,-282.995,193.35617,58.659523,-93.11101
image_9.jpg,151.3953,270.71753,-57.413834,143.1527,277.48676,-46.917984,142.94029,278.1388,-46.992165,142.65898,278.98706,-47.024643,143.79694,279.95465,-74.1516,144.07408,282.14972,-74.19923,144.39041,284.58545,-74.244774,148.8281,289.85428,10.135963,151.6494,296.88266,-112.33621,160.70113,271.69968,-32.72467,162.01065,275.4747,-68.413246,199.2279,276.53302,94.019775,205.57535,311.34894,-159.87222,275.95706,280.61032,133.73964,285.57373,320.99695,-182.29337,325.77756,274.77066,92.64856,346.51825,307.98547,-166.54387,346.4885,267.088,90.80413,362.93396,306.8657,-187.96597,346.41876,268.04868,68.97248,362.19327,299.66562,-182.95042,336.75818,273.42474,81.04946,356.9539,298.55106,-163.47542,321.7259,256.65228,77.56979,331.01712,279.745,-77.39363,376.2296,180.31253,-10.843391,379.84088,182.31895,-133.96884,449.1806,98.30435,-33.81994,455.12088,89.45303,-157.23917,474.06342,91.27499,-40.119247,480.4129,83.80973,-163.93704,436.49002,45.27971,-98.1654,442.60745,38.163456,-234.93515
image_90.jpg,488.81772,246.99391,-26.089382,497.33597,253.45285,-41.038025,497.266,254.99254,-41.07632,497.14206,256.68042,-41.13054,497.73987,252.21439,-10.112605,497.93927,252.83807,-10.118823,498.1161,253.54042,-10.1957855,491.65613,268.92798,-80.74461,493.06628,264.12476,56.68493,478.60062,250.32114,-39.141228,478.60986,247.64357,1.0782957,445.557,288.82352,-148.67145,442.1352,257.40994,149.22133,373.58905,305.56934,-195.1349,374.0857,268.54236,190.61966,311.95435,304.08835,-206.90106,321.0072,271.01898,145.8707,295.30692,306.1474,-237.95076,306.41122,270.88846,152.69865,294.5967,301.15912,-226.63881,305.81165,271.05408,126.779724,300.13046,299.19046,-201.96867,309.91815,271.79004,133.61552,323.76276,279.39972,-93.7918,326.48334,259.2792,93.95957,259.11197,195.16331,-199.53712,263.88116,190.3278,-41.694168,180.34477,115.625885,-247.59937,182.68202,114.925934,-81.30821,157.11926,109.50201,-255.00842,161.50577,109.170555,-87.866356,191.03455,63.866974,-345.87842,195.64627,62.993332,-162.9193
image_91.jpg,486.5457,246.76898,-89.473946,495.10342,253.29816,-101.09627,495.06042,254.97943,-101.13869,495.00122,256.76035,-101.21242,495.74072,251.5907,-70.84126,496.1247,252.05328,-70.84982,496.49936,252.62103,-70.92653,490.21692,267.84378,-121.46668,491.75583,263.0607,13.083371,476.6726,251.07776,-95.50821,477.25818,247.91199,-56.100723,443.08234,286.86615,-179.2105,442.29843,259.29895,131.67424,370.3342,306.47757,-210.54726,376.01077,269.72037,186.37115,311.78287,304.9468,-217.75275,325.05832,270.67004,128.86667,294.15353,307.78314,-249.895,310.3255,270.3514,135.27213,293.3985,302.66177,-242.13364,309.34177,268.53293,105.161865,298.99896,300.2495,-214.14471,313.07385,270.92566,114.910095,318.226,278.86768,-100.50144,323.4216,258.21863,100.70995,254.33846,191.87468,-184.44339,261.83545,186.20233,-14.55433,177.36914,113.84932,-201.5042,185.18623,114.48764,-12.904438,152.42578,109.29843,-206.84843,166.01427,109.57059,-16.089792,189.18048,56.44996,-294.79987,192.32277,58.953568,-85.05002
image_92.jpg,485.22034,245.39648,0.76681435,493.9952,252.13362,-13.274135,493.98218,253.83783,-13.305606,493.94885,255.69217,-13.35272,494.65735,250.60352,18.495079,495.08286,251.1661,18.48963,495.50726,251.84264,18.403267,489.07904,267.7475,-52.59848,490.5738,263.2861,88.17712,475.5443,250.0369,-12.74829,476.0089,246.87915,28.41637,443.5167,288.30893,-131.05551,440.13882,258.96463,181.39096,373.07617,305.7952,-179.34915,373.1507,269.05542,225.03096,312.23767,304.79254,-194.87007,320.85834,270.32553,177.9619,294.5976,307.37317,-227.60515,306.53702,269.99368,185.55437,293.6398,301.97415,-215.55716,306.00812,269.94165,158.90771,299.5247,299.8301,-189.81058,310.00543,270.5151,165.29327,320.28668,278.06082,-98.896866,323.01624,257.71375,99.04031,252.77449,191.42175,-190.7147,259.83917,187.38882,-32.03431,176.5932,115.78574,-232.37903,181.49919,115.25511,-55.40193,151.87425,111.96031,-239.12354,161.09393,111.29762,-60.137497,188.89655,60.682327,-327.5265,192.63583,61.29905,-131.342
image_93.jpg,486.84604,245.04355,-0.7228073,494.98795,251.57788,-14.796008,494.8201,253.26373,-14.823748,494.6599,255.07109,-14.86786,495.69656,250.04156,16.373093,496.01013,250.61017,16.367195,496.3495,251.28836,16.285984,489.36005,266.94357,-55.1363,491.36508,262.1828,82.88796,477.08267,248.75777,-14.656061,477.816,245.90738,25.716343,443.36823,288.34656,-130.50757,439.1806,257.7122,170.97241,372.55994,306.6735,-178.32567,372.95743,267.6961,212.43262,311.85025,305.1071,-191.97739,321.99762,268.34073,167.4066,293.21814,307.64584,-223.25879,306.80157,268.7559,174.63193,292.0261,302.2927,-211.27623,306.14877,267.0404,148.70338,297.95447,300.06058,-186.914,310.11133,269.1623,154.99117,321.05103,279.7757,-94.9913,323.83386,258.21085,95.11061,253.9781,194.12677,-186.7208,260.39575,189.19032,-30.252172,174.93675,117.368675,-228.68843,180.2283,115.5841,-58.501495,149.53362,113.78287,-235.4263,159.49292,112.86847,-63.66032,187.32942,61.882725,-321.37494,192.17896,62.356037,-133.7997
image_94.jpg,485.83063,245.12042,-2.0899239,495.14124,251.7695,-16.77911,495.20056,253.37271,-16.804794,495.24042,255.05205,-16.829323,495.87646,250.45984,13.162092,496.3963,251.1131,13.164885,496.91138,251.81857,13.074041,490.7385,267.51617,-59.158745,492.2452,263.44812,73.096886,476.33203,249.36719,-16.820786,476.66873,246.68344,21.897625,444.01764,289.71274,-133.27518,440.37805,259.12372,154.67557,373.09512,306.10422,-185.40497,373.10742,269.33752,193.82957,311.4194,305.51617,-196.73434,320.9273,272.00043,155.6338,294.084,307.80963,-224.29257,306.0451,273.19492,164.31772,293.40564,302.97757,-210.8185,306.4625,273.09882,140.94023,299.33273,300.8515,-190.84811,310.31143,273.26685,144.60187,322.9851,281.03452,-90.04058,325.69403,261.0217,90.167725,256.64294,197.31393,-172.19221,261.13803,192.1761,-15.652445,176.42004,120.84863,-200.80627,180.3519,120.00362,-35.616478,150.87822,118.01965,-206.02713,158.00232,118.98653,-40.217056,189.36272,63.931904,-286.28424,193.29907,65.45048,-104.93596
image_95.jpg,487.5686,245.69212,1.2946464,496.3246,252.34145,-13.262458,496.25006,253.85909,-13.292513,496.1777,255.49135,-13.331793,496.80017,251.11702,17.415588,497.03308,251.71463,17.41698,497.28195,252.40828,17.338173,491.1529,267.30258,-56.593895,492.3609,262.9224,79.162834,478.18253,249.25215,-13.8458395,478.2126,246.70961,25.911045,444.20496,287.62143,-132.736,439.50012,258.35623,161.51216,373.69653,305.73566,-183.33374,371.8083,270.20425,198.10193,311.18002,304.7984,-198.71321,317.96313,274.08002,154.62737,293.2704,307.02457,-228.93268,303.53152,274.08658,162.30542,292.37036,301.79843,-215.60823,303.48752,273.4502,137.9135,298.40662,299.61295,-192.93138,307.3654,274.23032,143.07692,323.94385,279.1377,-92.728584,325.13217,259.30133,92.88205,255.2954,195.38995,-177.51163,258.09424,190.22249,-29.56685,175.45525,117.11656,-211.27444,178.32664,115.61003,-53.59051,152.04323,115.72444,-217.0751,157.07635,113.97015,-58.390926,188.1652,64.69191,-300.1748,189.8064,62.942204,-128.41228
image_96.jpg,487.35938,245.40656,3.8306432,496.1889,251.96902,-10.932161,496.16452,253.5586,-10.96257,496.13602,255.28107,-10.997119,496.56158,250.7759,18.385656,496.8251,251.47508,18.389492,497.11823,252.26245,18.307287,491.09802,267.33652,-53.246883,492.21863,263.24005,75.97795,477.89032,248.91924,-10.656675,477.90918,246.48657,27.169817,445.49927,286.62173,-127.82791,440.4042,257.4854,157.2706,377.77267,305.78122,-174.51485,374.47113,268.61066,197.89787,313.27023,305.08072,-180.70255,320.77744,275.4157,166.1193,295.66733,307.98465,-206.62575,304.92786,275.44104,176.09262,293.96613,303.19824,-193.66937,305.19598,275.53305,153.48074,300.3927,300.97086,-174.66606,309.46796,276.22293,155.68037,324.3953,279.61334,-89.26987,325.88312,259.46796,89.407135,255.5369,196.38873,-165.922,260.48264,192.86133,-13.370981,177.06488,119.03678,-196.8063,180.65204,118.94431,-35.877052,152.54861,116.21275,-202.19458,158.5682,116.76999,-40.651493,189.79596,63.09445,-279.24512,194.1305,64.48548,-104.14849
image_97.jpg,486.97705,245.1569,-8.404165,495.6313,251.81273,-23.112244,495.49353,253.36919,-23.138266,495.3563,255.04372,-23.175491,496.22784,250.72835,6.8537903,496.49176,251.45357,6.8505907,496.77875,252.26611,6.759802,489.9631,266.97952,-64.45963,491.48746,263.153,67.913956,476.90616,248.65756,-22.671604,477.21576,246.50623,16.114925,442.46353,286.13748,-138.02417,440.0153,256.47757,151.5727,373.1931,304.49527,-186.05904,374.54053,267.52347,190.36299,312.27588,303.70395,-196.02737,320.96875,272.27087,151.67082,294.81616,306.4939,-224.82895,305.86743,272.83347,160.69827,294.01096,301.52148,-211.4673,305.9302,272.9664,136.4965,300.1109,299.12836,-190.19334,310.0102,273.26404,140.49025,322.59216,278.35608,-91.74429,324.64188,258.87302,91.890915,254.23859,194.68544,-165.84232,258.81268,191.08939,-10.531971,175.75127,117.462906,-190.54018,180.45276,116.321365,-24.647055,151.65549,115.80241,-195.41846,159.14444,114.54251,-28.543264,188.75374,63.00373,-275.60492,193.91675,65.07704,-94.541275
image_98.jpg,490.41458,245.9777,2.4055252,498.42938,253.11464,-12.640704,498.24957,254.58893,-12.667193,498.07434,256.163,-12.7045555,498.96088,252.16301,18.441006,499.17465,252.91429,18.440012,499.43042,253.73824,18.350002,492.38586,267.53293,-56.76702,493.93277,264.4973,80.38272,480.67047,248.76196,-13.148197,480.76694,246.73671,27.037771,442.84274,286.6006,-131.81471,440.4696,257.26114,161.38812,374.56454,305.30807,-176.91423,374.5299,266.92563,198.80507,312.71326,305.41577,-185.58012,322.25586,271.73428,162.07953,294.52264,309.08124,-214.37689,306.59613,272.7445,171.94043,293.1256,304.39886,-201.41171,306.87256,272.70068,147.84372,299.59146,301.57193,-179.9127,311.20932,272.9053,150.90236,321.4822,278.73624,-93.10024,323.65857,258.82965,93.236275,252.14267,193.50511,-168.75276,256.77875,191.02246,-2.6476026,176.23093,118.28409,-194.57047,179.97647,116.84073,-17.894346,151.72916,114.98095,-199.47694,158.74463,114.29267,-21.915092,189.16339,62.21064,-278.3908,194.05647,64.02716,-85.061356
image_99.jpg,483.5184,244.55,-1.5992832,492.34064,250.6174,-15.525094,492.33536,252.155,-15.556193,492.35397,253.78824,-15.592327,492.99527,249.48404,13.1294365,493.40875,250.19296,13.133657,493.86523,250.97105,13.052221,487.61304,265.58456,-52.906567,489.26544,261.73038,73.42513,473.9532,248.56822,-13.944853,474.661,246.14233,23.012814,441.54486,286.43222,-120.99369,441.44666,256.075,156.08612,374.5652,304.84058,-166.9179,375.13657,267.61423,197.2394,311.68024,305.4043,-176.64563,321.14325,273.65408,162.9821,294.34265,308.70236,-203.14636,306.0586,275.40723,171.96509,293.0122,304.13904,-190.66924,306.31555,275.0805,148.76337,299.09906,301.71985,-170.927,310.05453,275.34903,152.27127,324.63177,279.0803,-86.00112,326.13153,259.0754,86.13045,258.67206,198.62909,-191.35606,261.803,192.75545,-37.788265,177.9702,120.11243,-241.06699,179.76768,116.9699,-84.30992,152.49693,117.137764,-248.24716,157.23595,113.765785,-91.41235,185.19804,70.43299,-332.28156,193.67384,65.55692,-161.54266
