image_1.jpg,342.95032,53.263878,-203.11865,343.88068,45.991188,-183.3538,345.4571,46.32112,-183.35838,346.9603,46.717087,-183.31018,337.31158,45.24792,-200.28429,334.12082,45.072983,-200.31738,330.6454,45.009056,-200.39417,343.72015,51.592026,-69.66981,321.84497,50.163647,-146.3912,344.07504,62.07836,-159.18903,336.2891,61.782475,-181.17737,357.38318,103.75036,44.963192,301.39203,102.76378,-159.85236,363.44485,163.15506,22.09553,314.53455,168.99387,-172.73166,391.62128,159.25493,-167.51122,375.493,162.93869,-154.99576,403.51474,158.03526,-201.23608,392.17838,161.88373,-172.9675,403.34314,145.8782,-217.0983,393.60867,150.29967,-176.29535,397.25867,144.97018,-181.40991,388.4334,150.01387,-152.70845,359.6598,231.0247,64.47223,326.31982,232.71533,-64.49266,364.5981,310.4724,111.752625,324.3081,320.03812,-18.837214,348.7022,384.58746,249.99344,297.97714,398.81442,118.631195,339.0475,396.41162,258.06284,289.9214,408.19598,127.72172,379.44562,400.57095,184.08556,314.10898,425.40765,29.03328
image_10.jpg,351.4375,65.25905,-239.01457,355.77057,56.7968,-221.37485,357.9997,57.12258,-221.38159,360.26508,57.500496,-221.36972,348.37378,55.670845,-233.4002,345.16797,55.223778,-233.42674,342.07797,54.876907,-233.488,360.42548,60.622818,-109.92042,335.0744,56.75009,-165.83342,353.5922,73.62047,-195.5467,344.6024,72.88894,-211.69685,375.60217,108.85599,-8.462479,306.79898,104.65768,-133.68271,384.01056,174.07379,-35.186584,301.78134,165.60739,-155.56158,386.26453,165.98233,-220.99977,354.51685,157.7491,-205.33958,387.22382,162.68338,-254.47404,369.5318,157.94449,-226.91399,387.87357,150.29596,-265.60626,370.562,146.8206,-229.68561,385.82202,149.72704,-230.48538,365.57602,146.26906,-204.16525,362.14917,223.05396,42.13455,321.64398,220.52254,-42.166924,367.20242,307.2011,42.23177,314.59625,306.08963,-33.14537,347.82184,378.151,213.18561,302.4638,381.72986,116.76987,338.19382,388.3893,223.81989,305.6137,390.30392,125.61192,379.1586,397.5301,135.25159,291.7603,411.30444,15.418083
image_100.jpg,343.94366,73.851974,-192.78885,345.002,66.97555,-170.0737,346.4879,67.28786,-170.09749,347.86932,67.61308,-170.0666,338.4776,65.69428,-190.80118,335.28903,65.167984,-190.83127,331.80728,64.787865,-190.89157,343.70947,70.93197,-47.179337,322.07736,68.649414,-141.18771,344.23825,82.43204,-145.55022,337.35907,81.41484,-172.64906,348.5044,124.61091,78.00654,296.44922,116.25582,-152.94104,349.8691,178.75551,60.995834,275.37604,180.50562,-188.87988,358.7246,182.89822,-141.90897,331.22864,191.32695,-220.51865,362.6793,189.56834,-178.40666,348.0161,197.0925,-250.20155,363.349,181.78069,-195.77042,351.2782,189.70148,-250.56805,358.2759,178.71503,-156.37068,346.42773,187.16402,-218.00583,340.45013,244.66298,83.530266,312.33344,243.4857,-83.60243,334.35583,330.08356,157.61435,316.5604,333.8794,-48.277225,321.53406,402.53534,313.29895,306.74063,414.93234,68.17868,314.75513,410.89673,323.19614,301.83926,428.74506,74.41987,356.1813,417.67886,250.16838,318.66205,447.27332,-31.031101
image_11.jpg,338.46606,62.87779,-281.0281,342.2812,53.662178,-265.93915,344.7909,53.87369,-265.935,347.33325,54.077724,-265.93518,334.48093,52.59068,-273.95102,331.27213,52.205128,-273.96796,328.0524,51.88711,-273.9981,348.63806,57.079254,-155.21867,320.52997,53.999947,-193.51889,341.54636,71.25675,-237.18863,331.67386,71.15537,-248.2432,368.00024,103.91667,-60.0334,294.0271,103.75433,-138.13379,382.756,168.2992,-89.33621,288.2762,164.72803,-177.7919,373.4911,158.62956,-268.37906,335.97827,159.22273,-279.1971,368.7987,158.85394,-303.42,353.4864,161.09584,-307.59567,368.53775,148.00546,-312.8628,354.66614,149.82664,-309.95007,367.98038,146.30139,-276.03574,350.34198,147.78589,-279.6333,355.41223,224.77762,22.41568,311.66852,224.24992,-22.45635,360.37122,308.34296,78.03603,305.24115,310.0835,12.403435,353.311,377.20905,256.5649,305.46866,382.17487,164.10321,342.15298,387.60876,268.72693,311.33157,390.06433,173.32889,384.9327,397.46658,178.29146,287.70013,409.57672,65.56636
image_12.jpg,326.37213,56.1232,-318.989,329.7041,46.9919,-305.1987,332.28925,47.12444,-305.19632,334.74637,47.285,-305.2141,321.35406,46.795994,-309.57547,317.85107,46.942894,-309.6291,314.28647,47.231327,-309.6585,336.88922,50.885826,-197.82123,307.5669,51.706623,-218.46666,330.42667,64.51625,-276.57272,320.25806,65.210556,-282.7109,362.22223,102.171684,-113.26565,281.85345,105.87162,-152.4034,374.2361,168.147,-147.2246,274.42883,168.26796,-212.94142,351.99338,160.62523,-306.9627,314.1419,161.43834,-359.2603,342.8662,162.19441,-341.47253,328.52585,164.02357,-395.1468,341.59702,153.19437,-348.78024,329.39835,153.80542,-394.38623,343.1497,151.11583,-312.71033,324.81354,151.54489,-360.2306,349.2815,222.03926,10.038652,303.71863,223.6243,-10.083231,355.07562,304.78857,47.023857,300.23438,309.49612,19.738174,353.888,373.2216,264.07382,303.56848,379.85004,194.19295,348.45422,382.13647,280.20245,311.61627,386.891,205.7843,378.6488,396.90564,182.74112,291.9598,410.08777,94.5645
image_13.jpg,315.27997,56.784424,-318.82056,319.79648,46.73175,-305.1778,322.95514,46.824844,-305.19507,326.07153,47.04805,-305.22485,309.7789,46.6864,-304.65744,305.78906,46.98708,-304.69708,302.43698,47.472954,-304.68695,330.14178,51.413124,-199.17484,297.24734,51.99888,-197.97748,320.90607,66.423386,-277.5973,309.1206,67.476135,-277.53125,356.72592,104.47344,-131.71674,275.31613,108.51906,-114.23286,368.5393,170.24394,-198.47075,266.48657,170.57347,-185.53093,334.159,163.43939,-377.24194,286.4065,163.20055,-390.80438,324.47943,163.5821,-418.25534,295.37497,162.96297,-432.67426,322.07086,151.37483,-421.44452,296.06097,152.64381,-436.05167,324.26572,150.55495,-381.09772,294.9648,151.76088,-396.0791,343.10315,230.42761,-2.2873878,297.09665,232.97255,2.2299142,360.0702,313.2161,10.742062,294.51486,318.47202,62.38605,367.1261,381.63443,212.94707,302.61035,385.2721,283.68,361.99982,391.37982,226.4042,309.1049,392.91803,299.46338,382.4611,410.54636,117.662445,289.7888,412.47778,193.36006
image_14.jpg,314.00082,51.434814,-255.03177,318.35544,41.97866,-242.631,321.74738,42.11573,-242.69296,324.85303,42.48924,-242.7082,308.14743,42.784996,-238.65236,304.89648,43.489807,-238.69087,302.01053,44.35062,-238.7098,329.61755,47.814175,-147.82684,298.53885,50.293507,-129.16745,320.7358,61.673096,-218.22267,308.62064,63.164436,-213.25186,357.02808,99.01713,-108.0522,282.78058,107.65241,-38.77397,364.93713,166.79124,-176.93094,272.9765,168.05472,-107.05146,313.32224,161.54257,-328.60416,277.56677,162.64418,-328.84534,298.48126,160.19997,-367.82404,280.1693,163.4913,-371.34555,296.1049,149.81078,-367.9121,280.72232,151.88976,-380.0556,299.75308,149.03673,-329.77472,281.53094,150.51584,-337.31476,344.8592,233.53627,-26.440052,302.4505,237.59418,26.376993,362.14172,319.21533,-28.473873,292.33038,317.7932,104.90601,381.25485,397.1734,97.87552,301.55698,383.3226,330.5319,382.65027,409.97687,102.56775,310.5029,389.50247,347.51685,378.4187,426.16174,-22.227398,286.40546,410.84833,256.19824
image_15.jpg,324.31995,53.399548,-236.0238,329.3367,43.360046,-226.37079,332.54013,43.22824,-226.46658,335.55658,43.281586,-226.52892,319.20963,45.017895,-219.23378,316.12,45.858307,-219.21619,313.4001,46.726986,-219.21477,341.05273,48.042854,-143.32178,311.73346,52.024925,-109.814575,332.17502,62.475098,-202.91827,320.19452,64.44563,-193.687,368.09845,97.884636,-126.062744,299.14032,106.518906,10.652884,371.6181,168.80316,-160.1339,304.5632,167.44492,26.654583,309.92136,164.9131,-248.3576,297.74915,195.26396,-126.6093,293.25403,165.43729,-279.76007,294.08734,206.79575,-155.15453,291.44568,154.57787,-280.83868,292.63806,182.73206,-180.52206,296.05716,153.60294,-247.945,295.59988,195.14734,-141.58502,352.42072,234.17093,-42.347336,311.39377,234.9726,42.30224,367.43283,321.8328,-30.238274,296.09286,315.85733,116.4071,389.01074,405.8976,69.38479,302.0453,382.59402,311.67584,395.94098,419.4017,71.67326,310.3984,390.61456,325.0188,363.0551,431.06546,-54.714832,281.65433,411.06177,245.59966
image_16.jpg,344.83432,52.552383,-219.6817,349.80576,42.793793,-213.49219,353.61386,42.464104,-213.59232,356.92746,42.301796,-213.65277,339.4179,44.0099,-202.41173,336.2593,44.544296,-202.41092,333.8059,45.19222,-202.38672,362.8293,46.685043,-141.58044,333.81424,49.242226,-90.23995,353.43597,61.859108,-190.4343,340.91632,63.250893,-176.11708,389.10294,99.90831,-134.60748,323.26343,103.60415,37.369797,383.85928,173.92607,-152.49327,319.80533,165.05827,31.891718,321.50952,168.08983,-186.4303,298.40015,164.05919,-142.49164,302.98068,168.1103,-209.96011,284.53082,166.81938,-170.3264,301.91006,157.90005,-209.5582,283.67154,155.916,-192.18283,308.2889,156.85799,-183.99397,289.863,154.32346,-157.66794,362.09125,239.2569,-48.570675,322.7217,235.9036,48.533257,371.1936,321.8112,-15.481245,307.74115,314.59464,129.37848,388.487,402.87576,115.770485,302.70032,388.17468,302.53122,396.11282,414.95242,121.44683,308.4116,398.968,313.6236,361.73215,427.88962,5.2489605,276.2195,410.70322,232.77872
image_17.jpg,356.985,54.38696,-220.42677,362.34146,44.49669,-214.87944,366.04407,44.35743,-214.9681,369.64716,44.403378,-215.02155,352.66614,45.456734,-202.65985,349.8068,45.936657,-202.66241,347.26163,46.554024,-202.64423,376.72968,49.306557,-147.33572,348.2166,50.990784,-91.098236,365.4218,64.348625,-192.98724,353.84515,65.21676,-177.20488,400.2627,103.03173,-152.61758,340.0667,105.91407,39.5366,394.51593,177.83232,-185.20598,334.12723,166.59662,25.7827,332.73862,168.95946,-225.36574,306.1088,163.54395,-153.73769,312.76202,167.66582,-248.88342,293.18054,164.79652,-179.93356,311.7972,157.39484,-244.60828,292.5329,155.66759,-201.11276,318.2542,156.54132,-221.69762,297.77872,154.7709,-169.06839,374.0279,242.5899,-60.23091,337.40787,238.22112,60.119,373.1827,324.07623,3.1312573,316.55664,309.40576,146.68312,390.08987,405.25,128.08609,302.32318,383.24332,291.32388,397.17706,417.95413,134.02795,308.85663,395.5873,299.95102,358.6044,428.93063,30.804873,270.85373,403.8172,229.93774
image_18.jpg,368.26938,54.12722,-242.63443,373.2123,44.83124,-237.29309,376.97968,44.76628,-237.38956,380.7633,44.79265,-237.46991,363.85876,45.14301,-223.43584,361.01865,45.357,-223.4266,358.7724,45.649254,-223.38647,386.26938,49.261337,-170.15292,358.37897,49.85048,-106.6471,376.11554,64.2867,-215.08636,364.42194,64.28414,-197.22481,406.7197,100.81976,-178.09508,353.0246,100.6718,32.331245,395.7179,178.05055,-176.59418,349.26947,163.83011,48.254158,333.43384,170.19006,-158.87987,317.16574,166.6557,-92.68632,311.88052,167.9813,-177.0085,300.12097,168.66129,-113.59734,312.62555,158.1848,-173.3291,299.16354,156.9879,-136.97353,319.67123,158.01474,-154.18481,304.75568,157.02896,-107.987854,374.3353,242.66556,-67.160484,344.27856,236.19882,67.045395,372.951,324.3812,16.957514,325.3995,305.6947,167.21683,391.1828,402.26593,153.50691,307.45554,379.13458,324.73987,398.4177,414.94766,161.46277,313.36365,395.96445,335.25287,359.9417,428.0281,63.763596,271.83405,390.81238,269.51566
image_19.jpg,369.90808,54.191208,-198.17361,375.7097,44.83921,-194.13303,379.4383,44.728817,-194.24335,383.26202,44.71061,-194.34564,366.96295,45.27855,-178.52765,364.5349,45.524982,-178.48917,362.39438,45.86962,-178.4563,390.42697,49.561516,-139.67584,364.2561,50.61467,-68.352554,377.67868,64.329185,-175.81224,367.40173,64.61766,-155.59036,409.31854,99.74984,-171.83006,361.25897,102.069466,62.994904,392.46292,177.2366,-194.14795,355.3317,166.77298,103.385155,326.8844,164.54991,-189.17151,321.47192,170.02689,10.63286,306.46985,163.3112,-207.3726,302.29022,166.40552,-3.5886245,305.25296,154.24109,-200.72327,302.1547,161.40836,-23.346212,311.47852,154.52058,-183.6814,309.03983,159.32016,-2.9063585,378.9334,241.33307,-70.93374,349.48492,237.58351,70.77908,371.04337,324.35733,22.764626,334.8726,309.1746,178.0976,388.38168,401.40036,152.81111,352.65637,377.024,337.1955,396.0062,413.2853,161.81955,364.8326,387.5864,349.10114,358.331,431.93448,68.23589,316.6257,399.63486,296.4394
image_2.jpg,342.0891,53.297596,-202.6422,344.1684,45.173306,-182.90817,346.10507,45.486702,-182.90161,347.95502,45.86649,-182.8492,336.92438,44.62419,-200.20622,333.56387,44.537846,-200.25374,330.0499,44.55311,-200.3424,345.37643,50.14761,-70.14251,320.87793,48.704895,-149.65935,343.9609,62.7293,-159.00603,335.7315,62.489807,-181.82365,357.8789,103.22181,49.71289,299.97952,101.27601,-173.25354,357.06122,163.69626,53.953304,313.47577,168.46013,-193.87021,385.086,168.27736,-95.83606,377.14813,162.82307,-175.88806,393.06635,173.09718,-121.301254,393.1464,163.61862,-196.29782,399.59503,151.73114,-140.55469,394.05212,152.29997,-196.49294,394.02737,150.49141,-109.8079,388.5639,151.83095,-172.575,360.96753,229.68248,69.13664,326.66437,230.21965,-69.16033,362.9948,312.15222,125.38229,322.86313,319.26895,-38.128857,345.2293,380.4739,296.94537,296.86102,401.08737,96.35835,336.71423,389.2188,308.81277,289.3787,410.63455,105.57748,373.85864,399.95563,241.58606,315.65488,428.3013,6.4688063
image_20.jpg,365.31754,56.995956,-228.10489,370.79837,47.375664,-224.51674,374.37747,47.132507,-224.6003,378.06415,47.076675,-224.69333,362.32886,48.10215,-206.53473,360.10025,48.320347,-206.5374,357.96054,48.669678,-206.4909,384.37012,52.12891,-162.43279,358.89685,53.004715,-82.23983,372.698,67.305695,-202.09445,363.26657,67.68624,-179.28552,398.73822,100.19157,-188.94269,363.28265,103.95793,80.66567,384.37744,177.71126,-174.49477,354.229,169.94751,88.97421,321.59244,164.05556,-119.9895,312.5293,161.91411,-64.02759,301.683,162.27802,-133.54799,295.65393,159.97784,-79.532616,300.25714,153.1224,-127.08698,294.23975,154.17632,-100.71762,306.57645,153.63268,-112.529785,300.9616,155.04868,-78.6898,374.40594,236.39868,-92.852745,353.56076,231.89159,92.78462,360.73218,324.40305,-24.81869,347.08496,307.16257,202.76595,385.98248,401.9681,81.80238,363.94504,372.48117,364.96173,395.6595,415.7405,88.78472,373.5992,385.36584,377.81888,350.08228,428.0041,5.6800737,324.3936,396.97256,334.41776
image_21.jpg,358.3786,64.4987,-191.30896,362.7612,54.4488,-191.89655,366.25806,54.126934,-191.9889,369.74603,53.891403,-192.08421,354.86526,55.451275,-171.90607,352.84927,55.695034,-171.88684,351.12427,56.028473,-171.84384,377.69653,56.710094,-146.15858,353.39612,59.098606,-54.786087,367.14218,73.47047,-170.52484,357.09885,74.60461,-144.53963,399.26334,101.974915,-170.02316,355.53616,107.05895,84.47081,379.10303,176.83824,-177.16687,352.9025,173.74907,94.42516,319.86835,162.93419,-143.35753,317.9511,175.5754,-47.336113,298.84692,159.34604,-160.33478,301.17136,176.89233,-65.51662,297.3245,152.45822,-152.09924,296.47443,164.3458,-88.50757,303.65726,153.23447,-136.11818,303.2349,165.12614,-62.900852,368.06946,239.45192,-87.94241,344.63684,236.18535,87.89677,353.29715,321.02954,-52.265182,340.0313,309.89578,166.33957,387.99075,401.73593,36.15346,361.93903,378.37024,296.9903,401.58038,414.17383,41.935955,372.7862,388.70786,306.47156,358.5061,433.31357,-42.249836,319.02386,396.98032,259.3804
image_22.jpg,348.1755,69.808876,-185.50241,352.3922,60.125916,-191.42915,355.16302,59.847965,-191.50755,358.11642,59.636192,-191.59605,346.98975,60.430126,-167.53639,345.83234,60.353493,-167.51793,344.78635,60.275974,-167.4592,367.94885,62.713795,-163.07298,350.44055,62.79804,-55.546513,355.59998,78.56426,-170.80168,348.9002,78.65485,-140.0041,386.17862,108.33916,-193.10167,358.802,107.8141,90.31807,373.25153,180.71332,-183.2349,354.43484,175.17963,98.12061,309.40826,164.74983,-103.440216,307.4838,166.31648,-50.03876,292.08255,161.56882,-115.9879,288.37332,162.75461,-64.474205,291.3965,154.89645,-103.15138,287.0953,157.3685,-88.603806,297.18768,155.4584,-92.85773,293.9181,158.19429,-65.97206,363.01367,240.40512,-95.83993,346.8529,236.40283,95.80235,352.37933,327.07306,-60.712906,335.52362,309.95078,207.03876,389.77756,406.51974,13.211059,360.94098,377.33496,355.19058,408.99246,419.67145,18.128159,370.59473,385.62073,367.63947,363.41223,437.24225,-56.577477,319.70575,393.1864,334.25888
image_23.jpg,349.4397,67.15453,-200.87659,354.51138,58.22934,-198.14053,358.0458,57.97013,-198.21913,361.54813,57.84801,-198.29958,346.4696,59.20405,-181.14194,344.36597,59.49826,-181.11478,342.64682,59.757072,-181.0401,368.74225,62.14408,-140.45354,345.44556,63.04055,-62.86281,357.36188,76.158585,-176.28172,347.5868,76.525894,-154.19077,385.0199,104.70886,-161.97888,348.4221,113.093216,85.80257,370.4869,177.60822,-154.62485,346.21454,180.05084,93.746,310.3552,166.40494,-111.88132,304.10132,168.43594,-44.336037,293.4995,164.32556,-126.91138,289.2059,166.42673,-62.117996,292.28265,155.52875,-121.13853,287.94333,158.43675,-85.72502,297.89697,155.60278,-105.38159,294.33362,158.87735,-59.733425,362.76477,238.26985,-89.32789,340.0859,237.59854,89.28956,356.4311,324.8372,-66.106865,331.94186,312.5137,199.65761,389.45496,404.9018,2.6332865,359.97787,379.72534,349.4502,407.69702,416.1477,5.447201,371.48016,388.65738,360.90732,364.2908,435.5076,-79.02406,318.80276,394.98438,322.94824
image_24.jpg,348.22443,60.928516,-196.50162,353.9719,51.919556,-192.1618,357.43646,51.822224,-192.25061,360.84497,51.85212,-192.3424,346.0188,52.735706,-174.40704,343.89056,53.061806,-174.37904,341.9978,53.398277,-174.30786,367.9332,56.815567,-131.4781,344.14203,57.05528,-50.522953,355.3084,70.03439,-171.28506,346.24835,70.59234,-148.38988,382.9027,103.02722,-164.58723,347.5003,105.763466,100.44507,371.27625,174.70744,-188.90472,343.39188,171.25629,113.03265,310.27402,161.92497,-178.94785,303.2989,163.73468,-28.475523,292.2953,159.16122,-198.07533,285.8794,160.06213,-44.65986,291.10974,151.64331,-189.23181,283.68594,153.27747,-67.14721,296.28452,152.1626,-171.89859,290.49988,154.52878,-43.81225,354.70844,240.57753,-92.59476,337.12357,237.57278,92.558655,350.1411,322.14444,-48.89756,337.2292,310.3697,171.60907,387.26242,402.5397,40.73225,363.97525,376.9944,304.37085,403.7536,413.91415,46.606636,377.07007,387.91968,314.1345,359.06134,432.98727,-36.514767,323.27808,393.8276,268.70453
image_25.jpg,348.72012,59.577385,-149.4072,353.94293,50.599823,-142.87183,357.42935,50.66108,-142.93857,360.36914,50.850147,-143.02553,344.8556,50.691433,-129.11711,342.29565,50.805473,-129.11227,339.9093,51.107784,-129.05383,365.47748,55.451145,-75.7067,338.6389,54.751053,-14.372196,354.96017,69.076164,-122.21999,344.63953,69.033936,-104.911514,380.75626,100.23025,-107.26723,339.03815,105.6143,128.49435,371.66794,167.81242,-128.86005,336.25565,166.58919,133.59677,311.96307,158.46347,-132.33125,296.91434,159.4862,-11.61364,294.41425,156.29117,-152.73259,282.2202,159.166,-28.698334,292.81314,149.39507,-146.56975,281.49316,151.87044,-52.27245,297.94284,149.63356,-127.28061,286.33234,151.93565,-27.129698,360.157,229.58597,-88.88775,336.1734,228.91382,88.935326,355.22708,316.7639,-89.18538,341.8916,307.66296,133.09207,385.36426,403.54852,-27.277468,367.2273,376.7455,245.34737,396.42993,415.25327,-25.044386,378.7555,388.7415,252.05334,358.46637,431.0491,-112.25934,336.0474,403.3663,198.58426
image_26.jpg,329.99924,100.727165,-341.0595,333.9413,92.40831,-319.1461,336.6516,92.858635,-319.22617,339.13824,93.30142,-319.29227,325.14938,91.18299,-336.42758,321.12424,90.7492,-336.49725,317.37756,90.52361,-336.53186,338.87793,97.31442,-187.771,308.48593,94.150314,-261.287,332.13425,110.690544,-289.39413,321.79993,109.5762,-310.8829,347.76666,150.94151,-50.920258,272.1055,154.48994,-253.35956,346.06995,219.48694,-94.78725,297.55206,227.32831,-259.58728,359.35956,228.54979,-322.54285,365.70807,225.5443,-275.90863,369.75186,230.24338,-366.9616,384.10974,226.55348,-309.22763,377.17712,216.42282,-385.4218,385.86975,214.5599,-314.2856,367.11014,215.316,-337.06894,378.16022,213.60153,-276.12097,308.32123,263.17123,68.95736,265.50208,262.89227,-68.86303,361.2041,319.06888,11.313891,300.87457,345.9853,-214.33865,338.24463,395.83844,228.58276,274.6467,431.12073,-97.64513,326.84393,409.34784,245.02124,263.70926,443.91455,-91.7814,374.80725,416.95123,165.18806,297.58798,463.83368,-219.03696
image_27.jpg,330.82214,101.04711,-339.36115,335.47955,92.31421,-317.89087,338.20645,92.68086,-317.9798,340.73914,93.06296,-318.05396,326.73193,91.19599,-334.4889,322.88135,90.85824,-334.55264,319.0797,90.60345,-334.58582,340.74213,96.72671,-189.02792,310.42078,93.92787,-259.70792,332.77332,111.14698,-288.61276,322.7878,110.103966,-309.29327,349.36963,151.43327,-54.878098,273.1723,151.33809,-252.27037,345.73932,221.65028,-97.36415,295.40277,224.67807,-263.06247,370.66772,231.34494,-324.85913,364.61746,225.51804,-288.9407,383.82025,232.19618,-369.59528,382.811,227.07874,-324.1009,388.31342,219.32481,-390.87622,385.59097,215.40501,-330.08142,380.55988,217.50354,-340.8594,378.56778,214.58487,-289.87982,309.75757,262.6217,66.22565,267.24216,260.7987,-66.11306,361.32004,319.47742,11.097763,299.05814,344.81665,-215.85066,337.56262,396.33612,223.99696,273.55142,434.43866,-105.62616,327.21347,409.7648,239.77454,263.3407,446.1513,-100.78218,373.85303,416.7317,157.19994,299.01428,462.30756,-233.69464
image_28.jpg,333.6595,99.543274,-340.5228,337.2134,90.822975,-320.6734,339.63104,91.20505,-320.75452,341.9021,91.551834,-320.83438,329.31808,89.66356,-335.00195,325.51175,89.33425,-335.06763,321.82004,89.17315,-335.10867,341.52734,95.45762,-198.7423,312.22763,93.40409,-259.1507,335.58713,109.725784,-292.41394,325.8075,108.84744,-310.13974,352.9992,148.87962,-80.15304,275.09113,147.61676,-246.04391,347.47382,216.54909,-128.01028,294.696,221.12857,-264.07855,368.07858,225.90015,-344.50427,361.1,222.50713,-297.7815,383.1579,230.3057,-389.2183,376.9604,226.52518,-332.5972,388.92633,216.81935,-407.78156,379.69315,214.13815,-337.37042,380.3615,213.92201,-358.95108,374.5554,212.40472,-298.6845,313.16638,259.04602,55.54346,269.31958,257.09116,-55.426193,360.8458,324.04608,-7.14744,291.13266,344.19556,-174.03857,337.00436,396.3499,218.35762,271.4967,430.01044,-50.681767,327.58957,407.92087,235.87906,262.65396,442.1825,-44.19794,373.96976,416.51944,159.27545,292.37006,462.54938,-170.8588
image_29.jpg,332.97122,98.69528,-331.25912,337.6451,90.19679,-312.81787,340.2458,90.67779,-312.89572,342.54156,91.1124,-312.973,329.03,88.986595,-322.08072,325.2028,88.60701,-322.1535,321.35284,88.43731,-322.20984,343.25458,95.30003,-196.56561,312.90295,92.420525,-233.67453,335.2039,108.68268,-285.33157,324.6775,107.69953,-296.32446,357.23553,151.33333,-89.01988,275.42017,146.38553,-207.99635,349.7074,214.26251,-129.96507,290.99527,221.36446,-218.88986,364.22968,226.07584,-333.02002,352.97235,222.4805,-268.84576,376.7303,232.98213,-375.5882,368.56387,226.75043,-301.61646,384.31888,219.55487,-394.2331,371.59485,214.12036,-305.61478,380.91473,213.83156,-346.78012,366.70377,211.8067,-269.59903,316.85938,259.6503,40.305496,270.9458,256.19858,-40.19566,359.58795,327.2739,-72.88991,279.34235,342.70142,-194.17856,337.79352,395.5311,171.15854,268.10992,428.69626,-49.74742,328.7594,406.60938,190.4553,263.93842,437.60416,-40.59046,372.8743,418.00113,106.89948,276.253,465.20532,-168.27924
image_3.jpg,343.09583,53.90711,-194.00882,344.49173,46.17189,-173.79059,346.40762,46.46064,-173.79411,348.22205,46.80841,-173.75792,337.20898,45.419384,-189.88824,333.80548,45.219513,-189.9245,330.13312,45.134254,-189.99753,345.34814,51.420464,-57.880062,321.29105,49.62759,-130.8121,344.72064,63.226173,-149.48697,336.37457,62.479134,-170.4097,357.142,104.80406,57.80906,302.05975,102.4241,-152.03484,367.35962,167.30844,27.3368,315.97772,169.31897,-164.96432,391.90036,160.63722,-167.21635,379.69916,162.16748,-136.20721,402.59027,158.69095,-200.92345,395.97113,161.00276,-153.24182,402.19485,147.00336,-214.3966,396.36517,148.85696,-154.20708,395.9771,146.60074,-180.16624,390.7257,148.77214,-132.78166,358.60843,235.67458,69.02576,323.4183,236.59113,-69.05672,360.97052,314.2644,115.13452,324.24036,321.50842,-25.167767,346.67688,380.90076,283.82843,296.28308,399.39737,130.80423,338.88446,391.13788,295.92123,290.1983,409.57333,142.72202,372.04605,401.39557,230.20117,317.97604,426.12354,46.733936
image_30.jpg,330.537,106.27453,-341.44028,335.7996,97.34704,-322.28882,338.3994,97.715195,-322.35645,341.21448,98.092186,-322.44397,326.81738,95.8444,-329.7205,322.9654,95.22683,-329.80005,318.96976,94.80325,-329.86346,342.2677,101.85866,-201.57082,309.88562,97.69582,-232.01031,333.07153,115.862076,-294.04852,322.54474,114.66499,-303.09927,358.01254,155.01744,-99.93887,272.24606,148.99294,-189.2991,357.0264,222.29103,-141.64713,277.45508,223.1688,-229.21709,357.82376,234.85742,-333.97083,339.54346,228.38785,-326.00238,363.45215,236.51884,-374.82556,352.99786,232.33125,-362.13364,367.27094,223.33607,-390.59723,357.15195,219.91089,-363.004,363.77637,219.78084,-345.70197,352.21472,218.65631,-326.39664,321.1322,262.91232,31.99687,272.8199,260.27505,-31.876604,363.57495,332.07825,-116.369514,273.7958,347.34845,-228.71263,337.66605,395.9123,145.01097,267.21884,434.06863,-82.70646,325.74872,406.91116,166.02942,267.63724,444.20276,-73.78823,372.90573,421.7848,81.84342,262.5867,465.333,-205.50148
image_31.jpg,320.37326,106.78521,-383.14102,325.58765,97.48319,-363.76917,328.87274,97.877815,-363.81253,332.1314,98.270805,-363.8911,315.4481,96.44742,-368.2845,311.18207,96.15273,-368.37375,307.42358,96.06414,-368.42285,335.15195,102.1783,-239.75662,299.45572,99.78815,-258.78522,324.10858,116.803665,-335.09824,312.12256,116.28737,-340.85345,355.42188,154.02457,-146.06555,264.77838,154.21301,-195.93301,354.563,219.167,-202.52501,269.6384,228.64142,-256.51257,355.4591,235.77997,-399.32074,324.32184,231.93394,-395.40585,356.9101,239.14464,-442.9794,339.02463,235.70995,-433.00372,359.64877,226.4301,-455.7901,341.4132,222.35791,-432.14816,357.674,223.40471,-408.94608,336.0056,220.86404,-395.84265,321.16638,264.8159,15.886983,272.4731,262.93457,-15.812889,360.7808,335.14368,-146.60219,268.92206,351.50232,-157.7426,341.76263,395.26453,140.33685,265.41705,432.865,32.75143,329.76486,403.59775,164.0502,269.85638,441.16943,45.53441,373.40204,421.0558,68.491394,253.42859,467.29288,-85.58735
image_32.jpg,300.37814,108.0034,-396.44965,306.6813,97.46565,-377.9486,309.99783,97.716896,-377.97223,313.3227,98.08751,-378.03525,295.5144,96.98233,-380.5824,291.51016,96.87967,-380.67838,287.62805,96.78961,-380.724,318.86783,101.73095,-256.5739,282.40256,100.383194,-268.44672,306.22467,116.99667,-349.72153,292.25742,117.48974,-353.3238,342.5395,152.45874,-164.15927,250.4863,157.54839,-195.73172,349.8431,223.01103,-215.37924,258.76276,233.89563,-246.9713,347.23425,235.11066,-403.11847,310.28223,234.57047,-393.44202,344.35675,240.64539,-446.20282,325.42722,237.88248,-433.24527,344.39862,227.6727,-457.76923,326.9947,223.72841,-433.7224,343.1142,224.80295,-411.83627,322.21863,221.47675,-394.78854,321.183,263.59897,9.378803,270.28815,264.0529,-9.285771,362.74744,338.35437,-141.99472,267.16833,348.13464,-188.50305,339.8509,395.12762,154.42342,265.6471,433.67868,-4.9683614,330.08447,403.39462,178.51051,269.5852,442.74936,6.374058,373.75714,424.9281,85.21832,253.38356,468.48633,-127.63809
image_33.jpg,278.79337,107.69858,-430.3188,284.45743,97.22733,-412.44186,288.42725,97.26813,-412.4516,292.20135,97.4982,-412.51065,272.87207,97.24674,-412.8443,268.54663,97.37441,-412.96155,264.91318,97.61663,-413.00537,299.04156,101.65744,-292.96658,260.56107,101.26565,-295.88416,285.85382,117.366684,-384.6881,272.36478,118.24971,-385.7747,331.43948,154.60838,-206.07135,236.78682,161.92966,-210.07196,340.87616,229.59398,-267.58478,247.115,239.57474,-294.38873,332.17545,236.46788,-441.60938,285.53046,232.1925,-490.50397,323.07013,242.31958,-482.35687,299.87518,233.0316,-535.42596,322.55936,229.31029,-488.8747,299.84042,220.38036,-530.0325,323.31854,225.45168,-447.23843,295.96735,218.87253,-490.98425,322.03583,261.89383,1.7085361,270.3581,266.3616,-1.6873522,368.96765,341.7732,-161.20573,263.06982,356.15234,-178.02457,354.56787,394.44363,149.29872,263.68652,433.90976,57.51385,345.12012,401.1372,173.6361,268.5175,442.27533,73.2817,378.33585,426.84146,72.0736,251.4603,469.22647,-57.046333
image_34.jpg,281.99945,107.89318,-420.29663,287.15723,97.24395,-402.39804,290.45367,97.14662,-402.3988,293.6101,97.21374,-402.47058,274.97858,98.5838,-401.96774,270.9704,99.196815,-402.0902,267.42236,99.9029,-402.1145,300.8412,101.61667,-286.75778,265.13907,104.72789,-284.34903,290.57928,116.63565,-376.65112,275.8124,118.763954,-376.24445,337.4568,157.94266,-212.50505,241.45567,164.34886,-202.83728,342.50278,233.66864,-304.84012,248.66693,239.95752,-299.5511,320.027,237.74931,-495.7517,271.44754,240.42036,-509.4644,309.19537,242.67723,-540.70105,281.66223,243.46138,-557.6654,307.13452,230.36182,-542.41425,283.51636,230.16304,-556.5981,309.01004,226.53284,-500.3259,280.84854,227.81381,-513.15454,329.85123,265.9948,-3.3496318,277.0753,272.3556,3.2557225,372.41818,345.84253,-190.42294,259.427,359.72678,-159.48096,390.24475,423.52634,60.088543,263.3921,434.99203,73.590385,383.9735,435.3414,76.66614,269.37878,444.14395,88.30687,406.91675,451.58038,-53.245514,248.49475,466.59473,-38.710564
image_35.jpg,297.55206,114.864494,-455.905,303.09158,103.31576,-438.5116,306.30103,103.103745,-438.49927,309.44882,103.13205,-438.56992,291.00833,104.30863,-437.92484,287.13855,104.70536,-438.05295,283.33948,105.231514,-438.07306,316.1447,106.56776,-318.43066,280.46625,109.04042,-316.05453,305.71152,123.51546,-410.0829,290.9574,125.29108,-409.77747,349.32956,161.86105,-236.21707,254.56978,165.6743,-223.47626,352.24683,238.48904,-329.2163,258.35303,239.65736,-320.488,332.59232,244.00723,-525.1577,280.38733,243.7753,-536.2053,322.20187,249.96548,-571.79016,289.9674,248.80237,-586.1289,320.2255,237.18036,-575.1714,294.35965,234.82898,-586.2844,322.1487,232.88232,-530.67303,292.50174,231.986,-540.6847,340.03235,264.53085,-5.9396744,286.0206,269.40012,5.826082,377.46796,348.29395,-176.00893,260.95572,356.0302,-118.93057,393.36078,423.95187,73.49577,260.34015,434.75726,100.08087,387.04037,433.29004,90.05947,266.65912,443.97174,113.77237,407.49478,455.24194,-44.59122,248.11002,466.478,-14.936557
image_36.jpg,316.02957,115.08179,-460.8206,321.87592,104.55618,-443.6719,324.9442,104.52623,-443.67007,328.6219,104.57374,-443.75534,310.43054,104.634735,-443.53973,306.35736,104.71236,-443.67712,302.75818,104.70164,-443.71002,335.1367,107.99026,-322.83768,298.41632,108.22877,-322.50424,323.08942,124.471535,-414.41638,308.8132,125.37627,-414.6659,365.05853,163.08337,-237.34271,270.60327,163.78667,-232.93884,366.9565,240.04993,-325.4269,273.35986,237.3342,-325.66684,341.55402,245.46822,-514.14716,296.30252,243.6359,-532.62146,330.67188,250.3856,-559.30975,304.16296,247.00107,-581.42126,329.11176,237.53111,-562.5722,307.7521,234.05118,-582.3245,331.91174,234.35587,-519.79175,305.99377,232.36575,-537.1995,349.69232,266.0479,-3.615778,297.6786,268.29688,3.5338137,384.63617,350.27664,-180.6201,266.06305,354.84055,-127.44838,391.19415,425.06482,71.398315,263.0793,431.26477,92.91127,383.07544,433.73126,88.431465,269.1325,438.94763,106.84,410.6592,455.93835,-37.213745,242.57037,461.6578,-17.01135
image_37.jpg,324.61728,113.74495,-431.99628,330.87796,102.13999,-415.55814,334.5235,101.9621,-415.55548,337.34387,102.06317,-415.6354,318.91446,102.97909,-414.12338,315.35333,103.2544,-414.26282,311.87766,103.69977,-414.2976,344.4862,105.370346,-301.63007,309.21884,107.07496,-295.31757,332.81082,122.23544,-388.4314,317.5818,123.60762,-386.88632,376.47824,163.7722,-226.99265,282.71173,160.31825,-207.68909,376.4751,241.98846,-317.46967,281.89957,234.21704,-299.75375,347.29755,241.9893,-496.69427,297.63507,240.36838,-515.40173,334.6848,245.26892,-541.05414,305.10318,243.78192,-564.56,335.33798,232.00073,-544.0172,306.94455,231.40457,-567.48706,338.7878,229.23615,-501.83423,305.73785,229.41475,-521.3783,362.2255,269.91278,-7.22418,308.3759,270.65527,7.148828,388.99857,354.0612,-169.05235,268.7296,354.81055,-121.02605,389.56943,424.679,81.14014,260.86914,435.1435,89.91695,383.65112,433.43265,98.129684,267.1444,444.7999,102.89467,408.39267,454.44324,-20.899431,235.01198,465.31888,-15.855591
image_38.jpg,329.71805,109.06703,-469.34933,336.2514,97.09936,-460.2341,340.628,96.47005,-460.2478,344.22604,96.15772,-460.3537,323.52472,98.60841,-452.75192,320.01776,98.82745,-452.8996,317.24982,98.961624,-452.97366,351.8123,97.92425,-360.10748,315.5087,100.51074,-328.41058,338.6633,116.64761,-428.48325,323.69983,118.270386,-419.65332,384.104,156.01842,-289.4411,298.5896,144.36806,-202.39902,375.35538,237.79198,-318.09476,295.49603,211.13763,-233.04315,319.06107,238.11307,-388.34018,299.43692,234.90198,-409.8492,304.64844,238.03038,-422.35327,293.56317,243.7225,-448.9473,302.6264,226.54883,-427.06418,295.2737,230.40396,-466.9315,308.20746,224.43234,-390.55298,298.2279,226.42188,-422.25684,377.0929,252.03864,-24.80252,327.84192,249.79185,24.759825,382.99725,341.30573,-109.17932,280.185,333.3862,-83.61584,380.6395,427.4682,34.64065,262.3814,421.47452,70.72671,375.1105,438.24863,40.55577,270.31317,439.04395,77.62848,403.82098,454.16016,-88.26076,224.23221,438.25015,-42.05894
image_39.jpg,332.15784,116.68529,-462.896,336.754,105.03097,-460.11655,341.1801,103.92752,-460.1273,345.497,102.96246,-460.22964,326.80557,106.423256,-447.1158,323.9668,106.44872,-447.2326,321.30853,106.33208,-447.30923,354.0756,102.46423,-380.1164,321.21283,105.41678,-321.25116,341.14563,123.06357,-428.3839,329.0102,124.3225,-411.71756,387.4841,155.95502,-332.5135,311.92932,144.86513,-172.65771,373.21954,233.16472,-365.21875,303.8921,210.62526,-219.97527,309.9131,237.10019,-418.21896,291.73917,229.85815,-425.95667,295.0976,238.77382,-452.19934,284.5622,236.75128,-464.6738,293.68414,227.99838,-456.01062,283.6956,224.84087,-478.69458,298.9992,225.76498,-418.34088,288.40826,220.93686,-437.3039,388.83533,252.16255,-54.534645,343.3878,248.66524,54.536133,373.52216,343.46915,-158.47064,292.51907,315.18344,-17.420391,379.4057,429.10248,-20.920755,298.04065,389.58762,191.32913,382.63135,442.81387,-15.650607,308.0,402.08347,206.03922,369.99664,455.65674,-141.33032,266.08475,409.10132,125.25085
image_4.jpg,340.771,54.17294,-205.48979,342.27972,46.00479,-184.61185,344.08054,46.233932,-184.61943,345.81226,46.512066,-184.57765,335.31613,45.3586,-200.7822,332.01297,45.164223,-200.8107,328.41193,45.06207,-200.8738,342.59628,50.551773,-66.62595,319.1848,48.924236,-140.33362,342.42923,63.23549,-160.14603,334.21628,62.664528,-181.24417,352.31708,102.45848,52.14592,300.26874,100.76369,-154.58653,359.69128,164.03053,34.358574,314.155,167.51724,-167.71964,391.7241,158.53302,-152.0364,375.67096,163.08804,-153.08699,404.15164,157.51689,-185.9246,392.7548,162.04068,-171.88414,404.56628,145.14653,-201.83119,394.3673,150.28584,-175.32936,398.50528,144.54309,-165.93443,388.95233,150.32246,-150.8374,355.44266,231.19963,67.05271,322.01678,233.01143,-67.08753,359.89148,310.09344,110.339516,324.42957,317.05292,-19.073372,347.8034,384.83807,256.12164,296.6839,397.49353,127.269905,338.905,397.32776,265.22003,290.02353,406.2011,137.6082,374.13852,404.33173,193.3847,316.0762,425.67752,39.79817
image_40.jpg,328.1469,124.28264,-400.54916,332.9422,113.38434,-400.33328,336.86975,112.68465,-400.34515,340.6604,112.01495,-400.4679,323.30692,113.90997,-387.06955,320.8345,113.571365,-387.16794,318.57968,113.240974,-387.24362,348.67987,110.9959,-333.37213,319.84375,112.19862,-274.08115,336.75287,130.97519,-370.544,325.38437,131.66049,-353.80765,382.15762,162.58105,-308.64795,314.8117,147.4042,-134.75711,365.0043,241.06836,-332.18063,310.4061,209.96326,-162.7112,301.24268,241.64592,-359.78357,300.72147,232.32805,-334.2157,284.76508,243.6696,-390.98444,287.3358,240.43582,-365.14697,283.89102,234.1652,-391.90717,286.48462,231.5488,-383.09232,289.38086,232.48796,-358.4265,293.39032,227.66357,-346.4848,385.2309,256.222,-63.76317,344.6549,249.94707,63.789307,350.1239,341.87183,-143.43916,295.11847,308.35797,50.711933,374.78217,421.61996,-29.49445,321.19995,376.56265,268.4033,387.29224,434.9833,-23.510447,331.5835,389.82764,286.4591,349.88837,448.69342,-120.93293,283.88327,395.83972,236.6468
image_41.jpg,315.50208,135.13301,-374.7478,318.30682,124.13094,-375.8244,321.83014,123.04786,-375.8093,325.27725,122.08484,-375.89023,309.22034,126.26312,-361.57147,306.53333,126.64091,-361.70352,304.26047,126.98789,-361.77014,332.75632,121.91888,-314.677,305.83514,126.81617,-251.06017,324.51385,141.77826,-346.9235,314.32983,143.84021,-328.8878,365.5695,171.11092,-291.869,305.82755,163.21642,-104.48337,341.4728,248.68619,-278.28003,298.80402,228.32022,-135.3433,281.13412,241.02713,-277.44717,278.5313,233.3333,-316.19925,262.61563,239.66255,-298.27008,261.6477,233.44974,-342.94247,261.451,229.32864,-303.96024,258.283,226.61873,-356.68787,268.37857,228.80254,-276.7005,266.61237,226.29102,-326.26086,383.74863,261.7321,-71.73326,346.16287,258.73914,71.65804,332.7791,341.05145,-244.08441,295.77142,311.60495,77.049614,377.42206,421.42215,-178.61887,318.90906,381.43973,254.74892,399.9219,435.7549,-174.99123,328.37387,396.65152,270.0115,349.4269,453.39322,-260.0927,275.27612,401.1617,235.43173
image_42.jpg,299.59256,142.91364,-366.2393,303.16214,132.67015,-365.93512,306.94186,131.82933,-365.95688,310.81915,131.08087,-366.0565,295.3405,134.05084,-346.71237,293.5098,134.21506,-346.80997,291.72055,134.38855,-346.8507,321.1106,132.56577,-307.98068,297.1801,134.86267,-221.40582,309.9139,150.5351,-341.0067,300.7445,152.10245,-316.22046,353.31122,179.69785,-301.67615,307.3924,172.85503,-59.012753,317.48865,259.1433,-312.80972,311.58408,235.99466,27.64839,259.37317,233.1513,-303.92966,290.15594,233.66008,-3.2191715,242.77802,229.8842,-325.19928,290.83057,239.30818,-3.519962,242.10834,221.0679,-326.73273,287.21545,233.71425,-20.541029,247.16083,220.78386,-301.2496,290.99902,233.08603,-10.3106365,381.3289,277.26917,-86.21716,347.82333,272.72882,86.370865,324.51,346.7692,-236.63754,291.82812,310.876,94.70209,381.23093,423.41693,-183.92561,324.34418,374.77002,283.33246,399.08942,433.43475,-180.68358,332.16525,385.60266,300.3733,348.86383,454.05945,-261.061,278.1549,398.37228,276.0787
image_43.jpg,304.2655,144.13416,-351.01517,307.9877,133.9236,-349.76224,311.61304,133.16101,-349.75507,315.23108,132.53938,-349.84106,299.25433,135.84708,-332.11667,296.98218,136.28673,-332.19937,295.08356,136.70534,-332.23914,323.55774,134.43817,-291.08597,300.07825,137.3967,-211.79253,314.7499,151.53072,-325.7672,305.09515,153.16199,-303.11322,353.34393,181.24895,-284.89734,310.45422,174.60127,-57.120407,315.5908,253.15215,-289.46436,321.164,235.80545,48.299786,260.93564,229.67787,-284.71042,315.23175,247.5223,45.56392,246.06738,225.8148,-307.05145,313.94305,254.55453,48.417473,245.70236,216.60086,-306.9842,310.93115,249.40187,28.455465,250.31091,216.67105,-282.0898,312.72513,247.14197,38.350693,383.92462,273.39212,-83.76169,352.2912,270.05457,83.824905,323.89813,345.04822,-229.36537,292.28418,309.2026,112.96006,378.3852,418.75278,-182.20573,326.67084,371.33853,289.85474,398.8353,428.542,-178.5047,334.99,381.4187,306.2182,350.53433,452.03653,-249.71143,290.6425,391.34912,288.01898
image_44.jpg,307.71222,140.25984,-296.39984,311.8493,130.59277,-299.1668,315.2861,130.11275,-299.19202,318.837,129.65944,-299.2807,303.97647,131.36253,-279.7906,301.9936,131.3676,-279.8743,300.25244,131.35202,-279.90454,327.91095,131.94571,-257.4053,306.10315,132.587,-170.35074,316.821,147.62514,-277.50372,308.17856,148.45395,-252.547,358.17645,177.8978,-270.76562,312.61127,174.80807,-22.980011,319.45337,250.11166,-281.69366,306.48218,235.74753,-25.343,264.49603,225.29036,-260.46686,268.68454,219.96268,-176.01651,249.07448,221.5369,-281.0159,254.53656,215.65195,-192.95203,248.96777,213.07689,-283.4529,252.46817,209.47507,-206.25931,253.9759,213.04396,-257.9269,258.7533,210.55208,-185.94382,383.22595,273.3267,-83.20819,351.9353,269.4841,83.25802,329.2343,337.84906,-242.8248,290.8916,310.91583,123.00423,378.18744,418.04736,-186.09177,318.87277,372.80032,310.07266,394.39896,428.66174,-182.6464,329.8507,383.19098,327.03598,353.08688,452.26364,-261.931,278.04266,394.14886,307.7953
image_45.jpg,312.2491,140.68622,-329.73816,316.08438,130.86815,-330.67078,319.73206,130.31738,-330.68408,323.41132,129.83105,-330.77747,307.21066,131.9185,-310.86673,304.8742,132.01416,-310.95538,302.86633,132.0758,-310.9879,332.77106,132.04921,-279.8064,308.4384,132.5444,-191.31519,321.9621,147.89024,-307.34708,312.53568,148.88391,-282.01398,358.73502,178.86092,-283.22644,317.78317,170.38654,-29.490658,317.9559,247.76659,-297.35803,315.10623,228.73349,44.152485,265.71808,223.52417,-280.6587,292.3434,225.01843,0.19451366,252.18626,219.0736,-302.467,296.34637,232.91454,-0.13829577,252.16774,210.34683,-304.3393,286.2688,220.28012,-15.619149,256.36697,210.74133,-278.33426,295.15863,220.42958,-6.7529225,384.7835,272.2727,-88.49067,355.39307,266.8639,88.6359,333.61844,339.39554,-254.40567,293.13965,310.8711,106.07257,378.51575,421.4558,-216.6145,315.85327,374.54416,278.69598,395.69485,431.72766,-215.18692,327.67642,385.31543,293.6808,351.99643,453.8286,-300.54593,278.0992,396.261,267.27917
image_46.jpg,315.07492,137.94815,-317.41867,318.63446,127.36861,-317.26993,321.9072,126.56348,-317.2884,325.04135,125.94321,-317.38116,309.54715,129.64536,-299.59314,306.93646,130.1871,-299.67334,304.70358,130.61671,-299.70728,334.33356,128.35794,-264.0467,309.64072,130.93704,-185.4173,324.55948,144.72327,-294.15857,314.68915,147.17427,-271.697,361.74554,176.64488,-268.59283,316.67163,172.61084,-32.678055,324.3492,248.75009,-299.99377,318.9447,229.78673,24.375685,269.59805,224.8498,-310.8314,308.13968,230.74042,-31.682796,255.57198,220.65787,-336.50967,305.5805,232.73274,-34.231956,255.75214,211.96927,-335.4747,302.61844,226.78345,-49.287144,260.17148,212.27563,-308.49292,305.34247,226.15468,-38.771072,389.4112,270.7345,-82.709305,358.69446,265.5271,82.82372,339.46112,335.8196,-259.7659,295.24673,305.57422,90.63089,377.403,419.38947,-223.93309,317.26648,376.4241,245.72348,392.58774,432.5994,-222.36792,328.07095,388.6347,258.98145,348.62827,451.2536,-306.69916,279.4474,395.69202,227.33003
image_47.jpg,315.13608,132.8241,-323.95367,319.4357,122.909874,-322.5206,322.98526,122.12579,-322.52988,326.6359,121.55803,-322.62027,311.0159,124.39682,-303.58026,308.98938,124.605675,-303.64536,307.24805,124.78917,-303.68945,336.16656,125.045456,-269.50253,312.8252,126.32149,-183.93417,324.83618,140.28827,-301.34076,315.6354,141.8841,-276.82275,363.66043,173.96936,-274.91315,320.6087,166.4169,-32.14725,328.26245,242.37448,-314.2581,329.24933,226.77148,69.08938,269.50806,220.86682,-335.15875,331.28564,246.07639,64.85602,255.27115,217.18806,-365.0272,331.82358,254.31871,68.1701,255.14462,208.69357,-361.39655,330.1772,249.86752,46.561234,259.58936,208.75906,-332.60608,331.17438,246.9618,56.686806,390.93573,269.71716,-85.414246,361.22882,264.36575,85.522415,340.16263,334.511,-262.7097,295.84628,307.4991,87.404015,378.02475,420.96497,-233.58075,314.94595,376.96524,248.22441,393.21338,432.07736,-233.31842,325.5333,389.51007,261.82022,347.4325,451.39584,-326.7022,276.2005,393.02893,230.81519
image_48.jpg,319.41534,133.31459,-312.8666,323.0113,123.58921,-311.5805,326.3147,122.98972,-311.5935,329.68216,122.56019,-311.6786,314.92267,124.95658,-293.05127,312.95413,125.19751,-293.10883,311.1808,125.42427,-293.13916,338.5469,125.67457,-257.37326,316.47824,126.41693,-173.21867,328.44623,140.5313,-289.71173,319.56912,142.0036,-265.62567,364.9494,172.97781,-264.3918,322.36597,168.11644,-22.484966,328.4201,240.22588,-293.8142,332.25854,227.71382,83.03604,271.47067,218.25705,-302.02008,337.8706,245.92993,85.99468,257.1712,214.28375,-328.99658,339.31747,255.13347,89.862076,256.79697,205.75945,-327.22223,337.83203,250.27036,69.23012,261.41852,206.1164,-299.46237,338.3745,246.69034,78.51645,388.4042,271.16046,-86.574615,358.09747,266.70508,86.70744,340.1282,335.48465,-275.85327,293.84427,306.34763,107.0065,378.69904,421.90155,-256.45602,314.3379,375.59204,271.6573,393.07477,434.5836,-257.2044,324.68988,387.37286,285.45108,348.55014,453.2529,-351.97263,275.83176,393.2908,254.91577
image_49.jpg,320.97232,127.91831,-327.13867,324.97626,118.31291,-324.67462,328.39554,117.738304,-324.6887,331.6134,117.406395,-324.78073,316.2829,119.576385,-307.8322,314.0527,119.87035,-307.90778,312.1036,120.21486,-307.94824,339.34445,121.07553,-266.53247,315.50555,122.67471,-191.35815,329.81262,136.2757,-302.83658,319.93158,137.52673,-281.44955,366.66205,173.15611,-270.5718,316.3467,168.7434,-49.278923,327.02316,242.10715,-301.29788,326.92123,229.00558,-0.29450962,270.98996,219.58578,-310.58234,332.249,250.28406,-62.934643,257.47858,215.21338,-337.12292,333.13766,259.84695,-69.934685,256.83133,206.98683,-334.299,332.12805,254.1072,-87.167816,260.64478,207.42871,-307.4981,333.158,250.45647,-70.9467,387.25256,272.05896,-80.424194,354.97784,267.41763,80.46357,339.9812,335.10638,-283.958,294.91602,309.68997,122.62699,380.19547,421.5766,-251.3878,314.44177,376.28323,309.05063,395.27954,435.54776,-250.91205,326.55896,388.01855,324.9445,349.24258,455.2213,-346.7202,275.04065,401.79037,293.78845
image_5.jpg,340.13715,58.12666,-213.9103,342.30618,49.139973,-193.1871,344.21893,49.270264,-193.18239,346.1423,49.425446,-193.13652,335.0932,48.734936,-209.06924,331.7493,48.650894,-209.0953,328.28638,48.667187,-209.14676,343.9351,52.955,-73.30384,319.5465,52.27764,-145.4653,342.0086,66.78952,-167.64777,333.864,66.66772,-188.3306,352.20798,103.46849,49.288246,300.89938,101.92699,-161.57304,355.9355,164.51964,33.43145,314.1939,168.77818,-176.93228,386.29938,160.29831,-149.91934,376.566,163.60262,-160.63153,400.73328,159.31335,-182.3541,393.20938,162.3043,-179.54562,400.21722,146.62282,-197.82431,394.66028,150.669,-182.51129,393.31927,146.2823,-163.41275,389.66925,150.5678,-158.08676,354.40222,231.82597,69.01152,322.21387,234.31244,-69.06307,364.88928,307.4604,106.09352,322.75363,320.00577,-21.700134,350.0557,381.5431,248.71506,297.0432,400.14154,118.4713,341.31744,394.06866,257.8763,290.47684,410.55292,128.43286,379.3848,400.68658,189.47556,319.50833,427.85004,31.612082
image_50.jpg,322.13257,127.99959,-355.37024,326.09424,118.484314,-351.3425,329.47406,118.03835,-351.35532,332.50027,117.856,-351.43985,316.80264,119.724625,-335.4901,313.97537,119.946625,-335.58286,311.66193,120.17843,-335.62488,339.7625,121.27966,-285.13974,313.9761,122.40967,-214.42918,330.38965,135.9174,-328.08362,319.95438,137.19922,-307.94705,363.91998,171.99669,-286.2468,318.82147,166.09644,-59.452175,325.48856,240.96921,-320.10422,323.88593,226.34753,10.271729,270.68854,218.66286,-345.6636,321.00278,240.61629,-33.35238,255.91568,214.3086,-375.86502,319.78867,248.00514,-37.55531,255.2575,205.29886,-375.7747,317.30573,242.02132,-58.09398,259.77808,205.81042,-344.47583,319.10394,239.24344,-42.28221,389.90997,267.17572,-81.861206,358.87476,262.71494,81.97778,342.80957,334.10757,-260.06192,294.3184,308.2619,87.13472,380.13672,421.04953,-228.09955,316.4773,376.99844,255.39238,392.01993,433.49014,-228.3838,328.7715,388.50397,268.9135,349.41937,452.20728,-328.8473,277.6144,396.7614,230.27441
image_51.jpg,323.11356,120.65878,-315.99286,327.5327,111.20958,-296.50363,329.83704,111.47206,-296.62253,332.0656,111.74898,-296.74442,318.22076,109.30991,-314.6333,313.9409,108.456635,-314.68402,309.75818,107.94195,-314.67426,330.18512,114.22963,-182.2493,299.20187,111.230934,-260.3971,323.94196,130.63396,-271.36346,313.342,129.22832,-294.19666,326.3366,170.10123,-78.137,257.5036,163.8273,-272.87622,323.553,241.15277,-189.47672,292.4022,242.30634,-356.76337,355.005,221.01984,-418.38382,360.3024,217.78094,-394.50574,373.86642,214.55975,-457.3106,379.245,214.37946,-427.88934,374.03723,201.5299,-457.7143,375.64243,201.72633,-414.57092,362.64563,202.75511,-425.78772,369.6081,201.04764,-389.35672,272.9741,270.615,67.044846,233.37083,272.7838,-66.88759,340.0778,321.68106,-50.319458,289.22278,357.67017,-274.52866,319.24973,402.6565,153.24586,260.31216,449.4824,-186.1038,306.36404,417.1841,170.24008,244.94981,463.40817,-180.45999,352.65375,424.28082,107.5699,291.4765,483.20502,-285.7794
image_52.jpg,323.0525,119.217125,-341.78116,328.0104,110.44137,-319.5361,330.34467,110.878914,-319.61865,332.6532,111.33875,-319.69772,318.8612,108.395164,-338.00903,314.69,107.57654,-338.0884,310.74152,107.127426,-338.07724,330.1286,114.47173,-196.29083,300.60864,110.52904,-277.2424,322.79797,129.35626,-293.9895,312.61365,127.88987,-317.6858,326.22443,167.70384,-83.35891,259.45068,162.71783,-282.47504,324.05185,248.32678,-151.082,289.71378,243.42296,-351.5807,301.76263,248.30762,-322.7434,359.58875,224.5547,-374.8404,295.44653,251.97733,-354.8664,379.39407,219.88486,-407.646,293.771,239.79413,-354.2707,379.17303,209.50488,-396.26074,293.59717,238.28477,-326.42026,373.52057,209.05249,-369.63983,273.10846,270.66025,67.55784,233.72464,271.7648,-67.453514,340.44025,321.7724,-36.014088,288.36926,355.6647,-292.88373,319.73132,402.0707,186.13731,259.7602,451.01846,-183.51839,307.48135,417.88318,204.59476,246.30043,464.28156,-176.85788,354.77997,423.5055,137.07764,287.82263,481.29297,-291.01474
image_53.jpg,325.0829,120.67381,-305.07257,329.6624,110.89515,-284.61346,331.99628,111.2935,-284.7309,334.23996,111.66126,-284.86316,320.84048,109.01201,-305.14703,316.42145,108.08603,-305.19382,312.1855,107.412544,-305.19098,331.38412,114.25382,-167.19481,300.9688,110.22022,-257.22546,324.8413,130.50764,-258.619,314.71997,129.34972,-284.8397,327.57654,166.916,-37.689716,260.06476,164.14178,-271.50354,331.0857,231.23506,-80.98862,275.2962,247.65276,-332.15543,380.65002,234.97937,-285.92017,341.2964,249.88168,-382.45593,393.21826,242.08025,-320.57,365.61188,254.05838,-420.5833,398.7732,231.95845,-340.3847,375.72852,234.55809,-417.35138,392.81897,229.2379,-301.0483,369.06387,233.60808,-381.2345,278.31122,271.43127,75.236755,237.09077,271.52594,-75.13648,341.30164,324.70917,7.9028025,289.48608,355.59482,-283.99768,318.83618,401.69867,193.67035,262.77667,448.89725,-244.31882,308.3242,414.31216,207.8742,247.1048,462.8207,-244.86543,355.39368,422.8552,147.7702,289.88843,480.77493,-360.94943
image_54.jpg,325.89386,121.81506,-293.9288,329.98907,112.29265,-278.11404,331.9381,112.53518,-278.20062,333.8855,112.72798,-278.3289,321.75928,110.34655,-293.75705,317.56842,109.35114,-293.8046,313.47348,108.72744,-293.80194,330.66473,114.49861,-181.41812,302.43893,111.51051,-250.12556,325.29297,131.3013,-254.88452,316.0867,130.52768,-274.7966,326.91718,166.3028,-50.910446,260.24985,164.10999,-270.71378,333.67874,231.82108,1.9161075,261.13654,251.21024,-305.49326,388.28854,257.9498,-79.44525,314.03058,301.03375,-328.71063,403.2094,269.03625,-94.02343,324.1383,317.57562,-360.27234,406.97394,266.1666,-122.00943,332.44675,312.38852,-361.48248,402.51422,262.92496,-93.81906,329.213,305.02338,-328.6927,275.68152,272.81097,75.0729,237.7196,274.41034,-75.06792,342.88763,327.14624,7.342649,292.13684,355.96005,-203.10373,321.2807,400.21033,159.49597,259.98166,448.4587,-138.72302,310.38644,411.1507,171.51782,244.93002,461.67346,-133.5186,356.8158,423.3398,134.39594,287.77054,483.06277,-203.94653
image_55.jpg,326.47937,119.45575,-368.93146,330.30438,110.909,-344.24384,332.77042,111.50678,-344.3085,335.17307,112.08864,-344.36765,321.42108,108.695595,-362.8035,317.29965,107.83949,-362.86545,312.88928,107.13926,-362.92477,331.95038,114.89144,-218.54276,302.31976,109.64926,-302.49252,326.77924,129.41089,-321.4301,317.23758,127.41344,-345.7753,327.01755,167.84222,-69.85846,263.94897,165.44144,-304.76978,329.80453,228.922,-6.3822775,247.13188,253.1769,-339.06796,353.1861,274.83423,-87.01323,247.10352,330.25385,-393.07654,363.34326,289.23517,-102.36149,242.28583,354.06342,-432.57483,364.77737,286.9817,-133.91342,248.91464,356.21103,-447.07187,360.42145,282.99203,-102.7381,252.99355,348.22592,-399.34222,285.3854,279.15488,84.41495,248.40381,280.111,-84.53144,344.41187,326.58414,-1.5681067,290.20932,360.98883,-207.50291,319.7782,403.02966,173.78456,261.89886,447.65836,-86.8047,310.76334,416.8649,186.41385,249.9495,460.349,-79.43594,362.8167,419.03125,123.158806,289.73044,479.5297,-189.33104
image_56.jpg,330.4358,125.68948,-344.6797,334.63284,116.8188,-321.3406,337.03082,117.315285,-321.40247,339.16043,117.80192,-321.44748,326.2591,114.44471,-342.99237,322.3025,113.19855,-343.07675,318.1709,112.133545,-343.15625,335.12067,118.99787,-197.58545,306.75983,112.53299,-296.03387,330.2014,134.549,-297.5103,320.88373,132.37161,-326.11414,330.41733,166.78862,-56.30597,265.0142,165.4737,-303.65195,327.37457,224.93044,21.093597,236.40189,245.18774,-348.54825,332.02792,277.89703,-23.15723,216.29312,326.2555,-393.17792,335.18344,293.35165,-29.545095,209.26277,350.3112,-430.72678,332.95618,294.7454,-55.797043,216.1367,351.1054,-442.70084,330.72083,289.08875,-35.849476,219.46246,345.3978,-398.78558,288.5264,280.0717,83.9899,251.45999,284.03738,-84.05593,345.99866,325.6936,-4.3945127,292.1092,361.117,-273.54822,318.7107,402.1661,183.74292,265.25775,450.78427,-169.30238,307.6517,413.3712,198.2147,249.49821,462.96967,-163.80453,355.19986,423.31494,139.98465,290.7345,481.12674,-283.02365
image_57.jpg,330.80615,123.23675,-332.12732,334.59976,114.36135,-308.64816,336.80722,114.88727,-308.70148,338.8935,115.453064,-308.73712,326.39996,112.12985,-330.48712,322.38647,111.088715,-330.5702,318.21835,110.17705,-330.64865,335.18597,117.475746,-186.6153,307.36334,111.43328,-285.81995,330.50003,132.17192,-285.673,321.22348,130.21112,-314.48334,329.65286,166.81523,-46.029972,267.42444,164.86235,-299.90576,324.1447,224.79935,29.209026,239.68582,239.64355,-348.84784,330.75018,277.07428,-17.894768,225.73386,321.54715,-391.78827,334.57306,293.9753,-24.263323,217.9583,349.96136,-429.24548,333.9116,294.57364,-49.8595,225.69315,350.10468,-438.54443,331.43307,288.56448,-30.558971,229.52927,343.1352,-396.05624,291.487,281.41852,84.60773,255.05627,285.67133,-84.68583,345.68982,326.6641,3.349504,293.45975,361.84543,-255.09222,320.43396,399.86444,200.48541,265.45123,446.95407,-137.84196,309.2361,411.40482,216.08116,249.50803,460.00577,-130.80962,356.92505,421.68353,160.39381,290.2576,480.42703,-244.9251
image_58.jpg,330.01828,123.78775,-363.19708,334.0182,115.41029,-340.2489,336.18597,115.8883,-340.3201,338.28552,116.35687,-340.4053,325.7101,112.70956,-358.935,321.57593,111.32443,-358.98697,317.13242,110.02309,-359.02402,334.1325,117.800476,-217.92401,305.39578,110.75486,-302.5162,329.02286,132.78522,-316.02267,319.64523,130.73683,-340.62283,324.28436,166.97264,-67.89517,264.75192,166.08926,-306.13855,332.6538,232.22534,-10.170302,252.08961,255.4903,-339.6162,360.06332,285.3178,-96.50989,262.61084,331.95346,-390.85278,369.52313,296.93448,-111.657684,264.79022,356.2869,-429.83594,370.86642,295.50613,-143.83711,273.99805,354.54413,-442.10953,366.36237,292.52972,-112.86034,275.4479,347.1142,-395.99005,279.55115,277.05276,82.660995,242.2291,279.3453,-82.74364,343.12485,324.59296,-12.847965,287.49722,364.0722,-211.4082,315.50354,405.07074,156.08621,260.563,449.18777,-106.81461,305.3114,418.77643,168.07181,247.87067,463.26205,-101.06179,363.06616,423.2503,105.89199,287.55887,478.67548,-212.76306
image_59.jpg,328.70374,122.91019,-329.9797,332.57553,113.5113,-311.4654,334.56696,113.68641,-311.5654,336.54117,113.81574,-311.71002,324.05093,111.620766,-329.9265,320.0207,110.69239,-329.9831,315.9827,110.07173,-329.98358,333.09695,115.44419,-205.01396,305.09586,112.21993,-285.81485,327.82806,132.02687,-287.44705,318.55707,131.2992,-310.86935,328.64606,167.89018,-65.09847,262.10767,165.33534,-306.11484,343.73053,233.91226,-8.297357,273.92816,253.6534,-342.15652,398.40698,268.99838,-92.10733,333.67847,312.14832,-365.84125,414.4085,279.15198,-107.846405,342.17004,327.3313,-402.58182,418.60367,277.5005,-141.09412,351.31607,322.17932,-402.56555,410.95624,274.49487,-108.828575,349.31036,316.8289,-365.73483,274.9956,270.67926,79.866135,237.94313,272.11124,-79.85796,341.66507,330.19073,17.3869,289.09113,356.56082,-220.45816,319.1396,404.41556,202.03477,259.70157,448.65863,-126.583694,310.25397,416.75955,217.01498,245.82837,461.86414,-119.14581,355.86838,423.82874,174.07861,285.7323,483.65753,-198.16898
image_6.jpg,344.98755,57.18624,-218.03687,346.9381,49.364204,-197.19232,348.82074,49.649563,-197.19098,350.63687,49.943604,-197.14554,339.4548,48.504898,-213.5816,336.23114,48.20818,-213.604,332.79758,47.99177,-213.6607,348.38824,53.96839,-77.66738,324.32806,51.267944,-153.49979,346.75256,65.71252,-172.10416,338.54324,65.25371,-193.87894,359.61636,104.12388,39.432987,302.00983,101.765945,-161.32208,362.7213,164.18759,17.036346,317.0093,166.90875,-180.39178,393.33783,156.40434,-180.70267,377.47394,162.14737,-178.96735,404.39468,156.55621,-215.68286,393.76202,160.27855,-199.33778,405.52768,144.1216,-233.35324,395.30676,149.47157,-203.31964,399.58203,143.56668,-195.35565,390.23975,149.71843,-177.03702,360.11478,226.48021,62.1143,323.13733,228.1231,-62.149464,369.2611,305.7006,122.19443,325.7706,313.3307,-52.124092,353.30338,374.8234,301.37463,295.93878,396.41806,52.623207,344.87018,385.3505,314.05396,286.90527,406.91168,58.349205,382.2456,392.05554,245.61398,314.35992,422.74435,-46.876072
image_60.jpg,325.44574,125.54612,-291.26544,330.24713,115.95025,-271.91125,332.45224,116.32043,-272.0342,334.65543,116.71456,-272.1885,321.70734,113.791954,-289.4494,317.6099,112.83209,-289.48193,313.6663,112.18838,-289.48065,332.2527,118.37165,-165.43153,302.66125,114.443275,-241.72427,324.64542,135.36815,-249.16754,315.1231,134.19502,-271.4212,331.14313,169.1107,-56.4328,259.72903,166.92924,-258.9349,347.22958,232.92621,-83.48836,286.02222,247.85611,-311.74045,406.16486,244.86354,-226.58261,359.96274,255.1302,-338.12225,423.39612,246.29144,-251.78345,388.16583,259.702,-371.61655,425.27606,237.77718,-270.70148,389.9862,242.25595,-363.21164,418.80493,236.75922,-238.96542,383.6031,240.23898,-334.9737,278.3593,273.566,62.515327,237.04788,275.45514,-62.38689,342.18146,326.1107,-60.92624,286.99017,359.1126,-254.24026,317.60016,402.31992,121.65414,261.4511,446.03787,-174.73412,306.26324,416.4679,136.31992,251.87059,454.1952,-170.90067,354.2259,425.656,79.38678,293.01572,484.14252,-270.3312
image_61.jpg,322.29886,127.0267,-341.79523,327.76532,117.63535,-321.48972,330.1712,118.13579,-321.6134,332.48843,118.5962,-321.76074,318.25375,115.0357,-338.23117,313.92694,113.955215,-338.27612,309.787,113.27756,-338.27106,330.5185,120.76625,-204.91833,299.16785,116.121666,-276.67905,321.9984,136.9887,-296.03912,311.68494,135.44946,-317.01358,328.87885,174.38744,-102.470505,255.80267,167.80388,-286.21494,337.7802,239.72206,-212.45493,294.2267,251.16708,-375.78546,382.53006,229.88634,-418.00165,371.19562,235.69408,-416.0149,398.45898,226.05653,-455.41672,397.22577,233.37885,-452.71957,399.9615,214.12546,-458.16797,396.79456,220.00876,-435.19635,393.44733,214.678,-425.50204,389.461,219.09818,-409.94623,277.47592,274.4712,60.09825,234.89519,275.28888,-59.926678,343.86115,325.5998,-102.849655,284.17828,355.17004,-314.08124,317.95514,405.35565,104.40587,261.9774,449.9662,-205.78717,304.5741,418.28772,121.165634,254.24817,457.09814,-199.27612,354.73053,428.10217,46.782074,286.12613,482.96973,-315.60367
image_62.jpg,311.31964,125.64439,-366.75504,316.6217,114.617546,-346.10736,319.21292,114.74842,-346.2224,321.70935,114.90502,-346.36673,306.59964,113.48504,-362.24808,301.90533,112.69994,-362.3,297.6106,111.98881,-362.30835,320.59406,117.288025,-224.9742,287.26953,113.98145,-294.3412,313.19553,135.35118,-319.4941,301.92325,133.43738,-339.7484,326.03336,169.66653,-110.819176,247.66563,171.02289,-294.73285,336.44376,237.01704,-215.29738,279.40186,255.05782,-379.19464,369.24136,232.95915,-443.63873,352.67737,237.17151,-438.81897,389.6953,230.25525,-485.27496,373.23767,236.8336,-477.91364,389.36008,218.65102,-491.4674,375.12512,221.35492,-466.2928,379.4394,217.68707,-453.3289,366.68378,220.41791,-435.0977,282.0908,276.1784,61.467968,236.73521,278.3621,-61.342567,344.21933,329.82925,-57.256233,280.85913,360.4151,-327.9196,320.60458,407.19696,173.12071,257.5627,454.12994,-234.04776,307.424,421.27942,191.38869,249.58716,462.37256,-229.95314,357.58667,431.05258,117.71292,285.9775,488.17776,-356.7534
image_63.jpg,297.6366,117.02365,-409.94083,303.85925,108.025345,-387.9506,307.34467,108.6137,-388.0531,310.63687,109.19473,-388.17297,292.66302,106.11713,-401.36932,287.615,105.31135,-401.43134,283.19583,104.688866,-401.45715,312.67014,113.460205,-252.23457,274.8104,107.48487,-309.7187,300.6325,128.27655,-356.8507,287.7634,126.7405,-373.74036,321.32135,166.28915,-125.08659,238.53476,169.34637,-280.36884,329.0132,246.05334,-206.7914,257.9032,256.14575,-334.31186,337.68573,246.38966,-428.65668,328.94586,241.79051,-403.55243,354.2752,247.28705,-474.03644,348.4851,243.6466,-439.47076,361.72958,228.28448,-483.02582,348.3368,229.59212,-435.89615,339.6056,237.89182,-438.49503,341.59848,228.18155,-401.474,287.49365,273.77145,62.26647,238.9872,277.05917,-62.18222,349.94534,331.09808,-45.04597,279.56616,365.47128,-231.58377,341.74515,415.23978,174.03526,254.9301,455.06653,-108.003815,330.08856,429.88928,190.43692,244.30098,462.8636,-101.24073,379.2905,439.46262,99.689224,275.27417,488.55612,-236.21198
image_64.jpg,299.1337,115.883575,-421.18494,304.87823,106.07672,-400.89496,308.27692,106.62694,-400.9955,311.64523,107.18814,-401.11993,293.90265,104.3419,-410.72485,289.25876,103.71772,-410.80505,284.6485,103.21518,-410.84152,314.14618,111.30009,-266.4221,275.51215,106.82036,-308.38947,303.09503,127.09711,-368.29816,290.38028,125.761826,-380.78363,328.17285,162.44482,-143.0932,240.9725,167.91678,-256.26022,333.57056,232.45844,-226.0956,250.35175,254.58163,-332.91992,343.62485,242.56702,-463.94046,316.57947,242.02174,-459.5737,354.66052,243.48367,-510.62927,337.90186,243.81624,-500.26303,357.47147,229.92549,-522.24023,337.5144,230.01384,-496.0953,352.37277,227.1412,-475.24762,330.37946,228.57558,-458.35724,298.0339,270.7712,45.784794,247.75748,275.59363,-45.758747,363.54254,332.54544,-124.837814,275.37128,367.38217,-231.44904,377.43863,425.5785,47.74027,252.11636,455.0338,-111.62921,368.17908,441.42517,58.56858,244.38719,462.11392,-105.4338,416.96082,450.00592,-51.095703,275.09027,488.33563,-248.38065
image_65.jpg,307.1998,115.59275,-494.75186,314.1769,103.95192,-477.7508,317.62717,104.1063,-477.79382,321.41537,104.300476,-477.9047,300.93637,103.501595,-479.6434,296.3451,103.446236,-479.78073,291.99097,103.49988,-479.81143,327.65305,107.14482,-346.77432,286.79944,106.81041,-355.52264,314.2807,125.13315,-443.38596,298.315,125.896065,-446.36063,353.83823,163.41516,-240.05461,255.288,164.60559,-262.45148,344.38806,242.44688,-343.692,256.16394,246.99417,-363.66382,320.48282,247.11058,-570.0247,274.9511,243.78833,-582.92755,308.17447,252.50319,-621.2368,282.76782,245.64162,-633.9682,310.42957,239.06184,-622.62024,285.08337,231.19632,-636.4564,312.99338,235.40547,-575.745,283.39072,229.63301,-588.01917,329.5185,263.3125,16.959103,276.81546,267.1196,-17.040308,374.55783,342.59027,-177.51747,272.128,357.0798,-170.73633,383.30957,435.22064,15.30418,249.48662,453.3477,-10.933499,373.4845,449.10986,26.542732,245.9068,463.9617,-3.6646354,408.8138,463.32666,-110.28947,266.33194,489.6571,-161.93033
image_66.jpg,313.3518,116.664276,-521.8505,318.41943,103.74094,-516.1605,322.2768,102.98842,-516.1573,325.44495,102.46622,-516.253,306.79852,104.87284,-507.31326,303.26968,104.8858,-507.46747,300.42905,104.84351,-507.55194,334.24222,102.95203,-419.86893,298.92755,105.39239,-381.8686,321.54144,124.40202,-480.92365,308.58945,125.68206,-470.31586,368.54886,158.5643,-355.60236,285.11395,147.73198,-232.07407,349.9896,236.31467,-392.59546,281.18152,215.99841,-281.71207,280.49475,239.12091,-468.21075,265.57965,227.15996,-491.49152,260.66336,240.64757,-508.21124,249.98041,236.7032,-535.3004,260.48346,228.0474,-514.2291,260.83252,226.31583,-551.91864,266.38068,226.17337,-470.45135,256.14975,221.15785,-503.91574,374.1884,247.91116,-35.45612,324.1853,248.67017,35.42842,368.11182,347.79858,-166.20978,274.67667,333.11356,-89.91184,376.67078,441.29306,-33.640823,257.88986,425.06274,55.225445,375.8142,451.58994,-30.052113,267.12128,440.58054,61.53459,374.98184,472.3835,-168.48497,225.84679,449.74286,-51.71678
image_67.jpg,315.04794,117.85577,-451.25104,319.7099,105.64652,-450.15564,323.46265,104.495834,-450.19293,327.10236,103.411476,-450.31555,308.47424,107.650055,-434.13638,305.62274,107.729485,-434.24622,303.2948,107.71813,-434.3319,335.13483,104.1285,-383.25656,304.8432,108.94824,-309.4565,324.08005,124.28222,-421.56277,311.84314,126.9336,-400.35706,373.19485,157.4968,-366.21344,302.86115,153.49423,-147.76077,348.32413,240.31783,-412.95605,290.34,222.7991,-119.00429,275.22437,241.57053,-473.42798,246.47845,231.48767,-252.7044,251.34357,241.96953,-514.3522,230.8864,237.15747,-279.39337,253.51767,233.99771,-520.06213,226.62228,229.33038,-311.29108,261.00644,231.25293,-475.90057,233.51915,226.3626,-270.72803,390.70297,260.1524,-67.85647,345.34283,255.30661,67.88434,359.48303,349.48422,-246.91795,294.97116,321.06995,-34.82792,372.03336,438.738,-145.35669,305.9699,400.9058,140.64322,378.86487,451.159,-142.64116,318.12714,418.56583,152.60077,348.9806,470.80615,-268.28,266.31375,423.31204,77.171104
image_68.jpg,309.15894,117.59131,-388.27588,314.09833,105.56573,-385.86066,318.12616,104.439026,-385.86755,321.97083,103.56004,-385.9292,304.56793,108.39546,-370.14264,302.17258,108.96945,-370.2307,300.1861,109.35741,-370.28558,332.41333,105.99776,-327.3853,304.60736,111.26481,-260.30722,319.3443,124.39437,-363.77136,308.446,127.625916,-344.2074,366.57306,161.51851,-336.53003,315.28516,158.36313,-88.33405,376.4102,245.13814,-331.69858,311.2726,224.19238,5.0778646,329.05103,305.22998,-348.70953,264.5807,264.28812,-46.426968,323.8062,324.246,-378.04865,252.44391,273.86237,-48.16031,315.3208,322.39682,-388.3499,248.25671,272.61398,-78.41402,315.882,315.5168,-350.4623,253.77927,270.05136,-59.33788,397.1207,267.04044,-78.61186,364.94684,258.20016,78.470505,329.80908,343.72272,-193.80167,310.19574,323.14334,115.00767,366.98856,432.8145,-140.2527,353.0579,393.97833,274.98648,382.2091,448.6075,-137.78526,365.09857,399.69934,289.00476,331.89316,460.00504,-201.49773,325.38882,413.88495,277.55786
image_69.jpg,304.80252,127.53728,-311.6878,307.27084,116.49928,-308.03168,310.921,115.25262,-308.05835,314.55856,114.13203,-308.13635,299.9581,118.83913,-289.3942,298.266,119.25077,-289.3981,296.6344,119.66237,-289.4038,325.3595,114.10572,-255.59221,302.57056,119.23611,-171.98875,316.0718,133.1377,-290.44315,307.0288,135.89183,-266.20053,358.26443,159.6639,-266.6089,323.77673,161.29622,-16.00596,392.0551,230.99641,-272.3596,345.60577,223.66837,65.41482,408.37732,306.03998,-304.55093,329.69403,270.8483,11.410624,417.49908,324.0461,-335.7237,322.05203,285.58334,14.735799,407.59213,328.67908,-344.81918,317.3904,285.7371,-20.149506,402.10907,322.49075,-307.19662,321.6526,281.17862,-3.2168455,391.70874,274.6598,-88.19125,367.62357,269.19263,88.18123,332.96176,334.6018,-184.25414,324.8042,311.64322,148.46663,366.80988,432.75317,-121.86749,344.80182,377.11194,302.7985,381.42682,447.3684,-118.902504,360.08765,396.97473,315.80655,329.17743,455.76294,-186.59239,320.07867,404.8117,296.24707
image_7.jpg,349.07138,67.64368,-234.7385,352.7109,58.047737,-214.1818,354.632,58.27894,-214.1916,356.46487,58.505558,-214.17177,345.48508,56.982994,-229.59413,342.213,56.58075,-229.61478,338.96924,56.250416,-229.6976,355.57086,61.202118,-91.177444,331.01688,58.566784,-161.16025,351.13818,76.1483,-186.74751,342.46793,75.246605,-206.95006,364.98715,111.16905,26.46472,305.71796,106.15804,-165.11972,372.6059,170.42378,-4.7445726,319.33414,170.8835,-194.84412,398.24356,167.08128,-213.00693,381.70078,163.63507,-204.00633,407.92438,164.18901,-251.50629,397.3553,162.90265,-226.29575,408.59146,150.52103,-265.2943,398.85156,150.69331,-229.74237,403.43542,151.07509,-226.20909,394.00586,151.001,-201.98845,361.43765,232.89769,58.92418,325.36728,234.55745,-58.968372,375.6781,309.77548,75.32395,325.6176,319.6412,-53.727566,350.41876,375.70932,299.24707,296.8512,399.3824,84.677895,342.42645,383.3814,317.29282,291.83966,409.02722,94.374,380.9073,398.9069,249.73296,316.89795,424.9577,-14.2386
image_70.jpg,307.98022,127.40227,-291.6793,309.53918,116.59932,-290.55408,312.57162,115.43531,-290.58487,315.98325,114.29198,-290.6698,303.7409,118.62764,-267.8829,302.5193,118.8809,-267.8648,301.31372,119.14205,-267.89203,327.307,113.68054,-250.51962,308.8831,118.19017,-148.51735,319.2084,132.65088,-275.05588,311.96414,134.46292,-245.3291,356.5061,158.92801,-272.44028,344.5654,157.38092,3.35249,385.40958,231.62297,-292.75436,369.27808,223.47324,65.70098,399.62833,305.43448,-305.95724,381.8338,282.31213,6.2208185,408.04706,320.1073,-339.9724,383.43878,300.19125,11.0355015,399.29227,323.7179,-338.45233,379.00784,302.49927,-22.625998,394.67474,318.0486,-304.5868,381.1847,296.41675,-7.7310133,389.42206,275.72363,-94.53148,378.60486,270.764,94.57722,330.4204,336.2638,-173.41875,323.9529,310.70026,99.97948,368.37372,431.721,-126.99225,345.92627,382.7226,240.87045,383.0605,447.75323,-125.93463,361.06815,402.565,253.24709,326.85123,453.77466,-188.81656,316.47632,417.6183,238.3562
image_71.jpg,313.4926,123.56398,-290.3561,317.0782,112.54958,-288.40295,320.46536,111.59284,-288.39758,324.19705,110.60708,-288.4367,309.98294,114.794785,-270.85767,308.55084,115.18371,-270.91425,307.2843,115.484634,-270.9393,336.0318,112.57916,-242.45718,316.40512,115.39699,-166.96402,324.8105,130.57541,-271.44406,316.3521,133.01385,-249.40445,364.64447,167.2478,-267.19775,335.12772,156.50928,-24.407389,365.2348,252.59253,-255.09247,345.9132,223.38023,41.755527,341.75287,310.39563,-221.3794,328.88464,273.42383,-6.15384,338.59247,324.02808,-240.59471,323.29218,284.25873,-7.646591,333.3874,321.63745,-242.95387,322.5208,283.88867,-31.014574,333.5358,315.45612,-220.07791,324.60583,282.13382,-16.76749,405.60284,267.03528,-79.55424,380.44785,256.601,79.39013,336.5118,335.76627,-135.726,310.3198,318.88617,61.306465,365.7246,427.5446,-58.816048,346.15497,386.93457,178.80862,380.7991,442.94513,-51.7582,350.5874,387.11893,189.6187,328.12625,452.1511,-75.61827,315.19714,406.00317,194.0216
image_72.jpg,320.74557,124.612946,-247.37288,324.80164,113.698524,-246.62843,328.49634,112.81577,-246.65114,332.14938,112.04109,-246.67696,316.59274,115.94569,-228.42853,314.70108,116.42142,-228.4892,313.03024,116.8055,-228.51091,342.5193,114.467514,-207.03079,320.73013,117.393555,-127.616234,331.62872,132.10983,-231.1355,322.4909,134.22502,-208.03839,366.69083,166.85312,-248.55898,336.5127,160.6232,11.660415,336.59937,238.63058,-257.5076,332.16583,227.76389,71.37313,278.35675,275.0803,-247.94814,288.57266,263.38583,2.5104175,265.72635,291.12927,-275.2126,279.56973,277.00073,-3.5072496,258.95172,284.51254,-274.07874,274.22595,271.40836,-31.607134,265.07794,277.2441,-245.90645,278.2519,266.89334,-11.525044,408.46146,270.50497,-80.359,378.83588,262.6486,80.25857,339.06284,335.48483,-192.02875,316.98044,301.53033,56.94269,367.35995,430.70468,-129.12408,345.605,379.52115,169.63075,382.1309,446.7883,-124.61777,357.5586,389.74472,178.82455,329.3445,452.91864,-177.89856,316.69763,407.62234,160.92249
image_73.jpg,322.87674,122.7733,-252.5712,326.61862,112.689644,-250.91682,329.70886,111.734436,-250.94342,333.14694,110.81889,-251.01883,321.17398,114.90579,-230.85663,320.18164,115.399536,-230.91388,319.23245,115.77893,-230.95029,345.3581,114.18336,-207.42355,327.42645,117.37646,-117.80325,332.05066,130.2989,-234.71088,325.38193,132.14557,-208.7532,365.83887,166.91266,-237.81648,342.7561,164.70457,23.97779,324.8836,232.13312,-258.8618,327.34204,228.1469,78.43456,258.5877,220.43263,-265.81976,269.54214,223.89929,-11.587135,242.41766,220.78528,-296.25958,252.17459,223.52861,-20.318796,240.42183,213.99315,-293.59525,246.26122,218.33238,-45.624012,245.75162,213.27226,-263.61133,253.82251,218.04564,-25.382866,407.55518,274.28946,-86.97114,380.312,266.26083,87.00011,334.2117,329.46686,-276.88174,317.26465,300.13043,162.47992,366.23065,433.0283,-269.56506,344.33643,368.2831,330.51727,382.27292,448.74854,-270.53473,355.7171,377.0571,345.69867,327.15884,457.25064,-352.28278,317.51376,391.66696,331.32776
image_74.jpg,322.13864,123.0442,-218.4978,326.67236,113.75975,-220.07892,330.0475,112.85431,-220.09584,333.60645,111.989296,-220.15167,320.55798,115.2818,-199.29384,319.36264,115.44633,-199.34741,318.2806,115.53906,-199.38814,345.53162,114.6037,-188.51428,327.3211,116.53599,-96.66335,332.20563,131.2984,-204.85594,325.24707,132.32816,-178.23074,365.77805,167.60968,-225.32379,343.27887,161.64738,37.945248,322.6407,229.82082,-245.5179,321.19644,221.78358,70.4419,262.82617,202.5873,-232.07655,270.6567,202.97061,-31.129282,247.50916,196.94756,-254.75879,252.74097,195.55641,-38.462482,248.71642,188.94691,-251.63214,252.03882,189.61671,-54.679214,253.436,189.68652,-228.70447,258.91324,191.20496,-41.48404,407.37076,275.05466,-84.90245,381.63635,264.40112,84.88509,333.8014,327.634,-254.9036,316.6495,297.39703,164.54665,364.9923,432.02505,-255.60944,343.95673,370.61987,321.67712,379.59125,445.9282,-256.7209,355.5271,380.0497,336.37164,326.22034,455.77936,-328.172,306.56888,389.31738,327.45206
image_75.jpg,319.97266,126.11046,-210.9915,323.55698,116.1556,-214.04922,326.6209,115.15835,-214.05792,330.13028,114.040405,-214.1051,318.2155,117.819275,-194.03471,317.16016,118.040855,-194.0976,316.17548,118.239456,-194.14755,343.8922,115.492355,-188.8493,326.41547,118.6496,-100.71956,329.47748,133.73233,-199.61761,323.5592,134.96924,-174.0409,364.32986,169.15132,-223.99084,342.60724,162.02463,24.539639,324.65817,232.426,-246.81949,324.0454,223.36604,42.621582,268.3286,206.54605,-234.31454,276.8146,205.19783,-71.16282,252.9933,199.19186,-255.20338,260.52725,196.28964,-80.04376,254.1062,191.69012,-250.12433,259.30893,190.6058,-91.759575,258.68484,192.98698,-230.08282,265.2916,193.18109,-79.79207,406.6045,275.84238,-80.46466,382.1835,265.203,80.423615,333.48285,333.99066,-222.03592,317.00336,300.8121,137.38142,366.0625,434.8298,-217.10062,344.48825,374.0491,285.13025,379.69293,448.82108,-217.43332,356.24695,382.45193,299.2613,325.71875,457.78064,-273.31335,318.7826,400.85614,299.93842
image_76.jpg,346.2712,73.95354,-159.10281,349.8352,63.062424,-172.68555,352.32877,61.877388,-172.7402,355.4035,60.62818,-172.78593,346.58936,64.667175,-146.76703,346.13052,64.77735,-146.74869,345.65045,64.802185,-146.75989,370.51422,60.947056,-184.43622,357.2496,64.68972,-70.28103,354.61884,81.54133,-159.82288,349.86,82.94861,-126.6557,390.20398,109.51933,-245.68755,377.52283,116.290726,43.73381,377.0017,188.64722,-276.78607,370.8449,187.12431,68.702095,354.82666,257.30844,-237.98393,357.69772,246.63466,6.143654,351.43344,279.07803,-264.58087,353.49078,263.54294,1.8583382,346.3825,277.0187,-260.55615,353.06604,262.45358,-25.915932,347.41818,271.23337,-233.94713,353.63553,259.12726,-8.153649,373.10272,247.48303,-84.93411,370.1668,246.2849,84.90146,359.72733,343.7469,-36.91461,367.7096,331.48032,139.05382,372.94025,433.73224,39.28204,384.669,417.02243,216.25082,382.53726,449.16476,42.656242,395.09943,432.52133,221.2085,333.8475,456.3244,-30.27745,351.16534,440.7054,173.02538
image_77.jpg,348.1897,72.757904,-221.12122,351.67587,61.209984,-226.43317,354.86243,59.7782,-226.48578,358.1912,58.316315,-226.56082,346.89304,63.4347,-203.92714,345.9407,63.813057,-203.90692,344.90167,64.18985,-203.9264,371.8136,59.62412,-205.3517,353.99463,64.82393,-105.89636,358.10757,80.23665,-210.27467,350.72223,81.88425,-181.45041,394.3832,109.04617,-251.24277,369.44046,117.368614,23.813894,394.06277,188.57542,-275.41272,370.4311,189.74599,66.08278,381.8999,260.1921,-254.927,361.66043,247.20645,1.1022762,381.78296,281.4957,-280.1156,360.889,268.46774,-1.9873374,371.83652,281.11566,-279.721,358.08887,267.53412,-30.13057,370.2989,275.48956,-252.48224,358.92838,262.4031,-12.895675,377.61993,249.4491,-85.75397,366.8615,246.77153,85.700005,359.47433,342.47638,-55.59715,361.67175,331.54358,130.82779,371.92075,431.5419,17.69734,383.30963,411.85474,209.84525,380.32352,446.92682,20.717031,394.44135,423.67126,214.42258,331.7282,455.76895,-54.658276,354.66162,438.14832,163.73238
image_78.jpg,350.66553,69.30936,-255.69077,355.80615,58.367428,-256.33838,359.7409,57.517746,-256.38394,364.02115,56.634693,-256.46857,347.75806,60.313038,-235.65564,345.68082,60.757755,-235.61292,343.44028,61.28566,-235.64465,373.93723,59.391846,-213.00421,348.58942,63.871037,-120.33073,360.91528,77.417595,-236.5304,349.41205,79.08614,-209.81436,393.15076,106.393875,-245.99173,358.89056,116.750496,30.448158,400.10208,184.05164,-264.62918,364.3527,188.26663,97.982544,397.0882,262.349,-277.1537,355.78732,245.36908,25.29826,402.52893,283.5655,-307.54868,348.90448,260.14154,21.888628,390.75223,284.78146,-312.97614,347.56543,260.32547,-12.482836,387.9685,277.49008,-277.56183,350.18634,258.1816,9.246095,371.33344,251.9652,-90.00142,355.4681,250.77576,90.00316,355.16187,346.13232,-49.388107,350.71405,341.0651,154.2384,368.67975,436.13498,35.91613,367.49933,417.28677,269.3046,379.99008,455.03848,38.92742,378.28387,434.46515,275.90967,332.01657,458.6513,-50.098423,334.93558,439.57477,214.82773
image_79.jpg,346.72806,66.41773,-265.51807,352.88416,56.111454,-266.7533,356.57993,55.392937,-266.79288,360.82593,54.664135,-266.83194,345.65048,57.531525,-245.37418,344.24075,57.76986,-245.35751,342.53354,58.04153,-245.34789,372.0843,58.02608,-228.4359,348.83804,60.47566,-130.53636,356.84482,75.762276,-248.91936,346.70947,75.98813,-220.79704,394.61154,106.99063,-253.4922,348.42798,119.11503,13.581906,388.0141,185.26106,-270.168,332.56165,187.58665,86.4966,352.41766,249.44759,-291.31824,299.22388,228.6814,3.0404756,339.57135,272.28735,-320.90332,286.01636,243.34181,-7.798042,330.27115,266.95602,-332.44626,282.6633,243.49892,-42.746147,332.23315,259.31668,-293.58203,289.5702,239.55768,-14.513558,368.56232,248.38843,-85.64906,339.43027,244.73694,85.58407,360.36728,350.12042,-86.39724,337.46454,327.91602,156.84697,370.19962,437.606,-11.896492,342.644,402.8068,293.85544,379.40094,452.74503,-10.881238,351.24698,419.47018,302.7228,332.42444,459.91058,-120.998375,300.1291,426.40353,244.21109
image_8.jpg,358.8306,70.104744,-238.42914,362.3684,61.267876,-220.2911,364.021,61.5893,-220.29488,365.69565,61.837547,-220.25633,355.74142,59.554096,-237.2745,352.50018,58.692326,-237.32162,349.2088,57.88828,-237.41132,363.8315,63.765408,-104.49275,340.1339,59.022873,-181.47156,359.82925,78.10737,-192.4601,351.52896,77.07271,-214.69595,373.18304,111.18753,10.554348,310.5097,107.73871,-174.4406,373.44238,170.24045,-9.685572,317.3884,170.12144,-188.22661,396.4469,169.0788,-206.41832,376.39252,165.20462,-187.22089,404.18045,167.12628,-241.89206,392.7126,165.36935,-205.45016,407.61035,155.98642,-254.63632,394.743,153.44101,-209.50644,402.17178,154.96098,-218.70683,390.31024,152.42383,-184.99475,365.50342,233.98416,55.60413,329.75,233.28131,-55.58921,378.40604,308.6807,85.56105,323.20825,318.66412,-46.63626,351.24005,376.873,268.14673,297.79904,399.01526,80.780365,339.9252,385.94467,281.00497,288.71826,411.65704,88.114006,381.29745,399.29626,206.4775,315.8118,424.3347,-20.888107
image_80.jpg,338.12634,67.518166,-209.27467,344.6428,58.2209,-210.06805,348.9231,57.611618,-210.15115,353.02853,57.10399,-210.19254,336.95926,59.41794,-192.14056,335.44693,59.627167,-192.11473,334.23474,59.81226,-192.087,363.31738,61.719246,-168.00948,341.10217,63.46148,-87.258316,348.50757,77.57373,-191.18225,338.00992,78.270706,-168.0462,387.01166,113.94833,-200.85016,336.1046,122.302635,48.29491,370.37903,191.15273,-192.29163,328.55344,189.13702,93.013824,306.73364,205.42917,-155.69363,294.66248,206.56918,-0.35753435,287.81592,214.44717,-172.66692,280.07684,216.4053,-16.767746,284.59634,205.46182,-175.11755,279.10803,207.83302,-44.02134,291.6071,201.96127,-152.55191,285.1939,203.98895,-16.727587,360.2351,252.94661,-74.48595,330.11194,251.57762,74.316154,356.25964,346.12726,-46.02961,317.84174,333.23874,145.84966,367.85468,436.5373,45.41975,321.94965,410.7787,267.3256,377.49237,452.0989,48.58255,332.90738,423.9716,274.28708,327.03168,459.9718,-49.226185,284.35266,433.35086,218.90216
image_81.jpg,327.47403,68.75117,-206.94212,334.3595,60.16451,-201.74216,338.097,60.099648,-201.82446,341.85913,60.191746,-201.88399,324.7943,60.35444,-190.26208,322.45514,60.396023,-190.23145,320.05997,60.477962,-190.20215,349.09918,65.15172,-138.94763,322.2187,64.44922,-87.127014,335.33752,78.86919,-181.30026,324.38788,79.10219,-166.7772,370.89136,116.57833,-155.60211,310.47482,120.64058,43.685677,369.82214,191.13681,-145.34758,310.83102,185.62752,87.95963,304.79263,206.60123,-129.83293,293.3575,203.6271,-9.956036,288.09784,209.31882,-146.58044,286.45743,211.53572,-27.80061,286.807,200.66574,-148.73166,285.57565,200.60316,-51.393124,291.78983,199.55034,-127.2464,288.52948,199.18718,-24.359991,350.8417,257.04257,-60.363815,318.93762,256.1885,60.266556,352.41052,348.05923,-1.6019036,313.32455,334.56845,138.35861,363.20123,430.72913,123.367935,321.58228,407.67188,290.03067,371.3479,443.23032,129.44383,332.1963,420.2755,299.3292,333.87476,461.03546,23.461441,286.19235,434.99765,231.1698
image_82.jpg,325.32275,65.9496,-198.9015,332.66907,58.189243,-189.51424,336.31335,58.459267,-189.57883,339.1666,58.85084,-189.59619,323.07855,57.93507,-181.34253,320.4639,57.928703,-181.2955,318.1156,57.972664,-181.28781,345.77344,64.65112,-122.06998,318.96124,62.620728,-82.33695,332.15207,76.0854,-172.84714,321.21478,75.36446,-161.59106,370.05487,116.407455,-125.12486,299.73392,119.176025,20.368996,373.4547,185.69266,-128.45914,290.58017,179.78639,73.878265,342.28726,234.16957,-193.4555,276.66296,228.60045,-14.054652,335.00198,254.68466,-224.44122,272.26093,246.96222,-35.716286,324.44553,250.11191,-243.13028,275.32428,247.00427,-69.70483,324.33353,243.43414,-200.88828,278.78586,240.57204,-31.211124,350.79028,248.77454,-47.87713,311.30154,247.68643,47.892876,357.92404,337.09946,-39.090305,312.39435,331.99088,110.14749,366.64493,423.6784,59.91432,320.74805,409.1408,267.2102,370.6576,434.27148,60.828842,331.34296,417.21326,275.77798,356.4256,459.6842,-63.159767,287.69968,434.41354,193.39674
image_83.jpg,333.64404,69.407875,-286.51117,339.89804,62.1394,-274.33008,343.08673,62.503437,-274.37885,346.1177,63.084038,-274.39597,330.60474,60.842472,-272.43753,327.1836,60.513298,-272.4342,324.14154,60.340305,-272.44617,351.09808,67.69939,-185.38542,320.1327,64.38487,-177.98898,338.92157,79.01866,-252.16478,326.34552,78.69311,-250.22728,372.76727,122.77325,-133.32999,293.94992,120.02892,-85.91767,383.51913,188.80081,-95.5009,286.2816,184.31622,-21.511833,398.9254,252.18622,-163.38158,273.63278,243.11946,-96.46437,405.4555,271.70084,-187.5729,269.2132,260.89304,-114.51506,399.9379,273.67288,-216.35904,270.95923,261.61087,-153.38614,396.99957,267.58218,-175.8017,273.7646,256.24854,-113.448,354.26376,244.12566,-17.322365,310.142,245.39795,17.239845,369.11823,335.698,-5.1439686,313.14792,336.56763,55.3557,388.50372,413.8649,106.933304,317.7867,412.95862,206.81104,387.60773,425.98035,109.77754,328.43643,426.37183,214.83942,406.9942,448.59564,-1.685699,286.06345,435.1903,113.55637
image_84.jpg,346.64258,67.28109,-306.6426,352.4396,59.34012,-292.45538,355.8628,59.894173,-292.47107,358.4117,60.531105,-292.4671,342.73553,57.987286,-293.26007,339.25598,57.741768,-293.28113,335.69077,57.63954,-293.27484,362.36853,65.78147,-194.98161,330.8569,61.482323,-200.66068,350.78534,77.6772,-269.3617,338.9371,76.32997,-271.11017,385.94772,123.37962,-130.51358,300.27066,118.66957,-114.3963,397.56708,187.76015,-75.37621,289.29865,183.44684,-53.473625,417.8324,247.17943,-146.48288,275.73663,237.59982,-129.32349,423.33685,265.37454,-169.5802,270.6534,255.71652,-149.7565,420.10605,264.94986,-202.0404,272.4689,255.26425,-189.42436,417.8036,259.21365,-160.31523,275.8767,250.2907,-146.90634,368.50552,245.86758,-6.35437,320.7101,246.6994,6.2807603,378.58002,334.23682,19.474823,321.1908,334.233,45.68892,388.2492,411.88208,143.10606,318.93118,411.2517,199.96814,383.78906,422.63425,147.73149,326.5009,422.84015,208.03862,411.0642,441.519,44.685814,288.8537,432.7248,108.77357
image_85.jpg,364.73972,66.09012,-315.95596,368.73663,58.360535,-300.15186,371.87943,58.756756,-300.17834,374.17386,59.288033,-300.17856,359.62448,57.63123,-302.14777,355.99628,57.554886,-302.1832,352.2782,57.503742,-302.2159,376.53967,64.24811,-197.70236,344.92163,62.292038,-210.03925,368.74615,75.41802,-277.41214,357.0531,75.37112,-280.94495,400.87018,120.330734,-129.62187,314.93173,120.66496,-132.11392,407.8907,188.93784,-85.60355,301.7838,189.5427,-88.25275,421.0817,250.04716,-174.02274,287.89746,249.51373,-161.90442,426.19214,268.1755,-200.58093,284.6155,269.42627,-184.8172,420.985,268.99634,-231.8155,289.37982,268.84683,-219.82074,417.9972,264.27655,-187.99461,291.9597,262.3725,-177.38046,382.9016,246.79178,4.5499253,334.87823,246.15222,-4.612487,383.75046,336.69034,56.528824,329.92932,333.7558,33.09076,386.4717,413.4106,231.69783,321.63153,406.8488,208.95216,381.77982,426.3513,242.25827,327.0004,418.27246,219.656,409.46545,439.29965,142.18152,290.43835,433.4444,109.01398
image_86.jpg,375.93936,66.17928,-286.35638,380.12628,58.553967,-268.5943,383.21448,58.91793,-268.57837,385.66666,59.38102,-268.54,370.63806,57.77714,-274.48776,366.93784,57.731937,-274.5013,363.34537,57.885517,-274.50986,387.323,64.69268,-159.01176,356.43872,63.036804,-190.39276,379.64175,76.089264,-245.60931,368.60043,75.79851,-254.44122,406.51056,122.701065,-71.580734,331.19138,119.22705,-142.40839,415.46515,191.43903,-14.724028,324.54248,187.90721,-133.65388,427.5917,248.6128,-91.92913,342.69,242.9031,-205.60355,430.40802,265.3915,-114.10473,347.46732,261.3209,-235.1354,427.2074,265.06735,-146.74205,355.7462,257.69815,-256.50684,424.76337,259.93332,-106.91846,355.53738,250.84566,-214.83267,393.6488,249.07846,23.146954,349.59637,248.85223,-23.221066,392.9077,335.0758,75.4328,340.38196,328.01544,13.038955,386.89417,411.22546,221.05486,318.12567,405.30362,174.15854,376.90762,422.3787,228.56653,322.173,414.28708,183.3584,409.8482,437.86337,129.79596,293.09912,431.29938,73.40646
image_87.jpg,377.5639,66.05311,-264.82303,381.76654,58.19803,-243.3205,384.56494,58.267994,-243.34402,387.38495,58.427338,-243.34038,372.90988,58.057667,-255.10864,369.40167,58.05712,-255.15074,365.8557,58.2194,-255.22104,388.93002,62.814804,-118.90105,359.11072,62.300205,-172.85928,381.53912,75.52859,-217.14606,371.25012,75.22118,-232.76344,405.7702,120.14285,1.501821,337.10577,116.23918,-162.49124,409.51566,182.31824,9.810363,340.69455,187.70145,-168.99377,417.48764,209.4762,-149.05951,397.35947,207.77853,-214.04913,424.0793,223.9376,-182.80617,411.7038,216.84511,-246.07872,425.14774,218.24213,-207.92677,416.0872,206.35791,-255.44237,420.2054,213.46175,-165.16219,411.15604,203.2341,-216.24565,391.68076,243.26285,52.228745,352.36557,242.5662,-52.306313,392.02286,337.7528,38.82617,341.30145,332.9439,-46.096653,387.47528,413.6228,232.36299,311.75732,408.954,150.40656,379.78418,424.4735,244.79225,307.41077,415.29034,164.56073,411.10907,439.02948,143.60266,317.92944,445.552,48.557823
image_88.jpg,373.8446,67.91396,-233.50066,377.23456,60.266132,-211.06842,379.7799,60.459866,-211.06161,382.1542,60.71225,-211.00539,368.67188,59.169487,-225.16205,364.91074,58.694473,-225.20374,361.36185,58.466434,-225.2634,381.4931,64.66394,-85.73476,353.40936,62.799767,-150.85214,376.30374,77.91793,-185.71153,367.4957,76.82157,-204.38046,395.188,122.56479,45.848595,331.77182,116.26994,-167.56279,393.77362,186.3367,51.685013,334.57657,190.60986,-184.16638,416.34323,203.96211,-115.10327,401.49792,195.8331,-184.552,428.5534,205.7951,-145.92726,418.11658,202.69464,-210.13586,429.73022,196.5988,-169.0496,421.60016,192.96825,-212.13504,424.04877,191.60497,-131.0301,416.2024,189.92654,-182.15172,386.60638,248.7527,70.912254,349.99506,247.60646,-71.02049,387.70032,338.99698,123.90027,340.17737,341.67297,-45.28015,385.83652,413.52707,307.71472,313.6721,423.9361,107.803665,378.38922,424.02765,319.93207,305.46216,434.05936,118.51169,413.4571,440.00214,238.4487,334.51013,458.90906,7.4448037
image_89.jpg,361.265,66.46175,-278.16272,364.50162,58.80335,-255.27663,366.89673,59.01402,-255.27031,369.14944,59.315445,-255.22935,356.13446,57.92643,-269.41748,352.36264,57.635464,-269.4458,348.4485,57.626537,-269.48392,367.63214,63.784733,-132.40846,339.41132,61.97013,-198.78844,363.4627,76.1827,-231.79678,354.28876,75.461395,-250.98169,379.65814,125.46918,-15.354729,313.9403,119.09417,-192.06236,390.92834,184.62634,-11.535677,311.851,193.93098,-224.02917,420.75385,213.2005,-179.85869,376.5285,218.32619,-283.06564,429.1252,223.49197,-217.00768,393.07996,228.15904,-318.59265,430.13605,219.93608,-243.92426,397.99146,221.23796,-323.82428,426.39328,216.02771,-196.21794,394.60382,216.20998,-283.614,375.869,247.3747,57.016487,334.9933,249.06335,-57.140217,384.26212,338.89862,101.40099,329.10022,343.19666,-34.364307,386.91376,414.73636,288.84198,314.63312,426.6927,121.62856,378.53604,424.17773,301.05624,307.4331,435.82477,131.38574,412.60452,440.3321,209.9282,333.79178,449.27466,15.216097
image_9.jpg,358.49884,68.859474,-221.9824,362.4614,60.085358,-204.69154,364.35745,60.31853,-204.69368,366.3836,60.507446,-204.65204,355.44937,58.639313,-219.86662,352.1974,57.835407,-219.89642,348.85522,57.142555,-219.95538,366.05838,62.461998,-92.21703,340.16357,58.22475,-161.30318,360.44308,76.456764,-177.44536,351.48596,75.58385,-197.29713,378.13647,109.422516,20.916885,309.89,105.58728,-146.65633,378.7204,169.17737,-2.5288243,310.84567,166.32039,-150.6086,392.66028,156.67531,-198.38976,367.12875,160.17845,-139.89496,398.76572,158.10825,-232.68207,383.7616,161.04716,-154.16205,400.42758,148.70688,-245.17073,386.01517,148.97363,-157.70334,396.9774,147.36044,-209.8265,381.05313,148.0834,-136.94547,366.4558,228.84563,52.710144,326.38797,227.08412,-52.70288,371.18558,310.33057,98.9601,318.25452,313.03574,-51.10735,347.3446,377.6199,291.39996,296.58917,392.27823,57.412964,335.99054,388.20856,304.88687,291.14774,403.5423,62.901264,377.53036,398.27765,230.99542,300.68762,419.41046,-44.31982
image_90.jpg,351.9743,64.817116,-285.36566,354.35867,57.0311,-262.9867,356.7063,57.649857,-262.98093,358.55768,58.323524,-262.95306,345.06027,55.67675,-279.57742,340.99277,55.09217,-279.60287,337.07626,54.631317,-279.61725,356.32755,62.711147,-134.53645,328.5646,58.290924,-214.46144,353.8698,74.60399,-236.09799,344.54724,72.71513,-259.16614,360.16727,123.581314,3.786088,301.8557,116.19153,-200.63231,362.60675,185.02507,78.03281,283.88577,186.19151,-220.16023,399.6623,209.85854,-22.971285,328.817,230.715,-287.49423,414.9298,220.86716,-42.221016,340.94113,244.28252,-323.44635,415.73544,216.84483,-79.15366,347.73218,240.27315,-329.06845,411.43176,213.27948,-41.601105,345.06808,236.12361,-288.96982,360.0192,249.31435,68.95378,321.84332,253.57195,-69.05099,376.9157,336.75058,129.26607,320.40918,344.26306,-13.948204,382.29108,413.2149,282.69318,312.737,424.9982,150.14482,375.24658,424.80234,291.68936,308.55508,436.94806,161.0164,411.8417,437.56354,206.43137,335.84286,457.0272,49.87337
image_91.jpg,348.1262,64.71255,-258.09576,349.31757,56.299995,-235.69678,350.97122,56.673733,-235.70891,352.4623,57.14364,-235.71532,341.5964,54.80378,-254.0293,337.81622,53.986145,-254.04182,334.00946,53.21447,-254.04343,348.47638,60.527016,-110.730736,323.55103,55.883087,-196.75217,349.18262,74.376495,-210.00519,340.84763,72.42452,-234.8178,348.53632,116.81918,29.183767,297.59894,113.21278,-196.41289,345.66754,184.82756,105.23694,272.07675,185.04141,-232.41798,395.15048,193.58478,1.7999731,308.0628,236.63063,-304.24664,410.723,195.61043,-17.014412,315.31497,253.42615,-341.35773,413.85837,189.48698,-49.77566,323.40753,249.04349,-345.05145,407.56818,188.91553,-15.748428,323.07928,244.48961,-305.30173,349.06113,250.7942,74.80945,312.57837,254.39853,-74.895,367.7088,342.74838,129.62015,314.65326,344.19135,-1.6110541,382.0327,417.57092,269.7115,310.93335,425.40286,161.21217,377.115,427.2988,278.53485,305.7821,437.34607,172.60498,416.05627,440.421,202.72742,335.8502,458.68488,71.1772
image_92.jpg,344.06265,66.26495,-264.8715,344.80713,58.159187,-243.15024,346.1522,58.393436,-243.09708,347.3361,58.58734,-243.08394,338.0745,56.57753,-266.04364,334.48242,55.592007,-266.01562,330.88254,54.749466,-266.0556,341.21445,60.758244,-122.392365,320.18427,57.53141,-229.45189,343.7764,76.024345,-217.78749,336.85236,74.21315,-248.89914,337.72476,116.22936,38.358387,297.7143,112.02247,-247.74077,348.23392,175.97635,155.58734,276.69275,187.31969,-303.13797,396.17578,143.93243,135.67229,322.27826,231.76045,-345.83676,410.0957,133.01923,135.23201,331.17383,247.11633,-374.49524,408.12225,128.57892,119.94923,337.02954,242.42177,-377.9553,402.6601,131.22037,128.25533,335.3397,237.79887,-344.89444,334.4626,247.00133,93.68674,307.65784,250.28726,-93.895065,347.75314,326.58017,271.0371,313.80597,339.0967,-36.2667,344.29562,399.2173,461.86417,310.47922,423.6763,56.729034,333.9865,411.83932,476.8933,306.76273,435.72675,62.266068,383.71155,418.6349,426.4078,337.41083,453.90732,-32.132523
image_93.jpg,342.00922,68.081375,-241.30334,342.90027,59.815563,-218.44987,344.3976,60.077263,-218.42453,345.6348,60.40897,-218.40211,335.80328,58.645493,-238.8396,332.1825,58.074104,-238.8223,328.4769,57.590446,-238.82964,340.15506,64.29459,-92.18655,317.75873,60.84519,-186.65952,343.29718,77.66142,-192.78761,335.4425,75.81091,-220.02449,344.18668,117.06294,44.432228,294.61874,114.5213,-189.51837,367.85355,167.68102,4.678975,279.9741,189.29097,-268.43466,402.98996,117.492874,-198.45837,328.93036,178.87099,-345.58728,412.77036,102.82111,-233.96143,340.79117,179.36792,-376.79388,409.2196,98.11366,-237.09073,343.08926,170.32451,-374.99152,404.44302,102.60309,-206.68083,338.434,168.8127,-343.02457,332.59537,241.81964,86.20339,306.83688,243.62778,-86.43686,332.8448,326.47342,257.7287,314.19827,336.45087,-41.626045,321.71542,398.70535,443.74408,308.9484,421.7973,34.68594,315.28082,406.43253,458.18542,303.03928,434.78577,38.21512,358.18988,416.1863,404.56396,334.56406,457.91614,-59.57775
image_94.jpg,339.21707,71.81388,-201.2494,341.77893,63.540215,-181.9261,343.38696,63.904495,-181.8876,344.62466,64.32528,-181.8769,334.57526,61.971832,-199.63387,330.65442,61.30935,-199.63838,326.67313,60.88204,-199.64903,340.92792,67.385544,-69.61421,316.08463,63.450123,-153.28767,339.98563,80.84354,-157.51492,331.68042,79.9632,-181.76169,339.97223,115.035225,61.869564,299.5851,111.4185,-166.54236,373.88745,159.34796,112.81089,282.7251,182.86958,-327.46613,410.39136,115.36387,74.89318,311.39258,137.64467,-486.13953,421.56885,101.05037,77.38817,322.35474,126.06342,-519.4685,416.74008,95.66352,75.4932,320.7773,116.01455,-508.06485,412.01288,99.098366,72.91043,318.77707,120.0104,-483.2402,333.70593,240.94705,81.782646,316.03857,244.41525,-82.00649,334.1669,324.83878,197.74019,319.0961,333.39917,-50.288967,320.61887,399.44992,310.9995,311.25116,419.41028,-2.1514263,312.42398,409.97418,317.9431,304.73587,431.88165,-0.9005724,356.9225,414.55914,272.24808,340.37512,448.80707,-84.81572
image_95.jpg,344.0955,70.99794,-211.7987,346.4532,63.707542,-191.06026,348.14764,64.15476,-191.00221,349.70322,64.6582,-190.99916,339.5727,62.34836,-211.2976,336.3911,61.767624,-211.33176,332.9648,61.24353,-211.36423,346.79913,68.84743,-77.101425,322.9239,64.31534,-171.99632,345.2927,80.31076,-168.22227,337.84814,78.77855,-195.85051,350.47992,121.74125,59.661255,297.39505,112.3707,-187.9641,371.79935,172.78297,158.07878,271.39438,171.47264,-354.0041,405.61346,125.49462,175.40236,287.218,102.82718,-508.43552,415.94604,111.76735,189.4175,285.74832,84.69382,-542.36224,413.26187,106.49496,189.60922,287.94534,81.45792,-531.7413,408.90326,111.237305,175.92932,290.47162,87.355774,-506.2693,340.776,241.20532,86.70762,316.7252,243.40933,-86.93672,332.97705,327.10535,217.5342,320.8313,334.6729,-118.02493,322.56104,401.99008,351.8024,311.00092,423.10312,-93.63121,314.67285,409.97263,361.0986,305.73392,434.96365,-94.59267,357.26987,415.51,316.84058,337.14014,454.37354,-187.5588
image_96.jpg,348.81195,75.53792,-217.23207,351.87775,68.40025,-198.11041,354.05075,69.138535,-198.06024,355.77026,69.77989,-198.05666,343.94443,65.955505,-215.02747,340.57745,65.14442,-215.05264,337.1988,64.429794,-215.07494,353.73672,73.50326,-84.927864,328.6927,67.02334,-165.9694,350.12323,84.94719,-173.60516,341.39227,82.13429,-197.18935,358.04996,123.03738,43.982613,299.86407,115.43129,-163.4573,374.99805,176.29753,130.01524,264.22397,162.24348,-318.57086,404.9675,127.10974,126.429756,269.794,99.6919,-490.71353,413.8222,114.76276,135.93323,266.20715,82.58421,-524.70483,411.19397,109.3756,134.46567,267.8793,79.236115,-516.66504,407.69586,113.50188,126.35711,271.17566,86.12178,-490.444,341.80444,242.996,80.12103,316.4323,244.59232,-80.3631,336.4456,328.2645,203.84865,322.9563,337.93277,-89.68878,323.47845,402.89847,340.65335,314.419,423.90805,-48.95723,316.38776,410.57617,350.316,308.59412,437.35245,-48.353725,357.16553,418.6179,303.98923,339.01422,453.73935,-139.79211
image_97.jpg,347.69455,78.42653,-213.21713,351.66803,71.63279,-191.70801,353.72757,72.12271,-191.65866,355.679,72.6143,-191.66171,344.0411,69.566635,-209.58528,340.8795,68.62304,-209.61688,337.4386,67.73472,-209.65395,353.62494,75.67347,-73.03838,328.62793,70.36714,-156.69371,348.69995,86.85851,-167.85478,339.9038,84.660484,-192.22379,359.7629,123.93551,58.4079,299.99905,114.91884,-157.86978,391.9289,164.77652,110.84843,263.72552,153.34164,-308.13535,411.42337,111.40217,80.05911,278.28885,84.49356,-449.80762,416.82266,96.790726,81.8212,277.98785,67.45504,-484.23682,412.19882,93.18177,86.45444,281.22308,64.98184,-469.5073,409.21063,97.151215,80.961266,283.3637,71.789375,-446.30826,343.67114,242.36693,82.70191,318.89804,242.95297,-82.9138,337.556,327.52484,203.60808,325.81326,335.2519,-109.25687,323.72546,400.70984,349.84482,315.4769,421.5424,-77.26686,315.26913,408.5311,360.62018,310.21204,435.4755,-78.046455,354.36603,418.50854,313.33023,338.59943,455.43124,-173.3464
image_98.jpg,343.58154,79.94725,-179.9109,347.17435,72.292786,-158.832,349.09802,72.845566,-158.8088,350.7649,73.453804,-158.81578,339.76648,70.39488,-175.14082,336.36813,69.5901,-175.14732,332.96695,68.95415,-175.18277,350.25684,76.80238,-44.533554,324.1022,71.22659,-120.1674,345.54956,88.98195,-136.36438,337.01428,87.44163,-158.35553,357.1855,125.36775,72.34488,298.13464,114.28458,-124.99632,382.77094,176.41354,95.91058,269.98853,166.85558,-271.93475,407.6134,127.38075,37.273697,300.18472,106.909515,-408.93304,412.76382,112.70354,32.68789,307.08722,90.77173,-439.3706,408.65878,108.31554,37.885143,308.68427,85.146935,-428.39893,405.508,113.10611,37.728573,307.95755,90.87693,-405.79462,343.6778,237.24136,70.44792,318.21637,238.99771,-70.55348,334.3291,325.26025,143.69913,322.94904,331.88406,-94.28959,319.56052,403.75494,249.51315,310.34198,419.94336,-56.13838,310.53726,414.21588,255.19324,304.45868,432.55847,-56.77237,353.16635,419.2802,195.67786,340.83386,445.52667,-153.57932
image_99.jpg,343.21686,76.9292,-210.09921,346.3376,69.51496,-188.71078,348.48657,70.062836,-188.69876,350.48492,70.533844,-188.65675,338.72046,67.493164,-204.32944,335.51526,66.7888,-204.3252,331.75198,66.03228,-204.33606,349.36243,74.25532,-64.53737,323.58154,68.55361,-138.99799,344.55505,86.745316,-162.3667,336.17902,84.63542,-183.78685,352.18723,124.18353,66.40224,300.29376,115.863434,-132.15662,365.4971,185.00723,31.89083,274.9763,176.51114,-264.65747,387.34924,157.47742,-161.76918,315.29846,146.57845,-426.73276,395.75076,149.24443,-189.40005,329.76105,142.2311,-464.08667,394.61667,141.3256,-197.54875,331.23163,133.385,-450.6395,390.72137,143.52385,-169.98521,327.0706,135.1107,-421.91614,342.83157,239.99998,83.86769,318.5189,242.93433,-84.07333,334.42242,323.1292,211.61597,321.72488,333.59863,-73.33919,322.3684,399.40897,363.45667,308.86618,414.40527,-19.315926,314.24838,409.8243,373.54398,303.57898,427.63785,-18.581085,354.05627,414.1868,316.37546,322.34024,441.3154,-116.020515
