image_1.jpg,271.57343,316.32,-238.63382,268.13248,306.40613,-250.19295,270.03598,304.45425,-250.20007,272.22214,302.13516,-250.24826,264.42178,308.8087,-230.65544,263.5874,308.56393,-230.7419,262.80136,308.24335,-230.76273,284.97818,291.48175,-258.36572,273.49518,298.194,-172.08717,283.26855,315.6796,-237.4074,279.17136,318.99683,-212.53696,343.638,314.33087,-268.6069,298.20682,312.17728,-91.40225,358.84235,386.9063,-291.8822,291.72745,367.513,-31.255657,353.45462,464.62457,-322.32297,277.32977,419.2802,-71.1415,346.29422,475.63004,-365.93445,262.1004,428.64023,-85.6842,338.77936,474.00348,-361.4096,263.32553,431.51672,-117.18648,341.62622,470.33777,-323.18707,270.40506,428.72147,-86.215965,430.8025,339.0729,-55.234695,408.92014,345.0332,55.022827,503.0791,360.38696,45.731487,482.3906,361.95538,167.87291,579.2542,363.76306,147.01944,545.9286,350.30066,294.10547,590.1063,360.41357,155.42598,552.0744,345.19382,307.36636,586.6649,382.85712,105.07041,556.5115,365.78427,286.0166
image_10.jpg,262.52902,338.51077,-205.56688,257.69592,330.09378,-220.2911,259.02185,328.5283,-220.31029,260.55542,326.78564,-220.35509,255.37372,331.51123,-197.45941,255.03662,330.86597,-197.52371,254.77667,330.13937,-197.54646,273.92792,313.6442,-242.44409,265.765,318.26273,-140.65996,274.7764,338.20755,-208.95303,272.12988,340.28152,-179.6744,335.24307,330.4537,-250.83197,296.1173,320.39822,-63.37326,372.0144,399.40533,-276.38397,292.14206,369.43024,28.345806,355.47705,469.6166,-302.15823,276.12033,419.41806,34.221733,345.3969,481.1657,-339.9141,263.34787,427.09702,26.082493,338.0402,475.8145,-337.22064,265.7406,429.36685,-1.4527624,341.7616,472.0827,-302.98038,271.62375,427.36676,21.660719,429.06345,360.84338,-58.56541,412.26315,356.58258,58.377235,511.30923,362.5311,65.43188,491.85086,365.8791,177.58391,580.0024,364.82346,189.82614,552.17883,354.22574,316.03506,591.26843,359.68387,200.44173,564.9494,346.6856,330.5438,587.8019,390.5837,145.25705,568.3807,375.65918,304.05258
image_100.jpg,555.2221,306.86313,101.38366,561.1119,303.09305,111.22705,561.0221,303.06808,111.209755,560.92114,303.07892,111.19942,561.40894,301.03952,86.616104,561.4354,299.3928,86.61597,561.38007,297.43826,86.63131,556.80164,296.499,156.47379,557.02496,287.96457,44.852543,547.7736,306.2847,120.8735,548.1955,304.23077,88.07522,511.20673,289.02625,206.12296,533.3307,285.92224,-26.03582,497.814,338.6112,289.09253,528.20355,329.50238,-109.8627,490.599,367.16547,337.49832,544.9228,360.26443,-119.625175,484.62506,370.90686,356.64536,549.0181,367.9928,-132.44998,489.53,368.80762,340.2161,547.8524,362.88617,-114.72027,489.512,367.7438,332.48898,547.0174,361.66318,-111.32008,410.08533,328.7773,71.51224,425.49362,344.07697,-71.57941,341.75473,384.3387,50.812973,358.94458,409.58524,-88.94912,252.39061,429.4043,25.657034,268.7976,450.24136,-136.68884,234.76363,430.2267,20.567066,243.89758,448.88834,-142.02802,260.48178,465.68542,-16.237165,263.3881,485.34863,-180.22153
image_11.jpg,260.94547,341.63568,-197.19135,256.15668,333.11887,-208.94315,257.48303,331.2795,-208.94055,259.14188,329.08298,-208.96243,253.58527,335.18182,-189.22691,253.06769,335.00293,-189.29608,252.58833,334.75836,-189.32768,272.495,316.54398,-219.98013,262.83267,323.66537,-133.12062,273.21246,341.48453,-196.413,269.92,344.03052,-171.46928,331.31433,334.5767,-221.96722,295.17145,321.61298,-58.58769,372.24698,401.41946,-248.95746,289.38977,369.45233,25.50431,353.91605,469.0797,-268.88916,276.22363,419.38776,29.886776,343.52454,478.8136,-298.75513,262.85367,426.2069,23.690968,335.48315,473.99,-290.86,265.2389,428.57416,-0.16824189,339.57706,470.963,-266.8235,271.11505,426.60406,19.328753,420.86896,366.60675,-48.34345,412.49268,354.088,48.223385,484.13562,368.4354,73.13747,483.74173,359.18542,149.69609,535.6248,370.8328,209.68385,554.33325,357.28406,275.14276,542.425,366.47113,222.78975,569.92194,351.1073,288.27753,545.906,390.76193,191.41275,568.33136,377.06735,263.03687
image_12.jpg,257.90234,344.01624,-203.79987,253.07161,335.22473,-217.7019,254.29207,333.65472,-217.71858,255.72014,331.81458,-217.7645,250.80551,336.55853,-195.8996,250.44229,335.9743,-195.97134,250.11569,335.30365,-195.99887,269.2731,319.05457,-236.51613,261.39984,323.71735,-138.97821,270.16052,343.7119,-205.8644,267.48663,345.64136,-177.8648,332.19336,336.42432,-239.98505,297.23666,320.84613,-64.07199,374.38507,405.55487,-267.38516,295.3992,366.47595,51.139965,352.44354,470.76328,-296.38657,280.09152,415.55652,89.925644,342.0666,482.1967,-329.90594,266.07434,423.4768,86.04995,333.41537,477.13544,-328.8357,267.44952,426.60233,62.965584,336.98856,473.29208,-297.72513,273.19067,424.16135,80.20667,428.94336,364.97928,-55.161255,411.82843,361.13815,54.969,501.59814,368.1896,82.28613,480.85922,367.00177,185.94316,570.138,363.04816,220.01813,541.0601,359.3206,334.23657,582.766,357.5081,232.25797,556.50116,348.6028,349.9297,574.09717,390.12903,181.41931,543.48645,387.5754,329.62387
image_13.jpg,257.22964,342.68716,-213.46521,253.14851,333.60513,-224.7652,254.55482,332.06384,-224.77997,256.1928,330.29514,-224.82668,250.63031,334.87524,-204.6748,250.18118,334.2896,-204.73697,249.79332,333.633,-204.76239,270.7694,318.20694,-234.27744,262.24878,322.5078,-144.90689,269.70514,343.33707,-212.35104,266.686,345.15897,-186.74156,333.23248,337.339,-238.1607,295.89297,323.99826,-66.46901,375.34915,408.64362,-264.263,292.55188,370.4038,40.38079,350.25302,474.52625,-298.0044,277.26468,418.95386,66.537315,343.06137,489.57617,-331.73007,264.23938,425.94962,60.673706,332.15918,481.416,-330.32712,265.22076,428.74124,37.879284,334.4027,476.55658,-299.33673,270.63892,426.61844,56.658813,433.58517,369.68842,-56.20874,413.367,361.37704,55.95882,505.36792,368.97308,81.657104,480.45532,364.25262,190.15286,577.9281,365.07684,212.48717,538.6999,359.03152,338.72424,591.2695,358.4384,224.02765,551.5677,350.63492,354.90967,580.8894,395.84763,173.78639,555.03735,375.5877,340.5035
image_14.jpg,263.85297,333.80557,-198.16957,259.14984,323.86877,-207.73125,260.85764,321.5019,-207.77417,262.96942,318.8338,-207.84314,256.35474,327.0954,-188.19243,255.80981,327.22488,-188.23746,255.34477,327.2803,-188.25822,276.52512,308.20654,-208.87534,265.5354,317.17648,-121.86103,277.50858,333.47638,-194.0729,273.19983,337.50342,-169.11513,332.65875,329.42035,-226.86441,299.8047,324.30643,-34.21198,372.17972,400.4667,-259.19745,291.85175,373.37888,52.402153,353.4164,470.11707,-290.88345,272.6041,422.77747,60.627323,343.13083,482.49872,-324.58774,262.38672,428.50452,53.04467,334.4365,476.95193,-324.02206,263.29865,430.44293,31.848675,338.48312,472.60828,-292.10034,267.7757,429.30627,50.292973,440.30066,365.51926,-57.78804,424.87778,361.39835,57.496857,521.08923,364.4713,58.9347,495.74884,363.70462,181.40479,596.55206,362.7445,175.09767,561.9154,354.66223,320.3995,615.5912,356.3578,184.99184,578.0326,346.74026,335.24158,598.20825,386.02942,134.99162,578.06604,372.71432,319.39548
image_15.jpg,265.54263,326.8283,-230.17313,261.67413,316.6656,-241.36186,263.37244,314.40402,-241.36197,265.52255,311.7523,-241.38342,258.54962,319.9891,-221.31172,257.93576,320.1772,-221.37976,257.3858,320.3397,-221.39401,279.8886,301.02194,-246.60452,267.32397,310.32498,-157.30034,278.43195,327.43393,-227.18529,274.419,331.01556,-201.59105,338.59534,327.68704,-252.06642,299.02893,317.80423,-74.85756,368.38538,400.02924,-277.97968,293.35266,368.3835,11.891777,352.6492,470.83932,-313.06653,277.5182,418.38525,6.682683,346.9476,483.65433,-351.3224,264.38574,426.53992,-3.25181,339.13394,479.2167,-348.52985,266.92023,428.91074,-30.803001,341.33105,474.40115,-314.25006,272.5499,426.78516,-5.8511753,430.23148,362.70276,-58.227657,415.2701,350.21512,57.95542,505.41562,362.8272,83.21176,482.28088,357.83777,196.56454,571.32574,362.17874,221.1164,544.01917,353.38895,348.2346,582.7522,356.4362,233.55377,559.00903,344.05948,364.47812,576.0045,387.62878,183.00647,559.6602,368.60895,344.48776
image_16.jpg,268.68677,321.33456,-202.65358,264.91553,310.79544,-212.51482,266.69318,308.41364,-212.53343,268.95496,305.58365,-212.57507,261.63428,314.60715,-195.24515,261.00406,314.97324,-195.29512,260.36642,315.28656,-195.30481,282.56403,295.6576,-215.19574,270.4052,305.79068,-139.09273,281.52966,321.2944,-199.24573,277.54025,325.62946,-177.32687,339.6312,320.69342,-226.74437,303.95862,314.86313,-56.680748,364.1736,395.31104,-244.66699,295.33493,366.67633,29.175493,354.3852,467.7451,-271.75266,280.7923,415.82925,33.155018,348.26282,480.2838,-304.78796,267.30197,425.77045,26.984268,340.66757,477.02628,-303.94254,268.8036,428.30173,2.8773034,343.72437,472.8106,-272.7357,274.82498,425.39795,22.514666,434.7481,355.8066,-51.781776,418.02747,349.38818,51.50288,511.77618,366.2746,46.966167,493.741,361.44254,154.95801,590.7085,365.3032,140.63318,551.0076,354.64185,272.51965,604.53613,360.3805,148.08044,564.8502,346.00128,285.3552,594.6807,389.3822,102.132324,566.9084,369.09467,272.66702
image_17.jpg,266.1279,323.25754,-194.37044,262.3095,314.32828,-208.22565,263.83237,312.71558,-208.24701,265.65884,310.79626,-208.28024,259.9432,315.7847,-187.32994,259.67886,315.2758,-187.38998,259.48776,314.66684,-187.41788,280.20175,298.25708,-228.39082,271.7029,302.68484,-135.83194,278.7219,322.99115,-197.47993,275.81845,325.42722,-170.8371,343.4485,317.59766,-239.35272,302.6274,312.18652,-66.1658,363.50232,391.36786,-261.71942,294.29254,365.81702,13.740582,354.75745,466.8597,-285.0359,280.42975,416.81662,12.318338,346.86188,478.52847,-320.9581,266.02676,426.40674,1.8796959,339.51096,474.83606,-321.55615,268.22775,429.33533,-24.583073,342.86496,470.71277,-286.78867,274.65878,426.36234,-0.13438568,435.81427,351.47205,-54.22394,417.76074,350.17627,54.02883,509.6013,363.52252,60.057987,488.16376,363.82608,169.85135,582.9519,365.23975,166.94716,546.02856,356.1206,298.754,597.33203,361.84317,175.2584,559.11475,347.50116,312.50125,583.0801,390.1177,124.3711,559.9497,374.02533,298.16467
image_18.jpg,269.29163,330.44125,-207.4238,264.13416,322.63126,-222.81677,265.26233,321.23215,-222.8308,266.5338,319.70837,-222.86253,262.1015,323.16364,-199.61652,261.75937,322.22687,-199.70407,261.53745,321.1692,-199.75604,276.88968,307.7935,-251.07115,270.78882,309.53687,-147.80904,280.48032,328.3396,-213.52573,278.00763,329.80026,-183.77487,342.23303,319.15836,-262.86688,300.89087,311.69504,-78.36875,364.0828,390.68784,-291.1536,292.86447,367.7975,-0.94239897,354.61774,467.0008,-313.38837,277.9663,417.969,-6.069187,347.07553,478.32742,-352.25403,265.06567,428.7313,-17.722221,340.33368,474.96426,-349.7968,265.9506,431.276,-46.185375,344.09943,470.92505,-314.27786,271.5259,428.15903,-19.631279,434.58206,350.59222,-58.1286,414.82477,346.46545,57.916714,505.51898,367.25482,67.31761,489.41586,362.80447,182.73482,578.39606,367.60184,193.87071,548.0189,351.447,323.03564,590.65283,363.02438,204.6425,558.44214,342.98828,337.97827,583.26654,390.17673,154.1341,564.60583,370.76678,316.92456
image_19.jpg,268.5039,329.91876,-256.52875,263.318,322.32184,-274.49753,264.38577,321.46835,-274.49948,265.60803,320.6385,-274.524,261.4626,321.70175,-247.88058,261.23044,320.35202,-247.96384,261.18192,318.77936,-248.01512,275.6512,312.41287,-307.44128,270.13477,309.60214,-188.76334,279.63,327.81378,-263.56714,277.66315,327.835,-229.41754,343.44397,322.2036,-323.25745,301.32938,307.51767,-105.28756,365.61395,391.43015,-362.60074,292.7629,365.771,-30.434502,354.5667,465.28043,-393.80264,277.18378,417.0993,-47.52617,348.18588,477.905,-440.87732,265.6834,426.48676,-61.182022,341.22604,474.478,-436.96802,267.52292,430.0613,-92.76111,344.71387,470.00247,-394.95563,272.55316,427.2785,-62.895756,431.48212,351.85623,-68.03815,409.32062,346.57495,67.75583,497.53494,367.81714,88.66948,480.8573,363.97546,229.18114,572.03906,365.58752,254.03955,544.6218,354.65472,413.17468,584.1823,360.32526,268.6878,556.1439,346.86447,432.72534,576.99194,388.7778,210.76541,556.096,371.314,406.7891
image_2.jpg,272.51468,316.6127,-247.75241,268.6668,306.4145,-258.68066,270.63205,304.5338,-258.68658,272.91965,302.23297,-258.73477,264.58377,308.73904,-240.02596,263.60342,308.54028,-240.12764,262.68515,308.26538,-240.16823,285.29242,291.99307,-260.90585,272.50705,299.36758,-178.45193,284.62997,316.27808,-243.81532,280.06842,319.62347,-220.1899,343.3124,316.70618,-269.82672,298.4226,313.20306,-96.06409,359.92093,387.4211,-294.75012,292.35477,368.08377,-32.07049,355.1682,461.6939,-327.2772,280.66208,417.08102,-71.690056,350.42145,472.48773,-370.9712,268.02808,427.54083,-88.55613,343.91345,471.6882,-368.88882,268.74335,430.74207,-118.88351,346.12415,468.4275,-329.24158,274.65814,427.08728,-86.44324,434.02264,341.43088,-55.71892,411.37845,343.46118,55.458565,505.70587,361.79102,62.888573,480.2697,359.65576,196.08694,580.80225,360.9398,176.93987,542.3003,346.76093,344.68378,593.2557,356.84122,187.09549,545.81177,344.75928,360.79007,585.67053,381.90582,138.12091,551.15466,361.95285,345.8101
image_20.jpg,275.82565,312.77786,-218.2575,269.9007,307.8172,-235.25955,271.08676,307.7845,-235.26825,272.47513,307.79715,-235.281,267.2793,306.44177,-211.37317,266.84656,305.17712,-211.45132,266.6252,304.03088,-211.5027,280.81296,305.23782,-266.30164,273.9102,300.19324,-160.43182,286.6552,312.18695,-224.69118,283.5219,312.5943,-194.2858,345.63965,318.28836,-286.9085,303.80945,306.38712,-78.23071,367.43683,394.04233,-321.02908,295.0983,365.3889,-1.5625715,353.87103,467.67285,-352.8932,279.87033,416.90436,-14.307085,347.27155,479.83292,-397.04868,267.67657,425.25458,-24.758253,339.3611,475.1698,-393.13934,269.3177,429.10843,-55.95432,342.56833,471.31665,-353.50793,274.78918,426.6079,-28.89299,433.99695,355.3819,-66.203224,416.07544,345.0347,65.92225,503.30902,370.524,77.01058,482.57703,358.89026,217.59506,581.999,370.1838,213.80525,547.17456,354.85904,386.44086,596.2249,366.89645,225.26007,558.65106,347.58218,404.70105,583.0358,390.0153,168.88629,556.04425,370.43542,386.4969
image_21.jpg,274.5368,320.98572,-229.95572,268.61404,315.29376,-245.73473,269.98236,314.34076,-245.74805,271.48587,313.52158,-245.784,265.5334,315.64603,-222.29567,264.85602,314.97058,-222.36359,264.46796,314.1866,-222.39313,279.30576,307.75766,-271.1061,271.27814,308.7882,-166.23863,286.1997,318.27667,-234.27492,282.14673,319.89944,-204.1603,344.35867,317.26303,-286.86145,299.34888,314.40848,-84.14848,372.52048,393.3169,-319.54736,292.85602,366.82654,-10.984388,355.3465,468.01944,-348.30817,278.1027,419.1382,-32.702774,346.62488,479.82123,-390.69354,266.3908,426.76385,-45.467278,338.4049,476.338,-388.16895,269.37686,429.41666,-75.81935,341.95953,472.60043,-349.3451,274.8126,427.7505,-47.52561,432.78314,352.3246,-64.7577,413.95236,350.1624,64.53664,504.34143,366.61252,58.4423,486.16364,363.83646,200.93442,583.70386,365.18802,179.37163,547.73914,353.6185,353.20084,596.63947,360.7757,188.95709,562.1868,344.3262,368.9377,594.38074,387.21637,125.95325,564.9022,370.09485,343.11307
image_22.jpg,273.49527,332.69794,-207.23015,267.02563,328.60352,-223.07753,268.11307,328.08456,-223.08656,269.3714,327.6997,-223.1177,264.33316,328.0575,-199.83603,263.59903,327.16666,-199.9101,263.12134,326.35544,-199.942,277.73648,321.45374,-252.9393,269.77942,320.68335,-149.479,285.0488,329.88574,-213.48212,281.46667,330.368,-183.6897,345.75513,323.46698,-264.41968,297.26715,312.9939,-74.53551,372.83337,394.9431,-297.42688,290.1376,364.80258,17.293932,356.1911,468.92798,-324.14673,277.63098,418.41122,20.997534,345.2405,479.7255,-363.9276,264.66922,426.34436,12.293118,335.0568,474.61395,-360.54764,266.93546,428.8398,-16.96334,339.81293,471.67538,-324.45175,273.30286,426.3516,7.588728,428.7274,357.8713,-60.257793,411.71387,348.23706,60.063843,505.71133,362.26663,72.737366,485.55728,364.9237,188.43915,572.9193,367.21533,207.46277,544.8861,357.4439,337.36652,584.4315,363.05902,219.11108,556.9054,348.07126,352.60983,578.8816,389.01727,165.17943,560.4197,375.7159,324.06613
image_23.jpg,274.11304,353.00195,-199.17793,267.27448,348.42792,-217.11778,268.08835,347.2032,-217.13249,269.06772,345.95465,-217.17389,264.8723,348.78375,-192.85022,264.04086,347.87512,-192.90907,263.35632,346.81787,-192.93658,276.77637,333.4182,-252.33612,270.0832,333.2032,-144.40282,286.31284,345.86996,-206.75012,283.30963,347.30005,-175.60686,342.85596,328.5779,-261.68262,298.62045,314.93375,-68.70467,375.50122,402.00076,-290.5163,289.8778,365.9394,30.388313,356.42645,468.61758,-315.70593,279.78064,419.37564,52.05034,347.18216,480.91095,-354.91104,267.68173,426.39224,47.341366,336.6458,475.1636,-350.82004,269.73523,428.73636,20.131805,341.02106,471.45618,-315.75803,275.55417,426.80923,40.056328,431.90234,362.67947,-59.823185,415.3015,352.86334,59.640812,508.3936,364.48065,82.159134,488.12442,360.39957,196.36691,577.6586,369.58096,223.57878,551.38947,357.6848,351.32568,590.73083,365.47028,236.17125,567.4323,349.8553,367.7763,580.8567,392.56094,186.70389,562.8443,377.21512,342.91315
image_24.jpg,277.3484,363.53418,-182.76146,270.34634,359.48508,-203.95242,271.0534,357.82285,-203.95226,271.88666,356.05106,-203.97606,268.3053,360.50443,-180.47585,267.49207,359.65826,-180.5324,266.72388,358.50513,-180.57083,277.6759,342.16803,-246.45425,270.6297,342.594,-141.51678,288.6678,355.37485,-191.98734,286.1882,357.3292,-161.69455,342.0172,335.16183,-250.39336,297.26974,316.96698,-66.18949,377.0952,402.5097,-276.78143,291.0924,366.87866,23.646833,353.2804,470.23932,-298.83487,280.9457,417.84995,33.828026,344.38574,482.0387,-335.31674,268.46198,426.4299,28.643358,336.39594,477.19946,-324.70032,270.1108,429.27966,1.240714,339.44766,473.1377,-296.42752,274.72034,427.12634,21.956306,429.76514,362.73862,-60.253754,417.7249,347.9725,60.13184,496.2838,365.3377,70.067635,490.64178,360.68155,181.4271,559.5779,364.28583,220.38242,563.61865,349.48007,328.96167,567.8677,358.13162,235.3682,575.8396,340.4241,344.53815,574.0127,385.64185,205.48807,574.2386,376.16156,316.51166
image_25.jpg,278.7257,366.95047,-179.54643,271.2978,364.54044,-200.90869,271.86975,363.16968,-200.90988,272.57907,361.69153,-200.94145,269.364,365.35883,-177.40903,268.47192,364.70755,-177.45984,267.64645,363.81024,-177.48859,277.15375,348.34387,-244.18579,270.2791,349.09344,-139.34103,289.22327,359.11667,-189.14264,286.50845,361.0295,-158.84372,337.97827,338.24173,-247.47588,294.97253,319.8546,-64.06949,375.9375,402.45874,-269.36322,288.34967,367.30072,33.158524,353.12833,470.13715,-286.43796,278.73483,418.54202,54.84625,343.84033,482.39148,-322.31583,265.93256,427.59207,52.055073,335.46387,476.51346,-313.8116,267.78772,430.32498,25.399555,338.50558,472.47595,-284.5126,272.51068,428.14008,43.593277,427.42813,364.68893,-57.93549,411.49918,349.55908,57.76541,508.13055,364.65884,62.559265,486.6995,360.968,174.40392,580.9899,364.9898,190.15363,553.95825,356.54138,312.98663,593.0747,359.96304,201.95276,570.5388,345.53012,327.8272,590.93134,385.9218,160.9366,569.79486,374.3907,301.51978
image_26.jpg,551.1984,299.76215,211.169,556.31976,294.03534,222.00868,556.01184,293.28836,221.97339,555.69055,292.46667,221.99442,557.4094,293.67056,200.16245,557.7707,292.6411,200.16992,558.05597,291.46954,200.12735,550.6154,283.59338,246.63943,553.5838,283.77307,145.28911,543.9753,298.98376,220.40796,545.24725,299.00742,190.70224,495.1854,270.34167,234.67436,535.96387,294.64145,63.5187,450.45996,295.65335,230.15231,548.7722,351.0355,-28.550407,396.94366,301.944,223.54117,565.9053,366.58273,-25.814535,382.22748,303.1681,224.53152,570.9791,372.84036,-34.03701,366.14032,291.30423,221.79428,568.9176,368.41357,-22.43404,387.0026,301.34137,221.55394,565.01434,365.42316,-19.625282,407.82056,323.151,56.886627,432.71146,342.72833,-57.105747,336.3925,379.9115,-9.45318,360.06433,410.7132,-129.91975,248.82816,433.9369,-120.13562,278.37225,454.67313,-255.2344,233.02261,436.65552,-137.182,257.99847,454.88852,-270.30304,255.2207,462.35898,-189.05434,273.05954,487.53595,-328.24835
image_27.jpg,548.6486,302.01053,147.03828,554.1085,296.79633,154.80502,553.9579,296.20782,154.77844,553.8249,295.6136,154.77449,555.02563,296.0383,132.3269,555.3815,294.8583,132.29308,555.6583,293.5592,132.21872,549.58044,287.01166,181.39532,551.519,285.13574,79.09809,541.63696,301.222,158.78,542.67645,300.71124,128.69589,496.625,276.87402,205.98367,532.1954,294.6924,2.0980036,477.30136,327.98758,238.83759,534.8025,340.46902,-36.90309,468.74435,364.54718,254.39545,542.00366,376.48752,11.554167,470.739,366.52966,265.43613,549.58887,381.46936,9.1968565,474.5448,365.73004,253.91985,547.62683,376.32925,20.924404,474.2168,366.2648,249.38005,542.96497,374.40417,18.585863,406.441,326.32312,59.527847,430.8897,344.33035,-59.652626,335.6942,381.81088,-2.3710644,364.12543,405.5048,-89.72612,248.58087,433.82358,-90.46993,283.62823,453.19012,-165.70581,232.57,436.41208,-102.131615,263.23062,455.9915,-174.49118,258.9012,457.52283,-144.13377,290.26242,489.12872,-215.13333
image_28.jpg,551.77966,300.3619,166.68741,556.93353,295.13345,177.07948,556.7483,294.78876,177.04742,556.51825,294.43533,177.03912,557.3866,293.70554,153.57178,557.46204,292.22827,153.5254,557.41345,290.5054,153.44333,551.3624,285.8576,209.6128,552.32556,281.57202,103.22447,544.67834,300.4461,180.35005,544.6654,299.2837,149.05148,498.14764,275.59323,238.53928,531.91455,292.85522,19.76681,478.6576,333.1893,276.9358,536.148,340.35297,-8.5008745,463.91873,365.6561,295.99673,545.24756,368.03162,64.79268,463.31323,369.33157,308.17056,550.79517,380.16144,66.30731,467.8972,368.09756,297.35825,547.997,374.98395,74.52906,466.69492,366.60596,291.23856,543.6521,372.42096,71.43564,408.14154,320.93222,62.433296,430.58325,338.18585,-62.564125,340.36975,378.36945,0.60297775,368.038,398.72165,-117.0995,253.88808,432.325,-115.033455,283.48953,450.37524,-240.81787,236.5794,433.85342,-130.94724,260.84476,448.99286,-255.44226,263.81116,457.14542,-177.61656,281.84314,472.6353,-307.83826
image_29.jpg,551.06085,302.0894,194.51236,556.5536,295.7119,204.96948,556.2399,294.8075,204.92383,555.8948,293.8818,204.9382,557.7377,295.6831,182.32452,558.1597,294.6996,182.32156,558.49585,293.6372,182.27722,550.86536,285.04004,232.24582,554.0839,286.05182,126.40916,543.91736,301.0695,205.20047,545.3602,301.51822,174.08745,494.60052,271.78836,228.5019,536.0857,297.90317,41.474678,438.8005,285.4257,231.38846,537.95184,345.22003,-84.372795,379.95956,281.49182,240.00282,548.7621,362.46786,-119.46725,363.39444,281.9537,245.4708,553.2856,371.25974,-129.72638,362.7585,285.087,243.79532,551.10956,367.7973,-113.53127,370.17633,286.6803,239.13008,549.1626,364.93915,-112.38002,405.74356,328.62433,63.890976,429.92874,347.87888,-64.123955,331.6185,381.91617,-15.151896,359.30878,412.44495,-131.3131,246.0488,437.11484,-112.56314,283.58865,454.65363,-236.4407,230.77345,439.16293,-128.0195,266.05176,455.04895,-248.74336,250.67566,465.28943,-183.59027,276.2862,490.07663,-304.13965
image_3.jpg,272.39352,315.64203,-266.396,268.80032,305.38486,-274.6472,271.0631,303.14832,-274.65094,273.67856,300.42807,-274.71173,264.33618,308.2914,-258.3927,263.25635,308.31824,-258.48715,262.24643,308.30377,-258.51086,285.48868,290.686,-265.71072,271.06827,299.40665,-194.23103,284.41797,314.65054,-258.42868,279.17874,318.94736,-237.93724,342.65704,314.715,-272.93076,296.2193,312.6074,-104.08072,359.79587,387.20215,-296.24265,292.43365,368.5852,-42.60935,353.85144,464.336,-327.2401,277.9637,419.47223,-81.291664,345.57275,475.24377,-369.08203,262.34027,429.42844,-96.317245,338.4826,474.35828,-365.19678,263.0349,432.89932,-126.69335,341.85876,470.7007,-328.22403,270.1602,429.472,-95.92339,430.98962,339.20096,-53.508057,410.55383,345.4047,53.25183,505.1791,364.2304,40.978653,489.02542,364.3217,166.2224,587.09534,363.4829,136.40488,555.421,348.32196,291.10013,598.28424,358.82288,144.28946,565.65765,340.82864,304.21103,597.6073,385.7306,91.48749,567.5182,364.73288,279.99304
image_30.jpg,547.88385,304.2133,192.03073,552.6269,298.12518,202.77252,552.3691,297.34375,202.73027,552.1166,296.5327,202.73663,553.83984,297.78915,179.51083,554.3133,296.71646,179.49068,554.72546,295.5379,179.44008,547.7369,288.6875,233.2747,550.8576,288.27695,126.117165,541.3506,303.51132,204.16725,542.7369,303.69574,172.81976,493.3988,274.99338,242.53227,535.54785,297.24896,40.973267,459.00986,302.74667,251.4602,539.194,345.9291,-52.7088,415.5103,311.63297,259.22046,544.95056,365.97333,-56.449303,401.99554,312.35007,262.6486,544.84,379.36423,-66.43523,402.7611,311.2298,258.24884,543.8478,375.8988,-53.143646,408.26782,312.10077,256.4401,541.07104,372.3269,-49.815857,405.77173,324.84296,62.93885,429.0827,343.3876,-63.09369,335.0619,384.45532,-12.087541,361.04346,409.525,-130.33182,248.25624,434.23395,-102.64613,275.15515,455.0572,-235.71936,234.84451,435.85477,-117.39722,253.27124,454.2466,-248.81812,253.65694,462.8332,-171.31754,273.42505,485.32837,-307.6398
image_31.jpg,544.2567,300.49887,235.45076,548.3494,293.5614,245.44162,547.7288,292.3052,245.412,547.07544,290.87305,245.41135,550.34827,294.58612,223.47656,551.0422,294.14465,223.46497,551.7183,293.6635,223.40088,541.52075,284.48163,265.0267,547.8723,288.93945,163.9549,536.80896,299.96448,242.86272,539.5228,301.3998,213.29797,491.62933,274.88495,261.2924,536.0308,293.5552,69.2961,453.4277,302.56732,269.9381,546.41724,345.3374,2.5175319,414.01117,312.89127,281.02576,548.8328,363.0343,27.83661,401.4723,314.7918,283.32605,557.5384,370.53607,21.777737,402.16034,313.7638,281.2675,552.9314,363.26865,29.885365,407.5298,314.17786,278.72437,548.9121,362.8665,32.955353,406.20428,324.76495,62.093292,433.46704,340.28586,-62.294422,335.17163,378.83487,-8.237484,363.8417,406.1932,-139.78093,254.24818,430.15634,-101.741264,279.6183,453.4976,-243.11258,232.70798,432.41385,-116.64542,257.78836,458.9608,-255.99611,253.21811,457.72946,-166.4726,283.2406,487.16925,-316.56686
image_32.jpg,541.5361,297.10822,275.8544,543.6524,290.1549,283.45892,542.6669,288.50748,283.4344,541.63635,286.80286,283.4448,546.125,291.97974,261.72324,546.84814,291.81183,261.71622,547.5486,291.59457,261.6506,535.2942,281.09793,292.62762,544.01807,288.224,191.98457,533.7964,296.60272,279.60913,537.47473,298.99722,250.06667,486.62234,270.39514,274.78693,534.3638,296.04562,85.17112,436.51883,283.25455,267.8772,539.4986,339.3788,-43.58871,384.72968,289.6427,288.9722,544.64325,357.64456,-86.54922,361.68765,286.0174,292.32877,549.3825,373.67322,-99.31201,361.1127,287.89383,293.27472,547.95337,372.4006,-82.8886,365.14438,290.2887,288.67465,545.3911,362.8865,-79.72504,403.92776,328.6984,66.11388,432.63177,349.9651,-66.33903,336.6055,384.803,-1.4185293,362.76154,411.41962,-148.43413,246.8363,435.69562,-102.611916,278.30035,456.4949,-266.81375,231.8353,432.58673,-119.39529,258.03143,452.61,-280.55923,250.94856,459.9306,-170.67583,272.56586,491.54892,-337.78638
image_33.jpg,538.16565,287.92667,355.34085,539.4064,281.35135,358.73517,537.99243,279.9647,358.7556,536.4656,278.5224,358.78406,542.8247,283.36722,339.83704,543.8159,283.41895,339.81482,544.7335,283.43372,339.74554,530.1161,275.1646,343.38416,541.9651,283.3085,256.48984,529.9702,289.0307,349.85028,534.9757,291.666,324.45877,487.42856,271.51093,314.47583,534.1237,296.41507,137.3696,437.6482,286.62265,309.42328,549.0597,346.92236,71.539894,391.898,295.48874,321.83612,558.30743,364.3997,122.19009,361.4142,285.41223,322.1985,560.71356,370.4504,120.94276,360.34662,287.93546,327.096,558.09503,368.74966,133.47655,367.72064,288.73505,321.4136,555.55756,365.45013,129.22186,410.1441,329.12283,63.812622,436.15143,348.52945,-64.05592,344.0477,384.8493,-5.4677396,366.63943,414.16602,-136.93286,256.11172,430.31552,-87.3281,283.90338,458.2845,-216.95416,247.83807,432.2992,-101.81564,265.3505,454.53238,-228.00208,262.25174,453.99744,-154.37209,279.92743,489.2022,-290.3028
image_34.jpg,529.54785,286.53488,391.5133,530.4284,280.06213,388.5645,528.6671,278.3461,388.5875,526.90857,276.70837,388.63214,535.45276,283.52505,375.8463,537.0541,284.1895,375.8267,538.5547,284.79248,375.7409,521.5616,275.06525,346.86932,536.7879,287.34808,287.7797,521.4136,287.66446,376.68887,527.7469,292.0969,359.42114,481.19736,270.87592,293.7427,534.508,303.18912,170.04117,429.6239,277.46777,281.9499,548.28735,348.9158,133.93678,383.48285,282.80865,314.7243,543.83203,350.8885,220.79689,370.53714,283.1977,319.24146,545.5799,357.84378,232.04851,370.7976,284.628,327.1031,539.6801,354.07074,242.85037,374.59253,286.64594,316.6632,537.8092,351.9144,228.265,410.97305,331.2647,50.15318,437.44983,355.84952,-50.47672,340.97308,381.5304,-23.15777,367.43134,415.05902,-136.59677,253.84964,435.06857,-139.05644,285.11188,452.76666,-250.09549,239.5998,433.14838,-157.40366,268.67657,450.49133,-263.93884,251.00604,455.06537,-207.34758,271.45245,480.19885,-322.4844
image_35.jpg,532.6548,290.6392,303.66772,534.5293,283.74194,306.06073,533.02484,282.00388,306.0367,531.345,280.13684,306.0546,538.14325,286.1407,292.54767,539.2607,286.25174,292.56192,540.2844,286.34045,292.47516,525.2264,276.39435,290.81128,537.91876,286.60092,228.20187,524.62994,291.3767,297.94165,529.5171,294.3844,279.61453,482.17706,271.8856,253.27933,534.8673,297.9659,129.64851,430.6776,278.17737,231.15884,548.42194,348.8751,59.90908,380.21237,284.38358,238.28401,551.40405,368.0014,84.51103,363.82877,284.87762,241.28279,556.4538,378.2078,83.80746,363.88013,285.6144,242.00449,552.4293,374.15372,97.34746,370.17337,287.1205,238.25224,548.8583,370.62314,91.52797,414.72018,329.15796,50.89886,444.43384,355.54364,-51.23817,345.2977,381.57257,-5.5505056,367.3941,413.94928,-118.339554,260.6423,432.2338,-132.56483,288.0483,456.29916,-245.03004,247.4516,432.92215,-152.44627,269.74646,447.64035,-259.6553,258.18994,457.80054,-201.31909,275.63284,470.84665,-314.6613
image_36.jpg,537.85114,302.05676,269.15204,540.08844,295.1317,270.6887,538.994,293.57904,270.66412,537.8341,291.93265,270.68463,542.8881,296.74466,253.6923,543.79675,296.50406,253.70297,544.6387,296.24463,253.65279,531.463,287.56937,259.47958,541.51624,294.85175,180.4526,529.5274,303.00244,266.20578,534.05896,304.65652,243.11583,484.1067,278.64233,227.0174,534.65137,304.28885,88.51987,432.54895,276.97076,220.31711,549.1976,349.16376,13.113562,381.9672,284.1695,255.22234,545.2076,355.9821,42.750114,366.33636,287.07803,258.53604,546.9348,365.39868,43.01832,366.7767,288.68506,263.20227,541.99146,362.57724,55.338535,370.57233,289.31506,256.55917,539.8766,360.67108,49.42739,409.9411,338.91116,56.477234,437.32785,361.43008,-56.71137,341.07028,388.00955,-12.106713,363.87512,420.648,-137.5484,253.50116,433.73495,-99.59786,281.71432,453.97888,-238.08076,242.21942,433.97607,-114.24659,263.0476,450.32016,-250.0667,260.0926,460.0534,-158.90741,273.0703,482.2395,-302.78238
image_37.jpg,539.01587,323.41385,174.36865,543.5934,316.54614,181.24426,543.0254,315.29077,181.20395,542.4868,314.0655,181.1861,545.61273,317.38538,162.7861,546.4886,316.7442,162.79568,547.3255,316.2337,162.7109,536.9958,306.2216,191.97145,543.9779,311.54773,107.04234,532.3175,322.53284,178.90016,535.0215,323.3257,154.05946,492.23596,288.60867,182.06396,537.5861,310.00372,34.79754,457.72644,303.60468,218.13809,548.8406,342.5712,17.088427,438.15863,327.7417,262.09653,548.6114,354.02988,101.89418,433.05798,332.32593,271.86548,552.7496,357.43124,111.217766,434.43924,333.6478,265.3694,548.63855,354.64517,117.051704,436.53378,332.92145,259.66495,546.2497,355.58636,108.08418,420.16467,334.68762,52.70315,443.88135,356.73575,-53.056103,347.38843,384.76392,8.995338,370.07983,410.77338,-98.61075,263.8273,426.5811,-81.26433,288.72043,456.2548,-205.954,247.38235,426.01678,-94.213326,271.55722,455.4051,-216.47414,260.4408,451.1392,-123.49196,283.96906,468.79642,-251.29614
image_38.jpg,541.9797,320.71863,247.27608,544.3356,314.8249,252.43967,543.09717,313.56665,252.40604,541.85925,312.244,252.38684,547.5992,317.2226,235.64185,548.6188,317.65607,235.61185,549.57623,318.1866,235.46141,535.68353,308.84427,251.5616,545.0583,317.67728,174.98468,534.36816,320.34836,247.3136,538.4347,323.56973,224.7931,492.64862,298.42548,222.32224,536.42706,327.47043,85.910576,454.6448,309.28622,250.89197,560.35376,360.72122,57.694775,436.8711,321.83817,295.35904,551.1821,351.54874,134.85988,430.99896,322.74197,304.07886,552.4316,351.73904,146.0668,433.1115,324.71976,301.87192,548.92737,348.24136,148.59506,436.08493,325.32922,294.39572,547.67017,348.63654,139.24155,421.67816,338.48187,47.284935,441.76453,361.11063,-47.616608,358.08215,391.36642,11.276785,368.7185,411.62433,-138.12663,271.939,439.75165,-82.72477,278.68384,453.4257,-254.00285,248.82553,438.284,-96.24524,254.5372,450.93176,-265.9478,271.21014,469.58502,-121.27807,271.1905,484.2504,-309.6449
image_39.jpg,544.6199,328.52728,237.0526,547.3113,321.91602,246.62398,546.38544,320.86636,246.5964,545.50037,319.83493,246.57213,549.63367,323.2197,226.67264,550.32556,323.08966,226.63939,550.98303,323.01816,226.51874,538.9345,314.73514,262.56018,545.94727,319.87146,171.33711,537.1741,328.8753,242.51035,540.19763,330.91235,215.75891,493.95343,301.7218,247.27795,536.41364,325.4812,82.74246,459.19513,311.27576,280.42618,549.4763,348.0201,-5.8127985,443.1455,329.8968,312.3874,551.75287,358.08127,-2.1159492,436.17267,329.6053,319.9301,556.05316,360.22305,-3.2054858,439.65332,331.15848,314.00046,554.7972,358.8471,5.3341866,443.0214,332.50974,309.62482,552.0753,357.95438,3.1963377,421.2397,341.56943,49.470963,443.33844,363.28046,-49.688267,356.58112,396.31943,3.8239098,365.96106,416.47684,-134.6418,275.3559,440.37283,-103.20655,278.80902,450.72955,-252.7466,258.89056,440.963,-120.08427,257.5284,448.83942,-265.81064,267.47452,468.832,-162.06252,265.23676,474.62604,-318.0911
image_4.jpg,273.2577,315.56137,-273.64758,269.1447,305.4369,-283.8339,271.37753,303.17365,-283.84567,274.03296,300.35318,-283.90964,264.81613,308.19806,-266.31192,263.7457,308.17172,-266.3956,262.70474,308.06097,-266.42792,286.07526,289.99573,-279.4618,271.37286,299.28708,-201.67955,285.60138,314.64194,-266.73712,280.5373,318.91266,-244.42659,343.64957,313.08453,-285.44116,297.39624,311.17264,-104.511604,359.33426,386.95102,-307.44855,293.3933,366.16003,-29.04961,354.17514,464.51892,-342.6515,279.04352,417.7633,-64.50298,347.59998,477.44824,-385.10318,265.7337,426.8799,-77.37931,339.56232,475.05164,-381.1475,267.52142,430.04156,-108.82188,342.921,470.87604,-343.49133,273.2284,427.44934,-79.14829,430.98755,337.14264,-56.388824,410.8737,344.6603,56.10856,504.29202,360.61658,50.686146,478.40082,361.57263,201.50409,583.35156,359.50253,152.18552,538.2415,348.1838,353.911,594.77344,354.70026,160.59406,541.87445,346.6132,370.18463,592.06494,384.87933,105.08943,537.97705,377.21887,352.79895
image_40.jpg,543.72675,323.48108,230.6048,546.58624,316.43646,241.07849,545.6945,315.2689,241.04402,544.87506,314.2071,241.02838,549.2024,317.51666,223.66663,550.10956,317.0363,223.64212,551.06006,316.63483,223.50735,538.6744,309.2071,257.6165,545.9075,312.506,177.41397,536.7791,323.68634,235.60461,539.6919,325.51306,211.91824,494.48337,302.13922,241.87166,537.1608,319.10837,93.63773,460.08154,327.06354,287.0068,555.2084,348.20142,72.38584,446.72675,333.7036,347.7495,549.83673,357.36444,149.4681,442.72412,331.3597,359.75583,551.50385,362.36935,159.23593,445.88318,333.7673,356.6266,548.10175,355.2807,161.409,447.88208,335.77264,347.3117,546.47595,354.90536,153.43341,426.09787,345.38934,52.284813,452.2953,358.6121,-52.600517,354.62085,398.05582,12.415075,370.02887,411.33945,-138.74184,265.75528,428.90417,-89.903824,282.23148,448.86,-277.72824,246.53891,429.47827,-104.758446,254.54694,444.4318,-292.06854,266.67828,466.31775,-130.49959,269.85028,468.41333,-333.29913
image_41.jpg,546.64343,325.12152,239.22874,549.54193,318.833,248.69785,549.00073,317.82867,248.68427,548.50604,316.88492,248.65273,551.0363,319.54984,229.52591,551.5249,318.9789,229.50162,552.0672,318.49396,229.38643,542.157,310.51367,263.40033,547.10846,313.57,175.81587,540.1862,325.13672,244.13078,542.0578,326.36032,218.27795,496.9838,301.87787,258.1806,535.6451,317.96713,95.384026,486.60486,328.58066,330.6925,549.7037,352.16443,81.825,497.87442,337.00876,435.79724,549.2696,360.6301,169.90277,501.52634,334.2128,458.6729,548.7482,361.65955,185.97385,504.6811,334.28094,462.20288,546.9872,359.16815,190.0135,503.54663,336.54022,439.57095,543.2032,358.1452,176.3201,423.7705,345.5345,49.79821,448.0763,361.82602,-50.078777,352.1436,395.22296,6.677105,371.3722,412.56277,-138.96211,275.8141,434.87463,-97.198166,278.89722,446.82755,-270.1104,258.61172,434.31827,-112.52687,253.29013,439.39612,-282.9858,264.6375,465.75995,-140.59995,264.03433,465.26895,-321.4793
image_42.jpg,543.8186,323.71588,218.83781,548.092,318.65714,231.6967,547.9411,318.601,231.63857,547.83875,318.64975,231.61446,548.5354,317.29797,213.3168,548.664,316.1263,213.30084,548.7655,314.95203,213.21933,541.36206,312.7735,265.2821,541.22815,307.40482,181.10796,537.13464,325.45758,230.47339,537.4159,324.11743,205.74918,493.11923,308.69208,253.86024,527.95593,312.00168,96.15877,462.00607,310.49472,255.72061,542.36523,328.70016,-42.54053,428.76218,312.79474,255.45746,548.72876,356.76343,-108.24342,416.21545,311.7221,254.32442,551.76306,364.00287,-120.143776,418.24567,310.67487,253.25676,550.64465,362.9512,-108.574905,422.91388,311.38553,253.4523,548.9062,360.2452,-103.44278,420.0677,346.47223,53.114246,440.44812,358.7677,-53.226315,354.45398,400.13144,-22.475698,372.23895,408.4979,-158.32076,264.4826,433.5014,-131.15172,279.52655,448.83655,-275.65466,243.40387,431.18112,-148.03375,255.65765,445.00137,-289.2454,258.29712,470.29865,-202.42194,268.28693,485.47943,-352.26752
image_43.jpg,541.91113,323.09576,214.40097,546.1588,318.25842,224.02228,545.8542,317.4673,223.98943,545.62524,316.70435,224.00694,547.4798,318.80475,203.16858,548.06714,318.32794,203.15474,548.71606,317.92728,203.06024,540.1852,309.58093,242.14264,544.37585,312.61298,145.90562,534.9224,321.86337,220.91663,536.8518,322.77353,192.83414,495.6798,291.86383,224.50746,535.2843,313.34753,59.409653,457.7092,295.8891,236.64702,553.81256,353.11557,-2.4757602,428.2044,310.2959,267.95505,541.39014,354.3064,51.18599,419.85446,312.094,273.3122,538.1097,356.66,57.817574,420.2156,314.2619,271.6539,532.94403,352.53717,64.70638,423.86652,314.47058,266.31488,534.0018,348.87872,57.19374,417.87213,342.4596,57.01812,441.84863,360.66226,-57.366673,346.7169,392.47485,-12.262304,371.31528,416.4071,-124.7821,264.59225,429.98648,-128.18413,283.88458,451.9721,-243.73181,242.74106,429.13922,-145.68343,265.6109,449.2815,-256.8515,259.17255,459.70636,-187.82117,279.25394,481.0783,-303.62897
image_44.jpg,541.23004,317.63022,149.54474,544.9452,311.87912,159.70813,544.6987,311.28183,159.6528,544.5235,310.76434,159.65974,545.95575,311.5254,139.12616,546.32745,310.6544,139.12128,546.6627,309.84982,139.06335,539.78186,304.50485,186.5277,541.67267,303.90894,90.8577,534.59784,317.1395,159.5501,535.9885,316.53052,131.60797,493.40286,289.2904,182.83083,529.09125,302.2315,14.957563,455.3516,300.92917,173.9879,545.8204,339.80362,-122.77733,405.4462,306.7362,182.68298,543.55493,354.71878,-187.49068,390.92822,307.226,186.06117,543.0812,360.7138,-201.988,382.5077,298.53174,184.1608,542.5379,355.64355,-185.27846,384.9657,297.8928,181.17194,539.6075,357.89917,-181.35016,413.52234,343.07382,60.919567,436.78128,358.29138,-61.116684,346.15445,391.57385,4.1055264,368.1424,413.64624,-117.8241,258.59546,428.07022,-57.292442,284.26984,453.45963,-193.04475,243.7514,428.77725,-68.839775,259.58768,450.92844,-201.50238,257.49814,459.37848,-122.76818,268.70178,482.18307,-259.53534
image_45.jpg,541.379,303.21942,151.54906,544.88855,296.93054,159.9991,544.36456,295.99933,159.94177,543.82654,295.03415,159.94722,546.32007,297.4165,137.80028,546.74475,296.8277,137.79306,547.09814,296.2507,137.73793,538.54486,289.49716,184.3686,542.90533,291.7072,81.55201,534.1475,303.19034,161.52426,536.4664,303.73816,131.49266,492.07318,279.55692,191.95564,529.7639,294.04248,-1.915978,442.48004,286.1729,212.38269,546.42584,339.52698,-121.62578,398.52557,292.7713,248.7959,544.10406,355.9494,-157.2305,374.59778,281.6428,255.53032,550.4241,367.35574,-170.25186,374.19574,283.49423,252.1232,548.9004,366.55176,-155.1363,389.31177,292.26968,247.40683,543.8671,358.42764,-150.9362,410.94635,341.288,69.09568,431.84198,358.69443,-69.26932,340.6916,389.41833,17.94595,360.52185,417.63953,-137.73077,254.02509,428.25073,-32.387062,280.6641,448.8967,-217.8818,237.16602,426.27,-42.59355,256.02716,445.53818,-227.0863,257.8501,462.127,-90.815506,272.33884,470.9345,-282.3769
image_46.jpg,536.9361,299.45776,208.61191,540.61194,292.55695,217.69289,540.13434,291.236,217.6626,539.60803,289.7648,217.66687,541.937,293.34384,194.81082,542.3262,292.5993,194.79883,542.7076,291.79407,194.7104,534.7564,282.58975,240.83961,538.6811,285.38293,135.74301,529.36755,297.98184,218.25189,531.513,299.04944,187.57596,484.01932,271.52158,252.78914,526.7295,292.54092,44.91638,456.90387,307.31583,272.6467,531.31726,339.39105,-25.982021,439.92743,330.66623,289.92957,540.33234,357.53696,-5.2557106,433.63202,334.93478,297.07092,544.9968,366.34302,-10.297098,437.1646,334.30646,290.5575,545.1366,363.9828,2.022507,440.26736,334.1852,286.69666,541.4043,359.9325,1.5969939,406.39972,335.12793,67.640816,431.78418,353.21704,-67.814514,340.84195,386.86212,10.616673,365.67053,415.3785,-122.80845,261.58536,432.1689,-85.919525,274.1162,452.33963,-226.34528,236.09753,430.0924,-101.297646,254.38103,449.1468,-238.29248,252.91795,461.63007,-145.59706,264.18842,483.53995,-286.89847
image_47.jpg,537.04095,301.5462,244.40906,541.0347,295.20837,256.28867,540.5032,293.95926,256.26093,539.9491,292.5746,256.28464,542.729,295.9012,233.95918,543.33344,295.1844,233.95148,543.91565,294.4337,233.88629,535.1522,284.7664,282.22443,540.4701,288.39536,179.15215,529.27985,299.9497,253.81332,532.0837,301.09064,223.76834,485.4633,273.43918,283.9226,528.16644,293.75052,83.42377,448.73172,300.95966,283.83173,536.50085,346.6345,26.641792,404.8837,314.6074,298.7623,543.0364,366.92578,78.40232,393.07407,317.42224,303.39444,546.02954,381.81223,78.09846,393.56116,317.93063,304.17557,543.8247,376.10022,89.05453,398.72656,317.80438,297.65253,539.8895,371.2423,85.42683,407.6455,331.33392,70.33416,433.61456,350.30453,-70.52529,340.79318,386.42154,-0.7403464,364.52283,416.9506,-128.08336,251.32315,428.75952,-110.2134,285.04056,452.10193,-242.10146,233.85986,430.50366,-127.85045,263.96994,444.46295,-254.89403,252.46725,466.17044,-176.40515,269.406,472.99426,-301.10413
image_48.jpg,538.28986,306.14255,200.27274,542.50146,298.5662,206.48207,541.89264,297.12796,206.45113,541.2603,295.55606,206.44655,544.3522,299.6172,183.0727,544.98016,299.01038,183.06479,545.5427,298.40054,182.99738,536.68414,288.13074,221.71039,542.1333,292.98935,114.32075,530.5407,304.7382,207.63983,533.62555,306.06354,176.10658,488.79333,276.04285,226.66841,530.6329,298.79874,24.92878,456.27124,308.86975,250.42525,537.88934,342.60965,-65.80702,429.42902,327.6561,271.23785,545.5576,360.298,-66.27364,419.20032,331.50256,276.54404,554.3139,370.40198,-75.18641,421.80115,329.55994,271.85925,553.17676,367.7524,-63.2583,426.01566,329.4195,268.66263,550.11523,364.4554,-60.27365,407.1176,334.5645,65.97034,430.632,354.88556,-66.14447,337.61655,388.3756,-1.0453827,360.6511,415.11752,-131.90256,248.12729,429.8609,-90.50937,279.89844,451.71228,-224.63106,232.6694,429.1948,-104.1982,257.21143,451.73624,-235.44806,250.7997,452.98428,-150.73375,269.33383,487.08926,-285.9628
image_49.jpg,539.87286,311.31384,179.6395,544.35706,304.41824,188.69202,543.7583,303.0268,188.64722,543.16833,301.5518,188.66502,546.5414,305.8308,166.43872,547.3667,305.52545,166.44147,548.1696,305.27695,166.39609,537.93665,293.58707,209.04832,544.0707,300.26227,105.36603,532.10706,309.75705,187.72134,534.9962,310.9605,157.37622,484.18195,276.68356,202.26456,530.68243,300.7683,24.756145,435.2559,286.0253,205.02591,539.67584,349.27612,-98.42335,379.1496,284.3152,231.2075,541.5061,355.587,-143.75002,361.57855,285.936,235.5519,543.7629,356.62866,-156.18974,360.79556,288.1089,235.54552,541.62476,352.20712,-142.83029,367.46985,287.9002,230.91156,538.4419,352.4455,-138.17052,405.53967,335.09247,64.96621,432.72583,355.9945,-65.17067,336.7489,388.1161,14.64685,358.97446,416.4371,-147.89938,249.84314,431.6342,-38.92051,279.39743,453.62463,-247.73012,233.33206,429.03452,-49.85416,254.66595,453.61667,-259.592,256.84436,457.31183,-101.35446,276.69794,469.51663,-320.6858
image_5.jpg,271.94858,316.8402,-271.60388,267.6924,306.703,-280.8589,269.51428,304.77707,-280.87125,271.61508,302.39752,-280.93616,264.00403,309.05124,-262.2736,263.12396,308.84924,-262.3756,262.28314,308.56583,-262.40787,283.8836,291.86172,-276.84903,271.7353,299.2388,-194.2008,283.76514,316.31448,-265.58444,279.53748,319.78275,-241.94669,342.5128,315.82214,-287.98978,299.14545,314.4896,-103.24855,361.4685,387.02246,-318.61877,292.10315,370.55884,-38.41618,355.6054,462.4351,-354.23492,276.10596,419.58762,-82.80797,349.74136,473.30554,-399.58362,263.49673,430.3214,-100.32991,343.13428,472.53662,-396.67578,264.14966,432.9139,-131.35135,346.0689,468.81702,-355.9242,269.21896,429.7064,-98.150925,431.66028,339.21228,-59.411423,409.83905,345.9466,59.16475,502.64124,362.05927,52.158257,477.2583,362.6481,212.80557,582.08765,361.8058,162.38962,539.5439,346.03867,372.90646,594.02014,356.47913,172.01755,546.84564,343.41214,390.12662,592.4746,387.03146,115.329254,551.3012,360.54993,372.24072
image_50.jpg,540.1644,316.7796,174.80994,545.1626,309.6622,187.15721,544.871,308.9593,187.10352,544.62225,308.38556,187.11343,546.1306,309.6799,166.30228,546.4185,308.87323,166.322,546.69904,308.13272,166.26263,538.58307,301.8376,217.44217,540.9517,301.9359,119.31395,532.2625,316.99164,185.786,533.6889,316.6103,156.99335,486.98398,288.20026,202.32689,536.28217,309.68015,41.680283,434.7685,285.37677,197.43732,549.7472,332.70422,-93.00439,378.0812,290.34573,204.64746,544.2073,350.2556,-150.69415,362.38144,291.7157,206.48253,548.8448,357.53778,-163.88914,363.47974,293.9885,203.73215,546.2213,358.5663,-147.79382,369.28766,293.4775,203.48071,545.0555,356.27554,-144.01877,410.29144,334.77557,57.362347,437.612,353.20148,-57.619873,340.97546,387.2983,5.8493395,363.49756,408.88492,-123.372665,253.79013,427.30923,-69.716835,283.23044,456.48212,-221.27301,236.4219,429.0098,-82.71366,264.0197,456.41275,-232.19614,255.61217,454.3816,-135.10681,280.18558,467.70004,-291.7259
image_51.jpg,301.2386,303.50867,-303.16058,299.59265,293.29718,-314.4779,302.34653,290.88263,-314.50568,305.47876,288.17007,-314.59766,293.9334,296.9474,-294.95245,292.5226,297.15887,-295.02176,291.26804,297.29492,-295.04517,315.33005,280.39273,-311.227,298.42783,290.43253,-224.29636,312.7398,303.085,-296.03983,306.38055,308.11154,-271.09683,363.9228,308.8492,-326.48096,318.46518,304.50354,-113.44388,375.03192,382.5912,-362.92664,312.47363,359.60446,-73.63755,368.1851,459.73645,-384.9771,300.0066,412.84528,-117.68799,357.9211,471.1339,-431.99268,285.11884,420.1908,-130.40439,351.44678,467.2707,-421.3955,286.78162,422.33417,-161.29706,355.1393,463.8085,-384.08502,293.3849,420.8907,-132.73196,447.5315,329.11203,-64.07256,431.3896,331.61008,63.875042,518.94415,361.49313,26.622868,499.81705,356.95276,178.15352,592.23474,362.5262,155.00116,569.99744,349.16858,315.05313,602.567,356.205,165.4677,580.42395,343.13867,328.76007,603.496,389.11755,116.39355,581.8527,368.5848,298.6135
image_52.jpg,298.57138,304.4241,-291.5034,296.18378,295.1597,-305.94858,298.2337,293.54752,-305.97122,300.72098,291.65833,-306.03937,292.36536,297.2668,-283.32535,291.56638,297.27664,-283.38782,290.85495,297.24854,-283.40784,313.5832,284.46918,-315.69464,300.07526,291.35797,-215.28023,310.47156,306.58493,-289.29718,305.82025,308.97385,-260.40768,363.4673,313.39594,-335.01776,321.38675,303.25452,-111.79734,375.13123,384.54285,-379.8,310.92636,358.75012,-76.181206,368.32156,459.5581,-404.0227,299.166,412.4631,-124.206406,358.25027,471.2162,-451.9104,284.57294,419.3668,-138.08163,352.25024,467.42603,-443.35782,287.0798,421.54004,-169.3031,355.50623,463.87192,-403.81955,293.72562,420.08316,-139.81085,448.16687,336.61456,-67.87087,432.49072,332.40808,67.63074,517.9507,359.57758,38.72361,503.19336,356.94272,206.67117,594.7567,362.27374,161.43074,566.25867,347.92447,363.1632,610.0754,355.98364,170.72588,579.5733,340.69012,379.20752,602.9969,385.2918,111.24221,579.4019,366.18036,353.51062
image_53.jpg,298.04477,304.67133,-244.19421,295.43442,295.27582,-256.90845,297.53568,293.60315,-256.91827,300.133,291.59454,-256.96936,291.69086,297.07956,-236.38078,290.95172,296.9156,-236.46323,290.30057,296.728,-236.48537,312.71243,283.4659,-265.7949,298.65158,290.48312,-175.61899,309.9866,305.8929,-242.34366,305.0284,308.62128,-216.41498,363.49023,308.74518,-280.24512,318.9165,304.93185,-86.35796,374.384,378.38873,-309.73468,310.2776,357.06573,-37.122623,366.73676,459.40466,-328.46472,300.18814,413.6555,-75.560295,354.8957,471.19794,-370.2766,284.82022,420.48392,-87.999886,347.18063,466.4954,-362.5809,286.89935,422.5691,-118.06542,350.6219,463.76645,-327.9172,294.66498,420.8677,-90.02328,451.11243,333.58472,-57.711216,430.49576,336.29047,57.512283,521.1261,358.46588,31.019888,511.8322,359.14896,155.49448,598.8024,364.1863,131.93925,577.9773,351.55856,270.50696,616.29663,357.26947,140.057,592.491,340.2447,282.30643,613.6462,381.02005,88.974365,594.6288,364.5352,253.66966
image_54.jpg,299.95374,304.3485,-275.56055,297.1152,294.77402,-288.70126,299.37198,293.24487,-288.71692,302.04654,291.23016,-288.7806,293.0225,296.06464,-268.36963,292.2026,295.71698,-268.44876,291.53088,295.41473,-268.48465,313.26443,283.51694,-294.3222,299.4851,290.87817,-204.86438,311.43796,305.46494,-271.88403,306.66742,308.08368,-246.11423,363.6062,312.06525,-307.80386,321.37512,306.7257,-104.42318,374.82663,383.7548,-339.062,312.85275,360.07953,-62.44744,367.66098,459.83395,-364.80804,300.88242,412.16544,-104.78534,356.69238,470.56583,-410.0475,287.2184,419.68475,-117.00659,350.88394,466.90115,-401.1394,288.43085,422.1309,-147.09158,354.02115,463.5079,-364.34616,294.5886,420.70786,-119.310036,450.17764,331.9906,-60.680824,429.05124,332.14746,60.441532,518.17456,358.52277,52.779156,505.88177,352.29468,182.87888,591.9506,362.0443,183.74742,566.6438,354.35864,325.92313,604.27844,359.4665,194.4319,581.8746,345.34506,340.69318,597.20886,383.6154,141.22028,580.1456,370.23392,310.35605
image_55.jpg,301.13104,305.07608,-289.18353,298.21777,295.5066,-301.55777,300.26828,293.64038,-301.58612,302.60144,291.43356,-301.66437,294.37677,297.5928,-281.24234,293.48325,297.46176,-281.33014,292.6619,297.291,-281.37204,313.6361,283.37558,-304.89575,300.26205,290.9905,-214.80408,312.05447,305.43488,-285.03195,307.33603,308.57535,-259.15735,365.75317,308.26855,-325.50113,319.55573,307.31964,-112.879875,373.69824,383.81006,-369.4557,311.86655,360.37424,-70.09478,367.26425,460.8427,-389.3353,298.86978,413.34567,-115.91304,356.56604,472.12817,-433.78543,284.14392,420.3445,-128.59521,350.41714,468.0189,-425.59476,285.8111,422.8507,-158.7962,353.4322,464.57788,-388.78476,292.80878,421.1941,-130.84647,449.90857,330.41537,-62.328247,425.47906,334.20618,62.09928,520.1348,359.22836,10.641394,499.4846,360.8915,163.27539,591.1481,362.66092,114.10923,568.472,350.9716,296.2718,605.2849,358.83316,121.71937,578.49835,344.59473,309.30075,604.2401,386.32108,66.69229,580.30334,369.8601,280.1955
image_56.jpg,298.28278,306.39618,-260.41287,295.82782,296.84827,-270.76556,298.52972,294.4353,-270.7923,301.72205,291.73227,-270.8558,291.00064,300.46805,-251.58044,289.91785,300.9678,-251.65022,288.9354,301.40417,-251.671,314.60364,283.8378,-269.6085,297.735,294.98773,-185.20609,311.6093,307.3625,-255.031,305.676,311.66318,-230.79958,365.7523,311.579,-290.18475,322.65002,308.31787,-83.33484,375.71027,385.72864,-322.84085,313.17477,360.6422,-34.8754,367.86835,460.48306,-341.62927,300.5357,412.27548,-72.77709,357.87598,471.88724,-382.8133,285.54233,419.03604,-83.56772,351.12878,467.70453,-374.7002,287.61163,421.3087,-112.24626,354.35742,464.26144,-340.67642,294.5904,419.7086,-86.71675,452.40997,332.56497,-61.24581,434.4867,333.06686,61.03254,518.57605,360.2327,33.268234,503.48453,360.35895,168.78275,593.5476,365.08978,142.21738,566.2895,356.88986,291.59213,604.80865,358.83716,150.82938,578.7664,346.83017,304.11664,602.3667,389.58252,99.07212,580.38965,372.24753,277.1742
image_57.jpg,298.36575,306.43073,-279.58646,295.8173,297.1308,-288.6506,298.26505,294.63312,-288.67905,301.414,291.55508,-288.74933,291.46768,300.99237,-271.12363,290.43915,301.48578,-271.20392,289.46307,301.92694,-271.2288,313.45554,283.40665,-277.93048,296.40784,295.80502,-200.90822,311.81183,306.05942,-270.24936,305.27808,310.89822,-248.17131,363.25555,309.411,-294.82178,318.85175,309.318,-96.52332,374.53705,382.9254,-330.92065,310.77878,360.20663,-53.54343,368.5614,461.4649,-355.89984,299.5365,413.42105,-96.462265,356.70068,472.39612,-398.44913,286.57465,421.33002,-110.126656,351.03998,468.1455,-391.59448,288.28983,422.9736,-138.5805,354.45267,465.0142,-355.77133,294.02554,421.34094,-110.70299,451.82864,332.33347,-60.018124,430.75708,333.78897,59.73871,524.8029,358.09183,50.293102,508.30194,357.30573,183.40254,596.60425,359.37622,167.59071,573.80975,346.24213,317.8909,609.8874,353.64975,177.04057,582.4962,337.9429,331.8994,605.1599,384.5801,123.0636,584.3963,365.55087,306.34854
image_58.jpg,295.75458,309.37494,-246.02342,292.88858,300.32376,-259.5483,294.9588,298.2576,-259.57843,297.52924,295.73386,-259.64145,289.28174,302.97076,-237.51495,288.5657,302.9162,-237.576,287.88464,302.7887,-237.60837,310.8236,285.6589,-269.81732,298.56885,293.73862,-172.14606,308.29837,309.3182,-244.27682,303.52322,312.60767,-216.19057,362.656,304.5893,-283.6215,322.85995,306.02844,-77.26798,374.6693,382.80835,-316.4459,312.88318,357.81897,-17.455088,366.59442,461.47778,-333.4001,300.10938,411.35913,-42.958458,355.06714,470.87128,-373.773,286.7442,418.41968,-52.99305,348.4473,466.9544,-364.46863,288.05872,420.5924,-80.880325,352.0893,464.54184,-331.864,294.02686,419.42584,-56.282,455.35596,332.1275,-61.431442,438.88168,332.51245,61.195644,526.04645,355.0161,53.95067,512.1742,352.871,184.74838,596.95135,356.49915,179.92296,571.1272,350.023,321.05655,608.4046,352.02182,190.409,583.2616,339.1767,335.3365,603.85895,380.77408,140.34789,585.7858,364.76862,308.76248
image_59.jpg,292.3741,311.27747,-216.57736,289.96936,302.33176,-231.0951,292.0215,300.29913,-231.12505,294.3156,298.09106,-231.18074,286.80823,304.41895,-207.78836,286.35724,303.9783,-207.85925,285.947,303.4561,-207.89182,306.81677,288.22342,-252.74446,296.94272,294.409,-149.55249,305.2466,309.5536,-219.92113,300.8098,312.7688,-190.14844,364.2163,306.32587,-267.92673,321.33862,307.77866,-70.28503,374.91666,381.64575,-294.85944,312.3954,362.35,-8.503057,367.13873,460.73596,-310.69965,300.3436,412.50348,-37.66118,355.11346,472.84174,-351.56802,285.47217,420.62036,-48.597675,348.41327,468.27588,-343.42014,286.6353,422.6929,-78.964745,352.5669,465.1374,-309.58954,293.01175,420.44623,-52.124256,455.79745,333.87796,-59.884373,431.89478,339.06897,59.743965,527.103,356.51172,36.548477,512.2265,360.4469,162.02899,602.2875,360.6336,145.07452,576.1581,357.15167,281.42316,613.1416,357.80286,153.69908,590.4032,345.02917,293.6621,609.7549,380.6709,104.88095,589.87494,372.34268,265.4147
image_6.jpg,269.11258,321.2885,-232.6245,265.14087,311.1632,-243.67545,266.96588,309.05298,-243.6901,269.19345,306.61777,-243.7358,262.02243,314.0398,-223.51868,261.52957,314.06317,-223.59143,261.07053,314.04282,-223.61139,284.1238,295.51215,-251.1721,272.6212,303.8135,-161.85289,282.18228,321.63788,-231.00998,278.5048,325.05136,-205.37119,344.41226,319.39178,-264.43515,302.6614,316.72238,-77.4694,366.32898,391.43985,-286.77744,292.4666,367.77402,-2.806839,354.0967,467.73828,-313.0462,277.3497,420.20142,-32.217117,346.54407,478.797,-353.79733,263.43878,428.44202,-46.121857,338.53104,475.38345,-351.83167,264.94714,431.6074,-75.78425,341.69617,472.09656,-314.29358,271.9748,428.8891,-46.634148,441.20328,346.78223,-58.220932,419.19165,347.05463,57.991768,509.61514,364.4288,59.716854,492.11945,364.69055,183.22644,586.39777,363.85318,178.00117,557.6431,348.99445,321.52927,599.0957,359.18402,187.92545,564.5207,341.1309,336.10638,591.3986,388.2616,136.48663,567.7758,366.9526,316.43802
image_60.jpg,287.5238,316.90924,-229.71616,284.81018,309.01102,-247.04681,286.2745,307.83075,-247.07123,287.9802,306.53873,-247.1151,282.58832,309.2853,-221.34201,282.45285,308.26566,-221.4158,282.47507,307.1078,-221.46355,300.72946,296.59003,-279.0732,293.05243,297.7833,-165.29585,298.14456,316.17157,-236.6728,295.7311,317.05878,-203.83238,362.92957,313.3769,-295.61102,320.35364,301.6709,-83.738525,375.43842,388.085,-327.16324,311.82104,358.66812,-31.621101,366.65735,460.17587,-344.9406,300.5027,412.60162,-66.11493,354.2215,470.81848,-389.7978,285.5871,420.47726,-78.88902,346.95,466.83954,-380.4187,287.3647,422.96024,-109.36891,351.16025,464.2195,-344.11008,294.23798,420.38116,-80.9737,452.86588,333.3151,-65.139984,434.10306,331.32233,64.91296,523.9308,356.7063,61.20717,503.45825,356.03247,201.25595,593.4778,358.21588,200.05695,562.0581,350.19394,355.5261,609.50104,355.8912,211.72548,572.8869,339.43616,371.61288,601.4157,379.6244,161.72412,579.0708,365.11395,347.21472
image_61.jpg,297.13913,308.97513,-242.59009,293.26062,302.75568,-262.47806,294.8309,301.928,-262.5029,296.63907,300.88577,-262.53503,289.80624,302.9595,-235.43001,289.11212,302.0749,-235.4715,288.52863,301.37805,-235.51195,304.26935,295.10645,-300.3379,294.1753,297.2272,-180.1784,308.03015,307.47424,-250.75125,303.8153,308.4438,-216.05188,361.70746,313.04266,-323.02994,319.35706,294.51437,-93.39198,375.51715,385.00372,-371.47375,311.08212,354.56662,-35.791504,367.005,460.85037,-401.47314,300.15668,412.27536,-64.22492,354.85638,470.22482,-450.2588,284.48727,419.62247,-74.53271,347.8031,465.50708,-439.45523,286.5235,421.70425,-107.51872,352.47443,463.52063,-400.4602,293.44714,419.45126,-80.02634,448.08994,332.66595,-66.165405,433.43115,330.35953,65.9921,524.7977,357.11075,51.245514,515.8982,350.1204,190.38239,599.6009,362.83173,196.63004,582.0215,354.65237,346.4029,617.83606,359.7087,208.25458,593.9022,346.80206,361.06567,611.1463,377.26804,148.17578,596.5376,366.88693,317.20273
image_62.jpg,296.05554,312.82956,-259.11996,291.8805,306.1035,-279.79828,293.48215,305.02844,-279.81042,295.19028,303.92224,-279.8396,288.60907,306.6226,-251.7572,288.01215,305.82486,-251.78754,287.56714,305.0478,-251.81618,303.44617,297.7162,-318.04938,294.43295,299.07782,-193.06639,307.5312,311.066,-267.27786,303.6272,312.41986,-231.14256,360.67508,314.0801,-340.19748,320.11398,302.81326,-100.12033,376.5787,386.01935,-382.63788,311.2824,356.69653,-57.285255,368.06976,459.68347,-403.6943,300.33688,411.93112,-102.77787,355.00482,470.31152,-455.3664,286.30774,419.3809,-116.06506,347.58002,465.7384,-442.8684,288.63013,422.11853,-151.546,352.21588,463.472,-402.28824,294.94278,420.1145,-120.16739,447.35898,334.13788,-67.469955,433.15283,328.78552,67.29201,520.69574,357.53552,62.287632,507.76508,354.4098,198.90398,599.2868,366.22794,225.76376,582.7117,357.42087,362.78693,612.7576,364.4155,239.02151,595.7035,353.4758,378.08722,605.24915,383.92355,178.99353,594.07074,371.95477,329.94614
image_63.jpg,297.1399,319.56848,-269.15927,291.91827,313.05795,-290.45627,293.14728,311.9058,-290.47336,294.5459,310.7871,-290.51334,289.42947,313.62164,-262.4323,288.8088,312.852,-262.4734,288.31873,312.01663,-262.5053,303.51514,302.83237,-330.06152,294.77322,304.67072,-204.82916,308.45703,316.5964,-277.4671,305.23514,317.98117,-241.31177,363.9528,313.73697,-347.40735,318.73975,297.07864,-111.58678,377.42572,389.4195,-390.40494,311.31738,355.75275,-63.01536,366.80603,461.02817,-416.59485,301.09003,411.45563,-106.68111,354.72028,471.08997,-467.81552,287.3746,418.95746,-120.270096,347.3764,466.54657,-456.48257,289.58203,421.06592,-154.85886,351.84586,464.42368,-415.6527,296.09177,418.83356,-123.52592,448.65097,333.59723,-71.369156,431.82953,331.5974,71.17758,522.60364,360.90662,53.581062,501.6704,355.80417,213.54968,598.9651,364.1435,209.12936,568.15564,353.68436,387.7838,615.7509,361.1411,221.54549,583.3587,347.26526,404.90353,606.5931,386.5035,163.23718,583.141,369.87302,369.47827
image_64.jpg,294.80865,320.33856,-260.12643,288.9171,314.663,-280.39804,289.89893,313.61975,-280.42697,291.01608,312.64777,-280.4745,286.9433,314.6809,-251.24284,286.4982,313.71747,-251.27881,286.20984,312.62424,-251.31981,299.36237,304.73007,-321.7244,293.27133,304.38626,-191.47943,305.11166,317.46768,-269.76956,302.7964,318.13116,-232.04134,352.539,308.7098,-349.2125,319.17163,296.44873,-101.54492,376.35895,384.78815,-406.03552,309.7242,358.4992,-60.10632,366.2773,462.21988,-436.74567,300.19214,413.20322,-107.888535,353.68362,472.63226,-490.02563,286.75436,421.0607,-122.82002,346.984,467.87527,-477.91296,288.035,423.0056,-156.76831,351.26257,465.18484,-435.60095,294.51068,420.78665,-125.24238,450.9699,331.80286,-74.10281,434.06848,330.1324,73.89893,522.7488,357.95834,58.998375,512.8726,351.00082,217.52588,600.90424,362.14236,226.62857,579.61084,353.11362,395.471,615.78644,355.7591,239.98196,589.7497,346.2039,412.7193,604.1837,383.24347,178.93944,588.70593,371.55548,372.7813
image_65.jpg,295.80896,321.99615,-252.7995,290.58658,315.9509,-272.39484,291.60974,314.77,-272.4142,292.7678,313.62067,-272.45602,288.43066,316.45044,-244.3219,287.86224,315.56604,-244.37509,287.39404,314.53986,-244.41412,301.18945,304.77966,-311.35098,294.13342,305.3187,-186.1782,307.72324,318.25345,-261.8957,304.76852,319.88898,-225.62527,363.4668,309.6708,-333.47156,319.6335,301.67105,-99.56505,377.826,382.58527,-381.48557,310.3104,356.35828,-48.261776,367.06256,460.68918,-413.8994,300.1548,412.67438,-87.03083,355.89096,471.4057,-466.2039,286.56714,420.0688,-100.469925,348.6827,466.99603,-455.0758,288.00946,421.94354,-134.21704,352.92474,464.51593,-413.14316,294.73068,419.68625,-103.616684,456.10492,329.24176,-73.55539,436.6293,331.0142,73.3441,525.98444,355.90698,60.19149,513.89325,349.63742,215.57242,603.00684,356.94992,218.67282,574.9989,349.75177,389.76904,617.19617,353.25528,231.54672,585.85077,341.61887,407.1942,609.6572,383.8728,174.18307,585.2765,370.55182,372.54105
image_66.jpg,298.33112,328.6371,-224.13246,292.9923,321.72144,-243.68309,293.8705,320.4154,-243.71652,294.85696,319.18085,-243.75494,291.21106,322.352,-216.63087,290.78458,321.40176,-216.68677,290.44745,320.314,-216.73563,302.84732,309.4137,-284.19916,296.52783,310.54697,-164.32372,310.03723,323.81406,-233.9665,306.913,325.9291,-199.21938,355.40738,308.8245,-304.3887,319.9612,296.00137,-85.652145,378.48615,382.0995,-354.81848,312.33475,354.8942,-16.769444,366.86627,460.04626,-382.7557,301.63336,412.04343,-22.50802,354.66864,470.16986,-429.59933,286.22595,420.0094,-30.098812,347.72552,466.39053,-417.63867,288.30783,421.797,-60.204735,352.06866,463.7281,-380.9247,294.8086,419.3885,-36.612053,456.49536,328.4136,-68.29774,440.12103,325.5908,68.1038,529.1009,354.4947,67.42363,517.1634,347.77725,210.05281,601.7921,355.2853,220.40945,576.5508,349.22165,376.52246,615.56494,352.7224,233.6936,587.15186,339.92572,393.30838,604.4754,375.26105,186.50047,587.2071,367.54126,363.1759
image_67.jpg,299.00842,325.57132,-198.1463,292.67075,320.95367,-217.93051,293.26132,320.17673,-217.95203,293.9954,319.59146,-217.9844,291.08005,320.808,-192.19089,290.48846,319.98526,-192.24667,290.03442,319.18307,-192.30188,301.57013,312.4096,-262.58765,295.8486,311.40942,-148.26135,309.3358,321.78357,-209.60442,307.2735,322.351,-176.4119,361.49655,313.1359,-287.7947,324.7557,293.36688,-72.31986,374.25674,384.8906,-335.75073,312.54938,350.43814,-11.595167,368.79987,459.6021,-367.4191,302.34424,409.36844,-35.762478,355.50797,468.00687,-414.34424,288.728,416.4409,-43.654747,349.52582,464.66202,-401.6115,288.80405,418.22806,-76.358505,353.8211,462.21594,-365.35388,294.25623,416.62262,-50.971436,458.05545,332.54077,-70.10515,439.47018,318.56482,69.89562,528.04474,353.5686,69.38985,515.6246,342.50543,214.15923,596.7666,361.97314,220.56384,575.4548,349.3119,377.82886,613.781,356.11423,233.47937,587.2901,341.2467,394.4848,594.2845,381.21112,189.89311,581.6087,371.46274,369.47296
image_68.jpg,297.29428,322.5916,-218.23412,290.94714,318.4783,-240.09848,291.5292,317.7852,-240.11899,292.19983,317.25592,-240.15623,289.333,318.68167,-212.12708,288.76862,318.04385,-212.17389,288.28943,317.44168,-212.22812,299.08542,310.40402,-288.9163,293.82117,309.35867,-164.55698,307.64468,318.84497,-231.09138,306.1756,319.83188,-194.94556,349.75177,312.07098,-314.98233,316.83063,293.49713,-81.478645,373.4699,381.7345,-364.7118,312.29846,352.51093,-24.900143,368.73886,459.40073,-398.74234,302.9787,409.16513,-61.89807,357.20676,469.46408,-449.57852,289.05096,416.6002,-69.323944,351.15768,466.5216,-435.07767,289.46686,418.2342,-105.36211,355.05612,463.87592,-396.31586,294.83484,416.21344,-78.60182,450.53613,328.26437,-72.89084,435.51575,317.72855,72.73109,520.99097,355.73975,43.143806,510.97675,347.0741,215.08466,600.4331,364.09366,171.61705,575.7137,352.76303,380.5345,617.9305,363.01892,181.70505,586.5305,344.23773,397.04318,600.55536,385.73016,129.17877,582.86523,373.8877,365.86865
image_69.jpg,296.4245,324.60043,-177.53143,290.18268,320.7266,-196.73674,290.5802,320.11322,-196.75687,291.0784,319.6422,-196.78674,289.24503,320.15186,-172.40755,288.9745,319.08734,-172.47275,288.77325,318.00888,-172.53036,297.7486,312.62445,-243.07115,294.32693,309.56842,-135.41553,306.73032,320.4961,-190.19127,305.30496,320.99133,-158.91423,351.9107,312.1666,-270.7996,323.64777,296.21213,-68.82078,377.1444,383.83722,-315.71704,314.94153,351.89313,-6.4509344,366.2713,460.71127,-349.56516,302.06815,410.87885,-27.174818,354.21628,469.445,-393.81424,287.832,418.378,-35.55967,347.3291,466.65253,-383.96243,288.13416,419.43713,-67.18457,351.09512,464.3835,-348.35568,294.0889,417.52905,-42.006435,456.68765,329.32626,-68.216965,437.57172,324.8171,68.02623,526.8257,355.98392,61.917805,513.7735,343.76743,204.63065,600.4169,359.7798,188.8015,571.03754,344.6413,353.87393,615.0381,352.46948,199.4496,583.0238,335.48126,369.49615,605.71814,383.8834,155.85078,579.9483,364.94077,349.20438
image_7.jpg,268.46503,323.79468,-228.7745,264.47604,313.92352,-238.84291,266.24228,311.5185,-238.86244,268.5645,308.6451,-238.91206,261.55878,317.2492,-219.91873,261.036,317.4472,-219.98898,260.54822,317.62146,-220.0122,282.24045,297.64233,-241.78851,269.2367,308.7515,-157.84352,281.68292,323.27997,-225.25192,277.48914,327.62415,-201.11694,340.19586,320.9075,-252.73878,299.87207,318.07852,-73.78522,368.71017,395.69894,-278.79736,293.4881,369.0402,-1.6215612,353.55453,469.0813,-309.5133,274.07922,420.08246,-27.845417,346.81952,480.57907,-348.01846,258.74118,427.90015,-40.62262,337.91138,477.5889,-345.95758,260.4347,430.19754,-68.38884,340.94507,473.7454,-310.59094,268.7004,427.7934,-41.41872,436.82355,350.9688,-56.092915,418.4468,347.07208,55.85949,508.3026,364.4217,60.748688,493.1528,362.77124,177.2533,581.02106,365.0973,180.3648,552.2399,353.44556,311.64914,593.4437,361.0786,190.35953,562.2205,343.62653,325.65533,586.4785,386.8432,140.57933,566.18524,371.28876,304.27237
image_70.jpg,294.3432,330.60266,-200.49731,287.8109,326.32562,-220.59088,288.29288,325.75903,-220.61583,288.91272,325.303,-220.64532,286.57587,325.50873,-194.26775,286.1753,324.39514,-194.3242,285.8988,323.20627,-194.3846,296.5303,317.70288,-266.9362,292.3697,314.47906,-150.35129,304.14383,326.2209,-212.83557,303.418,325.9884,-179.00876,356.4952,321.37344,-292.0123,322.73413,290.9412,-72.588356,377.07703,384.93588,-340.32303,312.68475,347.54584,12.444168,368.50342,458.8618,-373.09058,303.7898,407.97717,11.758181,355.9478,467.47385,-419.2892,288.41263,414.74445,9.09074,350.44244,464.68256,-407.375,288.6751,417.20676,-23.765846,353.544,462.56998,-370.7948,295.16315,415.43268,-2.3961573,452.74228,332.9347,-71.551384,436.1267,320.8526,71.38519,523.0456,357.29013,65.3138,510.31,344.2529,219.91469,596.4564,365.03537,207.94965,575.76166,350.57974,388.1461,615.25244,362.80823,220.22194,587.5965,344.86005,405.09338,596.0345,385.1408,175.57219,582.62213,372.55255,379.86386
image_71.jpg,300.48935,336.80432,-225.2841,295.17307,331.95267,-246.87436,295.77167,330.77612,-246.88103,296.4914,329.55786,-246.91464,293.42923,332.34476,-220.08014,292.72363,331.44772,-220.13289,292.08438,330.37418,-220.16891,303.40482,317.9328,-291.25516,297.1357,318.64462,-171.91391,310.1248,332.09506,-236.12946,307.97736,333.39398,-201.47919,356.0104,316.24054,-309.2593,314.737,300.0484,-85.810104,377.03528,384.7673,-352.68405,310.37857,353.427,-14.070034,368.12015,457.95236,-378.9724,300.97043,409.3593,-29.965736,355.6991,466.77243,-426.2378,287.63568,416.9311,-34.056686,350.96368,464.15,-411.8843,289.38126,418.80246,-67.65382,354.08997,461.9148,-375.94348,294.49802,417.1689,-44.74606,447.33563,328.26068,-70.54078,433.53632,318.12326,70.36922,520.2724,354.00336,41.190002,508.4804,345.36963,200.36253,598.4135,363.67633,167.57736,574.029,351.69943,353.29514,614.83795,359.38733,177.79152,585.4495,343.2669,368.42316,603.6755,384.00067,130.13058,582.6052,372.1476,337.44086
image_72.jpg,304.08643,340.916,-193.27821,297.80917,335.36066,-212.16887,298.46207,333.5935,-212.18163,299.22485,331.63702,-212.21585,295.94067,336.82455,-186.04948,295.1693,336.18954,-186.10385,294.42712,335.31396,-186.14851,304.70032,317.91226,-250.34279,299.09814,320.43707,-134.36018,314.58246,335.88965,-202.88486,312.01147,338.29544,-169.18684,357.67914,308.0574,-273.26923,320.4278,308.34262,-55.3322,377.0186,378.51904,-327.51816,311.5929,358.1806,3.1628761,367.53076,454.0674,-353.12616,299.63824,410.9113,-25.302402,353.42627,463.56537,-396.0832,286.31253,418.58444,-31.061373,348.24826,461.5269,-379.8272,287.84967,420.80847,-61.18181,353.19836,459.5077,-348.9837,293.18784,419.21603,-39.518555,452.21643,324.5793,-68.30919,437.11542,329.23944,68.15772,523.82965,352.59912,28.391237,517.85547,353.20013,169.75655,598.79285,361.04727,147.00739,581.0176,356.18375,294.66547,614.2201,357.6908,156.32318,596.7594,348.26508,306.22058,605.1966,387.5603,110.75534,589.0355,380.43665,272.49942
image_73.jpg,304.4676,340.99377,-218.31448,298.4446,335.68918,-239.1638,298.89752,334.35284,-239.17654,299.50336,332.87418,-239.21478,296.8469,336.2808,-211.94592,296.0934,335.46646,-211.98723,295.4343,334.49118,-212.00787,305.83398,319.04636,-280.65576,301.10233,320.61377,-158.9827,313.89987,336.92776,-228.26698,311.24475,338.29144,-192.91513,359.46548,316.94638,-304.1053,321.7241,305.24585,-70.25565,376.8299,386.35312,-353.58698,313.03302,352.61087,-8.184402,365.53998,458.74026,-379.2744,301.22427,411.9186,-34.009243,353.40488,469.14917,-427.4838,288.41522,417.74362,-39.66511,347.54666,466.3888,-412.7443,289.81097,420.13785,-72.64513,352.09186,463.9158,-376.2251,295.52795,418.80582,-49.16205,453.773,328.3002,-71.51988,441.6164,319.80148,71.3624,526.00146,352.33472,41.84698,519.8023,348.99747,192.97163,597.35974,361.0515,178.20718,582.1859,354.15326,334.65857,614.9078,356.0429,189.47852,599.428,347.70593,348.244,606.3013,387.24817,144.97087,591.00134,378.07965,314.06894
image_74.jpg,306.2532,340.7,-235.86206,300.57275,335.52084,-256.64594,301.1389,334.11597,-256.64767,301.8425,332.59976,-256.68756,298.78406,336.30508,-230.39426,297.9817,335.5507,-230.457,297.25757,334.662,-230.48209,308.4887,318.81827,-295.88138,303.41864,320.25006,-178.43274,316.117,336.38626,-244.61752,313.2697,338.09625,-210.52597,365.3999,321.34708,-311.09555,319.92474,302.9869,-91.1982,376.11395,388.28912,-357.9205,314.05035,353.55127,-17.451525,364.8493,459.9915,-385.2738,300.2041,410.41476,-33.500393,352.58484,470.94434,-432.7866,285.6606,416.78635,-39.741264,346.52603,467.83282,-419.92395,287.35242,419.5767,-71.82872,350.76562,465.39203,-383.0998,294.12372,418.13553,-47.76203,455.14874,328.96918,-74.007744,440.01562,319.5538,73.80935,523.0321,356.90323,47.149235,514.7396,348.49963,204.24078,597.14465,360.1325,179.70506,575.1074,350.17007,354.1382,614.7735,354.88504,190.84146,590.3408,342.70132,369.27075,604.6197,391.18707,144.95914,583.4032,376.96005,340.0376
image_75.jpg,308.09097,338.84796,-237.85571,302.11932,333.8546,-259.91776,302.61298,332.44028,-259.9229,303.22864,330.8969,-259.95734,300.42157,334.7319,-233.10854,299.5952,334.0041,-233.14177,298.8101,333.1471,-233.16333,309.48236,317.52075,-303.57706,304.2182,319.20892,-183.20891,317.4704,334.54532,-247.96571,314.99387,336.2543,-213.06656,364.1844,320.68042,-323.25122,322.55588,299.2962,-93.27696,375.23727,388.10175,-371.20547,312.33157,354.39682,-40.377346,366.82257,459.7323,-395.26093,301.22653,410.57825,-70.500534,352.73187,470.4544,-445.49396,288.21512,417.20135,-79.231895,347.34766,467.51935,-430.05643,290.1441,419.13007,-112.39868,352.8247,464.67822,-392.4425,295.82697,417.5779,-85.871315,454.6892,329.563,-74.55542,440.64093,318.25504,74.35645,525.15063,359.1398,51.736176,517.21204,348.44662,212.60895,597.4387,362.69272,202.45346,577.3904,352.6696,372.2942,610.7772,355.49527,215.27031,592.1974,345.214,388.208,601.5015,390.95157,170.36853,584.79504,378.22656,353.84753
image_76.jpg,559.9263,302.4872,-6.048734,566.17316,297.9067,5.884497,566.14404,297.79034,5.8672876,566.12067,297.60855,5.8578453,566.1657,295.76562,-13.592394,566.01587,293.91293,-13.618645,565.75885,291.88333,-13.580064,561.5637,289.78784,72.99705,560.13513,282.11752,-14.014332,552.8861,303.13348,21.591938,552.22876,300.82755,-3.823869,513.3227,294.22314,155.7098,533.56433,287.0727,-73.2112,489.95428,341.82196,219.95093,534.0525,333.06955,-150.32195,467.08057,368.09113,235.35768,549.74725,366.34393,-152.05168,466.19138,373.55774,246.05759,555.9618,372.81375,-168.59572,467.89935,372.81732,226.8937,553.7374,368.47244,-153.57123,467.0911,371.176,227.30995,550.6765,366.9637,-145.7387,410.6767,335.9404,70.025734,418.4403,340.41412,-70.01214,346.67712,395.60538,27.162361,355.47943,398.8396,-96.97032,262.14395,432.99017,14.81626,265.1772,436.53574,-114.71862,239.85376,432.5958,10.695333,240.81223,434.58142,-118.264305,262.33853,468.74707,-34.222214,265.02267,470.6354,-166.11578
image_77.jpg,559.83795,303.1886,47.545506,566.37476,297.6609,55.877422,566.2749,297.15097,55.848866,566.1659,296.5597,55.836227,566.6472,296.51663,31.54029,566.6737,295.1199,31.512125,566.6175,293.5163,31.514051,561.1713,287.98434,105.65457,561.526,284.69937,-3.0924783,552.6393,302.56833,69.34975,552.49524,301.4063,37.562668,511.7801,286.16742,179.72853,536.1231,287.57056,-69.60004,496.90588,345.67755,251.58601,537.0642,340.35562,-97.110855,479.0769,370.0402,284.21048,549.9058,373.18033,-27.258125,480.0882,372.77423,296.78043,559.31946,374.9231,-35.96633,479.36768,372.02103,277.98386,556.222,371.06827,-24.306942,478.85068,370.45566,276.2125,552.0074,371.03284,-20.412369,413.0426,332.09924,73.06167,422.73212,337.60052,-73.03399,347.07065,398.22888,24.878452,352.3858,397.26947,-100.42687,262.7798,433.39786,18.853092,258.3702,430.29004,-115.506355,242.84097,432.25964,15.418492,238.47714,429.99966,-118.76326,255.95578,473.37714,-31.958168,250.19589,464.99524,-169.65634
image_78.jpg,559.6614,302.63544,74.997574,565.5347,297.69763,83.77026,565.39923,297.4938,83.739365,565.267,297.21707,83.73383,565.7777,295.84702,60.711273,565.7053,294.14188,60.689476,565.511,292.25076,60.676556,560.6952,289.2032,131.66896,559.9198,282.58765,28.505308,552.6437,302.9699,96.25866,552.60297,301.1469,66.00709,509.16843,285.13977,197.88379,535.48065,287.3864,-38.69799,490.7745,338.37497,267.32828,537.45,339.55643,-75.98219,478.9545,367.13815,297.19653,548.68787,365.19815,-26.744125,480.6763,370.35168,312.27032,559.3478,377.54175,-34.232677,485.63248,368.97708,294.91238,556.23596,372.68634,-19.221418,485.1761,367.25827,290.46957,551.78564,372.34152,-18.635656,410.294,326.072,70.94637,424.37622,340.09583,-71.003845,343.81622,386.0482,41.05909,359.78552,402.48312,-92.25667,253.92601,429.9218,29.934647,259.56754,442.6079,-135.91684,237.30482,430.18555,26.866007,240.88257,442.27255,-141.80789,261.561,464.62274,-10.403063,262.78174,478.25037,-187.44067
image_79.jpg,553.5659,302.4952,97.289566,560.0355,297.6488,103.66533,559.95416,297.2803,103.64406,559.86993,296.86288,103.63442,560.6703,296.3597,79.56273,560.89545,295.04984,79.53849,561.0361,293.58322,79.52036,555.8749,289.21307,138.48529,556.9421,285.4899,30.47324,546.80005,302.58408,113.98164,547.2665,301.12836,82.26342,505.3546,279.1109,191.64514,535.94275,291.2586,-37.080246,485.22244,333.25015,260.8265,538.97437,342.91602,-74.28939,472.26196,361.37543,303.19556,553.98315,367.79657,-23.424343,473.63846,362.61957,320.8036,568.09674,376.51782,-30.951382,474.12808,362.638,304.87778,563.7862,370.77924,-14.806618,478.7639,362.9807,297.54965,558.5331,370.60074,-14.889004,407.779,327.86856,69.85586,425.3416,346.3824,-69.91057,341.9696,383.2143,71.23519,358.84274,409.47797,-75.268295,265.2956,430.93652,75.12133,262.28104,447.11316,-110.81359,240.60934,430.193,73.92708,243.46193,449.16006,-115.2014,267.24,466.04672,44.409363,263.55472,483.2118,-155.49265
image_8.jpg,267.4127,327.72754,-218.9576,262.94147,318.34293,-228.88199,264.63824,316.0859,-228.90245,266.72318,313.51398,-228.95216,260.21338,321.00745,-209.51721,259.72937,320.97946,-209.57986,259.3126,320.8988,-209.59776,280.64633,301.80942,-233.27055,269.6562,310.37836,-147.20029,280.29965,327.50754,-216.14224,276.56793,330.95105,-191.42639,339.544,321.93433,-242.88461,298.38382,316.33508,-67.28839,370.3038,396.62793,-266.37265,292.28772,366.0238,6.098752,354.03583,469.70575,-290.99835,275.9876,418.7156,-15.244721,343.49167,480.9568,-327.6972,263.9812,426.5464,-27.922945,333.84244,477.17953,-324.3715,265.4847,429.32904,-54.98999,338.58414,473.62552,-291.43924,271.48853,426.85193,-28.432905,433.9415,353.51828,-53.57264,417.85947,350.1941,53.35324,509.10968,364.99847,58.884167,493.77728,366.1386,168.87048,582.21796,365.22226,178.66156,554.9515,352.60226,300.12823,593.1655,361.08856,188.81209,560.9188,344.64334,313.7063,591.30316,386.58572,138.91165,572.22107,371.257,290.27902
image_80.jpg,552.4885,302.81873,96.22474,558.3634,298.61325,103.79169,558.26245,298.4405,103.76823,558.17474,298.25854,103.76514,559.05145,297.03897,80.53719,559.324,295.61737,80.522545,559.5255,293.9997,80.511406,554.421,290.85742,146.63771,555.2937,285.11346,41.817738,545.4417,303.17636,115.92883,546.2296,301.38254,85.07325,502.48682,280.3533,200.18385,535.5116,289.89865,-23.163252,483.51355,331.70105,280.5935,538.0463,337.12405,-66.65516,474.39142,360.66583,328.656,549.7191,363.1795,-13.602004,476.79163,363.41837,346.92838,566.22577,372.1969,-17.85578,481.50577,362.76205,330.64877,556.5295,362.44275,-3.1459882,480.65567,360.87878,323.31854,551.2896,361.81058,-5.0889373,407.1274,320.77762,67.25067,425.59787,339.21777,-67.35685,340.56598,385.14273,33.816803,355.56577,401.43912,-73.749794,254.94325,428.01904,0.07972288,268.68466,446.33084,-118.616425,233.60284,433.4378,-5.158463,240.79279,446.3473,-124.10353,257.71808,463.98358,-41.897743,264.66968,471.2281,-163.31255
image_81.jpg,550.04285,304.66388,107.03777,555.5509,300.63098,113.6842,555.52094,300.35077,113.67867,555.4988,300.03598,113.6789,556.1128,298.859,88.13165,556.3876,297.26578,88.10784,556.6071,295.47125,88.078705,552.349,292.65204,148.52312,552.98804,286.20474,33.49669,543.284,304.095,123.53339,543.8152,302.12912,89.85574,501.19476,280.27167,205.81696,532.176,287.80545,-38.92077,482.84604,333.1687,266.74182,534.3081,337.20084,-85.241714,468.63947,365.29208,288.0074,547.1664,366.53146,-48.208946,472.47525,367.376,301.5755,558.37213,379.1728,-58.929577,476.95105,366.38162,283.87225,556.0393,375.75922,-40.792557,475.47546,365.02283,280.90387,551.3411,374.68848,-39.17902,407.0743,320.7708,75.70071,421.63544,337.8387,-75.75608,343.37933,382.27118,58.978973,357.63977,405.5985,-84.233635,265.32147,427.56833,50.85392,264.62045,442.26093,-118.77003,247.55267,428.63504,48.135815,243.99568,444.18433,-123.383415,267.50745,455.4677,16.091473,269.07727,475.55786,-164.53357
image_82.jpg,547.40015,305.8926,125.07953,553.1615,301.8445,132.4518,553.11597,301.58347,132.45253,553.069,301.2966,132.45877,553.6287,300.37082,106.37514,553.8451,298.9988,106.354515,554.02795,297.37537,106.33038,548.97894,294.21338,166.7198,549.8137,288.554,48.568092,540.232,305.4379,141.11209,540.8595,303.75375,106.4619,497.8451,278.73026,212.8321,530.9631,295.08365,-23.535479,477.2665,334.46954,273.79288,536.44293,341.53815,-63.99569,462.13263,366.89185,291.84146,544.2095,368.8411,-3.9659019,466.59894,369.1761,305.3806,554.97723,376.3286,-9.545904,468.95633,369.0699,287.2282,549.0183,370.23526,6.7734137,467.07056,368.69943,284.72522,546.3286,371.46878,5.4998703,403.12833,315.1511,71.342705,421.755,335.58398,-71.44481,338.17175,380.49936,65.668274,354.321,408.6867,-78.76064,264.7545,429.1246,38.41185,263.46387,448.95486,-134.7401,248.19716,431.92828,33.40781,242.79747,449.12442,-141.98676,266.54187,460.586,4.4683228,263.14804,474.40945,-183.67332
image_83.jpg,541.29803,301.61285,196.80447,545.27094,296.45367,204.88509,544.9862,295.97464,204.86961,544.73096,295.41684,204.86752,546.4899,295.63336,181.64917,547.0185,294.6155,181.62677,547.5097,293.55737,181.54366,539.781,288.1524,229.54482,543.15405,286.81488,124.37904,534.3359,301.7876,207.50958,536.20264,300.82843,176.63345,491.12433,279.0524,246.38004,527.6519,287.83295,47.740803,475.32974,336.5598,284.89758,536.3511,344.2794,22.722488,464.0018,364.234,295.42065,546.00385,357.8646,88.85663,468.4934,366.3016,302.1135,563.50195,367.56836,87.24898,473.20215,365.89896,290.79776,557.86676,361.2752,93.64563,471.7807,364.17313,290.07382,545.673,355.03482,94.462585,403.9037,318.73923,58.748253,427.90094,337.72626,-58.81247,339.53366,383.38483,27.58965,358.56064,402.77142,-116.75105,258.24622,432.81512,-40.99605,267.93912,448.31393,-209.37991,236.03111,433.85968,-51.581398,242.09511,444.9582,-219.52405,257.13275,466.38977,-86.66825,258.11447,478.01566,-262.84613
image_84.jpg,536.3086,292.29382,234.71754,539.14197,285.12677,238.20956,538.10864,283.6724,238.22157,536.98474,282.12802,238.22548,541.6317,286.5417,214.21228,542.3771,286.21405,214.18661,543.0921,285.8616,214.10216,530.0375,276.58423,245.46078,539.61316,283.2897,136.19109,527.685,291.59113,240.00359,531.97015,293.3896,207.85785,483.17358,270.3027,262.6835,528.5829,288.54495,39.04652,466.32733,322.0667,311.50906,533.0091,333.5155,-1.990729,466.93872,363.5049,345.1622,544.4784,360.83865,50.536713,472.09857,367.6088,356.3407,556.40015,369.2732,43.785534,477.28864,366.4811,342.6274,551.21594,363.52325,56.009335,476.77924,366.42215,339.1175,546.81036,361.1748,57.532104,399.02863,322.80176,67.338135,424.2363,344.80768,-67.43191,336.66364,380.8259,27.763294,357.80157,408.93054,-90.62561,245.87608,430.92,-42.80026,272.1217,455.9674,-158.73892,236.8254,433.20984,-53.25474,253.31683,452.84158,-166.97394,254.71732,448.92236,-89.3295,272.44928,471.6396,-209.07118
image_85.jpg,520.4806,277.32956,347.81256,522.19055,271.86288,348.20288,520.38434,269.85284,348.25354,518.474,267.80853,348.29556,526.8239,275.77325,330.80707,528.24176,276.50626,330.7643,529.615,277.15305,330.63,512.9649,264.81744,329.21094,528.0406,278.07175,250.31725,511.77118,276.13934,341.83282,518.2612,281.1427,318.64493,473.87048,263.8189,323.401,522.5917,290.05792,133.76794,464.1844,323.5354,342.20584,533.6407,337.16907,138.06429,466.52576,358.9205,353.53137,542.15326,364.88016,257.85214,469.4246,361.5645,357.6814,546.902,371.04617,266.78958,475.76553,362.5157,353.7424,543.89,365.35522,274.8359,475.59384,360.83112,349.85318,541.4315,364.8619,265.18552,399.11594,326.17062,61.947384,428.30737,348.943,-62.168613,332.04865,383.26132,16.24907,359.74014,413.8667,-118.04145,238.14029,438.39706,-81.334114,271.7358,457.82684,-209.43497,227.60886,441.5584,-96.89502,253.27614,449.40494,-219.49786,237.0441,458.99963,-139.67297,249.70264,484.71164,-260.36145
image_86.jpg,511.25916,274.10272,381.9888,512.32837,268.95593,382.22253,510.76523,267.26083,382.27106,509.1391,265.46317,382.29468,516.78894,272.54816,368.06305,518.3664,273.33292,368.03876,519.96136,274.05768,367.88458,503.85016,262.75708,356.98502,519.6558,276.3076,293.30948,503.98392,274.34445,372.83264,509.30057,278.09125,354.1475,470.54608,262.21802,353.18427,518.85754,289.4781,163.44948,453.16992,310.57376,386.4109,527.48047,337.112,165.51245,460.74814,337.75967,420.6421,538.58777,368.93878,262.70627,460.89056,341.48376,430.2151,544.13965,375.63727,268.41895,467.03156,350.28174,426.42316,542.2308,371.5483,275.6886,466.41364,348.65588,418.73367,538.6454,368.60178,269.7683,403.93796,324.34998,63.65208,430.55554,349.1851,-63.907475,335.4028,379.90244,16.779806,366.1541,416.27637,-115.87658,254.29245,435.45627,-97.21013,285.0153,454.72333,-224.72156,239.53497,443.10425,-116.169495,264.92236,449.18134,-237.64412,247.60934,461.9629,-158.81862,265.69116,476.00006,-278.06482
image_87.jpg,509.8667,275.52176,324.4069,510.44113,270.26678,324.5018,508.63144,268.8129,324.52084,506.69223,267.12177,324.54196,515.11786,272.96036,313.74783,516.6275,273.50693,313.72372,518.18634,274.02066,313.54486,500.97275,263.554,301.84546,517.1196,274.5235,253.01575,502.90454,275.86694,315.72156,508.32867,278.32666,301.3136,467.53076,261.12808,286.66855,516.10785,283.016,142.13916,464.7572,315.54953,299.7431,526.83466,331.07336,145.8809,472.18723,351.84106,303.76886,538.65106,361.73157,221.20613,476.01678,353.20425,306.10904,544.1767,366.54535,224.83221,486.19736,352.87613,299.18552,540.5282,361.3317,226.1211,485.7459,351.80255,299.83008,537.3899,359.19183,224.79973,398.63663,323.67203,49.765076,426.6859,344.02148,-50.01047,334.88348,383.51056,18.21042,361.50018,407.73618,-112.603546,263.29526,435.8168,-74.117035,275.07632,451.18594,-203.92831,248.53233,439.8551,-89.06731,259.89224,448.93466,-213.34271,247.89919,463.56818,-127.36754,252.985,468.60632,-253.39337
image_88.jpg,473.00934,97.049774,136.51378,479.2887,88.30978,117.81958,480.3114,88.458595,117.77297,481.43204,88.59594,117.76771,479.507,88.21956,143.22302,480.64362,88.2869,143.22452,481.99005,88.30596,143.0611,488.99625,95.17709,52.723488,490.8883,94.648544,167.26526,475.93878,107.18718,115.282364,475.50693,107.74392,148.64491,487.65417,134.37038,-20.38766,498.92456,145.5871,175.62726,476.76227,202.10829,-164.39171,501.4124,244.33943,169.02284,474.96387,232.40976,-299.10223,487.96027,301.23306,151.83199,478.326,237.26956,-320.1486,491.057,314.7875,157.43298,482.92545,235.33978,-309.98416,482.95895,311.67206,147.94728,481.8906,236.20755,-297.99933,479.78305,307.3215,145.70645,463.43198,276.3479,-40.29455,475.531,291.48657,40.14569,362.87543,377.59457,-62.03972,377.04666,376.22778,-35.30799,279.79883,443.1149,-60.38613,281.2157,445.57227,-44.155575,278.54245,451.62936,-61.211277,268.13037,457.1213,-46.44102,252.46858,468.00818,-117.54731,252.82341,468.5415,-109.4415
image_89.jpg,470.1679,95.36177,170.52155,473.71497,87.26243,151.52068,473.98553,87.29938,151.50468,474.2475,87.385185,151.51399,474.43817,87.57277,159.81696,475.1007,87.78351,159.80138,475.78723,88.04482,159.62924,479.62616,92.3942,78.669846,481.36322,93.66515,116.14555,471.26575,102.592064,147.73987,471.9302,103.394554,158.82079,467.6352,139.4252,41.606194,491.37115,145.67145,78.13815,446.86523,223.9957,-25.900896,504.79254,238.69708,60.361637,445.84808,273.75153,-72.227234,491.34933,296.71014,53.338776,448.98727,284.14697,-80.89554,492.44174,310.5549,50.780235,451.55322,283.5134,-79.72908,487.64752,308.305,50.8597,452.1029,280.51337,-74.07082,484.76364,303.567,51.213306,434.2953,285.871,1.6253371,462.34192,295.50613,-1.9284314,346.54883,375.8912,-46.324272,409.10754,369.41226,-69.48815,249.03122,426.70663,-65.70273,322.834,469.77994,-86.48984,241.77245,437.6286,-70.2302,324.99173,463.72842,-90.26035,232.8476,461.17407,-141.18333,320.92413,483.61667,-157.1966
image_9.jpg,267.24814,329.26587,-242.39249,262.82825,318.5009,-248.5155,264.6327,315.55566,-248.52837,267.01187,312.1056,-248.58041,259.34006,323.46457,-232.19133,258.59103,324.16022,-232.25447,257.84238,324.81128,-232.27441,279.7038,302.25388,-235.74983,265.70563,315.99036,-162.54523,280.8559,327.70465,-233.25072,276.18378,333.5735,-212.26486,335.95218,322.73578,-242.3728,297.22913,318.5366,-73.29596,369.89914,397.086,-272.4982,289.52408,366.55154,9.43051,351.05545,471.34976,-305.70428,272.6171,419.80835,-1.4507322,339.45013,481.62936,-340.42792,259.3917,427.38184,-11.302987,331.13586,476.58582,-337.49667,261.01016,429.68726,-36.74209,334.7387,473.46323,-306.13947,267.3903,427.86356,-13.427032,433.53052,353.20718,-53.040405,418.04245,352.3737,52.733875,507.85037,363.42175,64.64916,492.05563,365.02274,171.66602,576.3204,360.71005,184.57233,548.87445,352.51395,304.05118,586.61224,355.1663,194.65256,562.49493,344.0763,317.5555,586.98846,386.59464,141.95445,568.14734,371.32986,293.90994
image_90.jpg,528.69305,277.40033,267.52142,529.6987,273.86072,275.51566,528.57715,273.36743,275.5179,527.4212,272.78043,275.51044,532.3329,274.44125,258.6856,533.1416,274.4459,258.64993,534.049,274.48676,258.49155,520.39136,270.2116,283.2395,530.9831,274.60672,206.33954,522.23315,278.757,269.6336,525.7598,279.2625,247.07086,477.20123,271.84326,281.86798,521.20667,278.27768,105.57812,465.92026,326.41492,296.16635,526.6297,326.46555,79.07555,465.59174,365.43066,296.5753,545.1575,357.4055,127.584236,472.06787,368.064,300.2348,550.2262,367.01846,130.71265,479.27893,369.30505,293.21765,546.81165,361.21417,136.48846,477.22122,367.40924,292.33264,544.8096,359.595,132.99261,406.1759,320.5006,58.09557,428.67184,335.59784,-58.368393,339.3956,382.13495,22.216244,376.2241,411.58502,-122.63075,248.92856,433.6061,-109.240685,293.77194,463.74548,-252.27876,232.73918,436.6999,-127.70706,276.51202,458.5813,-263.86526,240.71729,467.44183,-167.10036,258.61823,497.59305,-301.0858
image_91.jpg,540.2516,286.95557,234.17937,542.5488,280.43643,238.47827,541.5867,278.81952,238.48132,540.59033,277.09473,238.48753,545.06903,282.3887,218.41052,545.8658,282.32104,218.40619,546.6732,282.27155,218.28874,534.4103,272.4541,240.2616,543.44727,280.61218,148.63461,533.3174,285.9291,236.10939,536.84784,288.7316,209.22508,486.93323,264.9794,253.87459,531.7644,288.72906,50.96973,462.1629,314.48846,284.4671,534.29376,334.81714,77.92254,466.3527,361.8926,292.26413,541.7876,362.1304,220.75522,472.2145,367.32336,300.30463,543.27203,372.34305,235.4706,474.90637,368.10068,289.24747,542.83167,367.98804,240.02213,473.39536,366.6494,286.83405,540.04224,364.50504,228.1395,409.3263,316.04276,65.74355,433.80234,341.62137,-65.94357,344.98438,381.74133,31.482338,371.2175,415.88763,-91.80046,254.41144,425.77066,-77.56127,286.7674,457.36658,-193.97934,239.69331,429.8863,-92.93456,270.49606,454.82495,-202.57875,248.08746,456.653,-118.88962,266.766,469.00073,-221.8679
image_92.jpg,546.3757,298.59653,142.97495,549.5024,290.80682,147.84906,549.006,289.56082,147.79967,548.4985,288.1885,147.75542,550.9637,291.4175,128.15663,551.44006,290.68674,128.17813,551.8989,289.88904,128.14,543.13525,280.80936,165.96616,548.3105,284.62457,76.26772,539.84155,298.14963,151.96338,542.02185,299.31274,125.72883,497.23315,274.3858,183.73122,535.03796,288.0466,9.691551,483.06854,322.1881,225.7799,538.73706,332.51105,-14.9053335,473.10535,358.1755,248.65297,546.775,351.42914,43.88702,478.48175,362.87817,257.84042,553.9043,359.6151,43.47666,479.11902,363.51675,243.55621,550.06836,354.8281,51.09148,479.06702,362.17538,243.25941,546.50995,350.5342,49.456055,406.43814,323.9495,60.21728,430.08755,346.65903,-60.31944,338.66113,381.48676,22.103352,362.92877,414.67667,-87.17136,257.2421,435.01416,-46.287704,271.3634,455.90918,-167.50731,231.77313,435.602,-56.457664,245.61339,447.2421,-174.42055,250.28873,460.843,-86.7565,250.29097,491.05566,-200.70337
image_93.jpg,555.02386,308.65543,136.8641,558.2037,301.33615,144.91364,557.69556,299.7704,144.88438,557.22974,298.05087,144.86356,559.8979,302.4332,120.28874,560.49506,301.7482,120.28103,561.0871,300.92923,120.22923,551.5924,288.80136,176.0889,556.847,293.27863,63.952976,547.8449,306.43958,151.0797,550.2451,307.90686,118.2394,504.52576,275.52423,211.87659,542.16174,294.42145,-13.443714,482.9983,323.21072,269.79343,540.90564,333.6638,-72.63881,472.34708,360.87256,305.7688,551.0785,363.4472,-58.424942,476.39362,367.43793,323.31653,557.3392,369.38806,-67.84978,477.148,367.95166,304.2188,556.43427,365.78348,-50.884506,476.9558,365.98547,299.0049,552.4239,365.05185,-50.27858,407.5084,325.64273,72.288536,428.88416,347.17624,-72.40965,337.623,384.96814,65.00794,354.3846,412.11456,-80.68543,252.6578,427.05576,41.624504,265.846,455.10873,-131.92992,233.863,427.82663,36.70469,238.65573,458.75073,-137.10768,258.60883,460.81628,4.638601,259.40704,491.4297,-177.92078
image_94.jpg,559.36084,312.9192,117.16552,564.29565,306.99243,126.49124,564.0067,306.10242,126.45833,563.7113,305.07623,126.42915,564.8242,306.42163,102.199585,564.8394,305.16528,102.20885,564.8159,303.7114,102.19281,558.2039,295.57407,162.92421,559.9348,294.92145,52.868088,551.5127,312.2265,133.12985,552.28723,311.44556,100.84627,513.3938,286.61514,203.34908,538.5812,292.99432,-16.265312,488.93048,337.852,269.99155,544.51685,338.14294,-61.494217,467.6283,364.66003,299.82495,564.3627,368.46747,-25.860159,472.63318,367.87387,314.4762,574.2202,371.98132,-35.815872,474.97687,368.50464,295.32565,566.33606,366.20212,-22.300356,473.23077,366.76804,292.89648,567.28284,365.6064,-18.875124,413.34628,329.39612,69.19954,427.3734,344.51486,-69.21974,342.19427,382.99918,38.942802,351.72458,401.69928,-85.268234,262.2528,429.0683,10.339006,270.80917,449.66534,-143.79602,242.96852,430.97287,5.108735,247.88483,449.53207,-150.058,264.38107,456.5708,-30.773375,268.998,486.99252,-189.53088
image_95.jpg,559.96893,309.12787,106.145905,565.85394,305.04938,116.099434,565.856,304.8687,116.055984,565.83386,304.71445,116.02914,565.9838,303.13797,92.02121,565.9301,301.31952,92.0156,565.7724,299.31387,92.008606,561.56793,296.70642,159.06749,561.1605,290.01007,49.51596,552.0249,308.92633,124.56406,552.06946,306.55066,92.397446,514.011,288.35803,201.74033,536.50793,289.15298,-13.613747,491.00702,339.05396,284.41553,537.56726,324.14978,-77.55642,474.27283,364.53403,332.24384,552.16797,353.9768,-67.62785,476.99597,367.9564,349.352,566.5618,366.25705,-78.277954,478.46564,368.30798,331.0492,564.47046,361.4454,-64.88721,477.57416,366.60593,326.36737,559.9255,361.45535,-61.02146,413.1239,329.95786,66.49071,426.24872,342.971,-66.526535,340.4068,383.05212,36.88843,360.29602,404.06577,-92.06639,258.01843,428.69675,7.073252,268.09393,449.93338,-157.00006,240.03221,431.2424,1.7422657,250.48923,447.45255,-164.15672,263.89398,458.73895,-34.758774,266.6134,489.0489,-204.70508
image_96.jpg,559.21094,308.52985,107.50683,565.77673,304.94934,122.23927,565.8918,305.04834,122.19641,566.0167,305.1656,122.19246,565.62585,302.24335,99.30005,565.46375,300.10455,99.27978,565.26605,297.73654,99.24683,562.3186,298.6242,181.31873,560.7337,288.2965,76.43175,551.47723,309.01028,130.62971,550.65845,305.74625,99.84893,518.27295,298.38525,228.12726,533.1046,284.3745,3.192004,485.05905,335.18164,278.17142,528.4126,313.23013,-112.289276,471.0973,361.87152,272.6152,541.03406,354.93655,-168.9552,468.85648,368.12262,279.68112,543.7809,366.4861,-186.24956,473.58685,368.12396,262.84967,545.67456,364.9223,-169.01788,473.00677,367.0114,265.4565,539.2194,366.27124,-161.7299,416.82904,334.62964,71.02767,425.23718,340.28366,-71.04231,342.4696,388.54135,26.042934,362.57175,404.05716,-97.11719,259.0515,423.70813,-20.381344,269.54617,449.77307,-165.56703,238.31454,427.07086,-29.43629,251.24452,445.7458,-173.76978,257.99036,461.5057,-77.87796,265.82278,488.2739,-223.8192
image_97.jpg,557.0489,310.74573,72.88841,563.3726,306.71112,81.50044,563.36847,306.2926,81.471985,563.3831,305.83374,81.465256,563.7961,305.22995,56.41017,564.009,303.72507,56.401196,564.1611,301.9304,56.408863,559.63873,296.44037,124.29337,560.0156,292.01608,10.495133,548.7263,309.58447,91.71493,548.8659,308.2195,58.389725,508.3557,282.99432,178.88654,536.572,295.90536,-56.56041,486.34082,332.13644,251.41843,536.5028,344.44177,-104.714005,473.3742,363.13922,291.15152,549.2172,368.4351,-58.541122,474.25565,366.26596,306.7192,551.6303,370.56287,-66.22895,474.79663,366.4181,288.9084,551.4513,368.17242,-52.755013,478.6679,364.24603,284.25757,549.028,369.1924,-51.231647,408.201,332.4292,72.46675,422.03458,349.0104,-72.493164,337.5713,387.68298,47.60876,351.85565,407.16623,-64.62637,255.26111,425.5511,38.366116,263.89825,447.6842,-90.53171,235.67749,426.84015,35.391666,240.81602,444.23346,-93.53593,255.65005,460.0519,-2.0239563,262.76282,484.5095,-132.25467
image_98.jpg,558.15515,308.85175,90.46437,563.9804,304.69507,101.0598,563.90814,304.35507,101.021286,563.8403,303.9831,101.003525,564.1415,303.2107,77.17857,564.0824,301.65686,77.17765,563.9839,299.88644,77.19288,558.92645,294.7618,149.41629,559.4709,290.67773,40.42019,550.0348,308.1128,110.83725,550.3101,306.39832,78.82541,511.23566,288.82483,197.64023,536.3817,290.31915,-23.902962,487.6361,325.71307,271.0854,533.43695,326.59085,-107.659485,479.35394,364.81055,307.88022,546.09705,360.72684,-128.69519,477.6395,369.01514,323.10107,549.3229,365.70654,-143.93848,482.37408,369.5248,303.5983,549.2672,363.50037,-127.27009,481.9336,367.56613,301.0944,545.9567,362.05243,-121.54453,411.95248,330.3081,66.23218,424.86572,341.81638,-66.25388,340.18216,390.03363,24.722729,355.62833,405.92303,-73.07745,259.75433,429.06866,-2.9283247,267.80362,449.6779,-114.4653,236.56929,431.71274,-8.262588,247.18254,447.79306,-118.98983,259.82196,465.09607,-50.957928,265.78372,486.39844,-158.8801
image_99.jpg,556.5139,307.53766,89.97466,563.2484,304.37823,102.11578,563.2087,304.4357,102.06925,563.1433,304.45718,102.057495,563.21344,301.88846,78.581635,563.0376,299.9732,78.56523,562.75824,297.74597,78.572,558.3924,296.6464,153.34138,557.987,287.9323,46.41231,547.9422,307.12238,110.865005,547.74304,304.45746,79.65157,508.2215,289.3192,196.53181,535.0837,293.16,-17.360758,485.6861,340.81235,246.77054,528.3334,335.26944,-97.935326,470.60052,369.1441,249.46313,543.1894,346.85004,-102.4031,468.60593,372.40607,257.70413,545.30566,355.00394,-113.41893,473.99786,370.76025,242.03185,543.47327,351.00745,-101.34377,473.2639,369.5585,242.97598,540.3672,351.3533,-96.57058,410.80365,331.91367,67.30585,423.9618,347.35428,-67.36459,342.91074,388.31924,45.138515,358.80072,409.77155,-82.319565,262.10208,426.9607,18.799637,271.9801,454.03723,-130.37122,237.62474,426.842,12.998949,242.96324,448.3016,-136.28307,261.5963,462.78717,-24.108332,261.7839,484.5788,-178.8501
